player_id,player_name,team_id,position
1,Aaron Hickey,38,DF
2,Aaron Tshibola,11,MF
3,Aaron Wan Bissaka,11,DF
4,Abbosbek Fayzullaev,48,MF
5,Abdallah Alfakhori,26,GK
6,Abdallah Nasib,26,DF
7,Abdoulaye Seck,39,DF
8,Abdukodir Khusanov,48,DF
9,Abdul Fatawu,21,FW
10,Abdul Mumin,21,DF
11,Abdulaziz Hatem,36,MF
12,Abdulelah Alamri,37,DF
13,Abdulkerim Bardakci,45,DF
14,Abdulla Abdullaev,48,DF
15,Abdullah Alhamddan,37,FW
16,Abdullah Alkhaibari,37,MF
17,Abduvohid Nematov,48,GK
18,Achraf Hakimi,29,DF
19,Achref Abada,1,DF
20,Adalberto Carrasquilla,33,MF
21,Adam Arous,44,DF
22,Adam Hlozek,15,FW
23,Adil Boulbina,1,FW
24,Adrien Rabiot,19,MF
25,Agustin Canobbio,47,MF
26,Ahmed Alaaeldin,36,FW
27,Ahmed Alganehi,36,MF
28,Ahmed Alkassar,37,GK
29,Ahmed Basil,23,GK
30,Ahmed Fathy,36,MF
31,Ahmed Fatouh,17,DF
32,Ahmed Maknazi,23,DF
33,Ahmed Qasem,23,FW
34,Ahmed Reda Tagnaouti,29,GK
35,Aiden Oneill,3,MF
36,Aiman Yahya,37,FW
37,Aimar Sher,23,MF
38,Aissa Mandi,1,DF
39,Ajdin Hrustic,3,FW
40,Akam Hashim,23,DF
41,Akmal Mozgovoy,48,MF
42,Akram Afif,36,FW
43,Ala Alhajji,37,MF
44,Alan Franco,16,MF
45,Alan Minda,16,MF
46,Alban Lafont,12,GK
47,Alberto Quintero,33,MF
48,Alejandro Romero Gamarra,34,FW
49,Aleksandar Pavlovic,20,MF
50,Alessandro Circati,3,DF
51,Alessandro Schoepf,4,MF
52,Alex Arce,34,FW
53,Alex Baena,41,MF
54,Alex Freeman,46,DF
55,Alex Grimaldo,41,DF
56,Alex Paulsen,31,GK
57,Alex Rufer,31,MF
58,Alex Sandro,7,DF
59,Alex Zendejas,46,FW
60,Alexander Bernhardsson,42,DF
61,Alexander Isak,42,FW
62,Alexander Nuebel,20,GK
63,Alexander Prass,4,MF
64,Alexander Schlager,4,GK
65,Alexander Sorloth,32,FW
66,Alexandr Sojka,15,MF
67,Alexandre Pierre,22,GK
68,Alexandro Maidana,34,DF
69,Alexis Mac Allister,2,MF
70,Alexis Saelemaekers,5,MF
71,Alexis Vega,28,FW
72,Alfie Jones,9,DF
73,Alhashmi Alhussein,36,DF
74,Ali Abdi,44,DF
75,Ali Ahmed,9,FW
76,Ali Alhamadi,23,FW
77,Ali Alipour,24,FW
78,Ali Azaizeh,26,FW
79,Ali Jasim,23,FW
80,Ali Lajami,37,DF
81,Ali Majrashi,37,DF
82,Ali Nemati,24,DF
83,Ali Olwan,26,FW
84,Ali Yousif,23,FW
85,Alidu Seidu,21,DF
86,Alireza Beiranvand,24,GK
87,Alireza Jahanbakhsh,24,MF
88,Alisson,7,GK
89,Alistair Johnston,9,DF
90,Almoez Ali,36,FW
91,Alphonso Davies,9,DF
92,Altay Bayindir,45,GK
93,Alvaro Fidalgo,28,MF
94,Alvaro Montero,10,GK
95,Amad Diallo,12,FW
96,Amadou Onana,5,MF
97,Amar Dedic,6,DF
98,Amar Memic,6,MF
99,Amer Jamous,26,MF
100,Amine Gouiri,1,FW
101,Amir Alammari,23,MF
102,Amir Hadziahmetovic,6,MF
103,Amir Murillo,33,DF
104,Amirhossein Hosseinzadeh,24,FW
105,Amirmohammad Razaghinia,24,MF
106,Anas Badawi,26,DF
107,Anass Salah Eddine,29,DF
108,Andreas Schjelderup,32,MF
109,Andrej Kramaric,13,FW
110,Andres Andrade,33,DF
111,Andres Cubas,34,MF
112,Andres Gomez,10,FW
113,Andy Robertson,38,DF
114,Ange Yoan Bonny,12,FW
115,Angelo Preciado,16,DF
116,Angelo Stiller,20,MF
117,Angus Gunn,38,GK
118,Anibal Godoy,33,MF
119,Anis Hadj Moussa,1,FW
120,Anis Slimane,44,MF
121,Ante Budimir,13,FW
122,Anthony Elanga,42,FW
123,Anthony Gordon,18,FW
124,Anthony Ralston,38,DF
125,Anthony Valencia,16,MF
126,Antoine Mendy,39,DF
127,Antoine Semenyo,21,MF
128,Antonee Robinson,46,DF
129,Antonio Nusa,32,FW
130,Antonio Ruediger,20,DF
131,Antonio Sanabria,34,FW
132,Ao Tanaka,25,MF
133,Arda Guler,45,FW
134,Ardon Jashari,43,MF
135,Arjany Martha,14,MF
136,Armando Gonzalez,28,FW
137,Armando Obispo,14,DF
138,Armin Gigovic,6,MF
139,Arthur Masuaku,11,DF
140,Arthur Theate,5,DF
141,Arya Yousefi,24,DF
142,Assan Ouedraogo,20,MF
143,Assane Diao,39,FW
144,Assim Madibo,36,MF
145,Aubrey Modiba,40,DF
146,Augustine Boakye,21,MF
147,Aurele Amenda,43,DF
148,Aurelien Tchouameni,19,MF
149,Auston Trusty,46,DF
150,Avazbek Ulmasaliyev,48,DF
151,Awer Mabil,3,FW
152,Axel Tuanzebe,11,DF
153,Axel Witsel,5,MF
154,Ayase Ueda,25,FW
155,Aymen Dahmen,44,GK
156,Aymen Hussein,23,FW
157,Aymeric Laporte,41,DF
158,Ayoub Aloui,36,DF
159,Ayoub El Kaabi,29,FW
160,Ayoube Amaimouni,29,FW
161,Ayumu Seko,25,DF
162,Ayyoub Bouaddi,29,MF
163,Azarias Londono,33,FW
164,Aziz Behich,3,DF
165,Azizbek Amonov,48,FW
166,Azizjon Ganiev,48,MF
167,Azzedine Ounahi,29,MF
168,Baba Rahman,21,DF
169,Bae Junho,27,MF
170,Bamba Dieng,39,FW
171,Bara Sapoko Ndiaye,39,MF
172,Baris Alper Yilmaz,45,FW
173,Bart Verbruggen,30,GK
174,Bazoumana Toure,12,FW
175,Behruzjon Karimov,48,DF
176,Ben Gannon Doak,38,FW
177,Ben Old,31,MF
178,Ben Waine,31,FW
179,Benjamin Asare,21,GK
180,Benjamin Nygren,42,MF
181,Benjamin Tahirovic,6,MF
182,Bernardo Silva,35,MF
183,Besfort Zeneli,42,MF
184,Bilal El Khannouss,29,MF
185,Borja Iglesias,41,FW
186,Botirali Ergashev,48,GK
187,Boualem Khoukhi,36,DF
188,Bradley Barcola,19,FW
189,Bradley Cross,40,DF
190,Brahim Diaz,29,FW
191,Braian Ojeda,34,MF
192,Brandley Kuwas,14,FW
193,Brandon Mechele,5,DF
194,Brandon Thomas Asante,21,FW
195,Breel Embolo,43,FW
196,Bremer,7,DF
197,Brenden Aaronson,46,FW
198,Brian Brobbey,30,FW
199,Brian Cipenga,11,FW
200,Brian Gutierrez,28,MF
201,Brian Rodriguez,47,FW
202,Brice Samba,19,GK
203,Bruno Fernandes,35,MF
204,Bruno Guimaraes,7,MF
205,Bukayo Saka,18,FW
206,Caglar Soyuncu,45,DF
207,Caleb Yirenkyi,21,MF
208,Callan Elliot,31,DF
209,Callum Mccowatt,31,MF
210,Cameron Burgess,3,DF
211,Cameron Devlin,3,MF
212,Camilo Vargas,10,GK
213,Can Uzun,45,FW
214,Carl Sainte,22,MF
215,Carl Starfelt,42,DF
216,Carlens Arcus,22,DF
217,Carlos Acevedo,28,GK
218,Carlos Harvey,33,DF
219,Carney Chukwuemeka,4,MF
220,Casemiro,7,MF
221,Castrop Jens,27,DF
222,Cecilio Waterman,33,FW
223,Cedric Bakambu,11,FW
224,Cedric Itten,43,FW
225,Cesar Blackman,33,DF
226,Cesar Huerta,28,FW
227,Cesar Montes,28,DF
228,Cesar Samudio,33,GK
229,Cesar Yanis,33,MF
230,Chadi Riad,29,DF
231,Chancel Mbemba,11,DF
232,Charles De Ketelaere,5,FW
233,Charles Pickel,11,MF
234,Che Adams,38,FW
235,Chemsdine Talbi,29,MF
236,Cherif Ndiaye,39,FW
237,Cho Guesung,27,FW
238,Cho Wije,27,DF
239,Chris Brady,46,GK
240,Chris Richards,46,DF
241,Chris Wood,31,FW
242,Christ Inao Oulai,12,MF
243,Christian Fassnacht,43,FW
244,Christian Pulisic,46,FW
245,Christopher Bonsu Baah,21,FW
246,Christopher Operi,12,DF
247,Cj Dos Santos,8,GK
248,Cody Gakpo,30,FW
249,Connor Metcalfe,3,MF
250,Craig Gordon,38,GK
251,Cristian Martinez,33,MF
252,Cristian Roldan,46,MF
253,Cristian Romero,2,DF
254,Cristian Volpato,3,FW
255,Cristiano Ronaldo,35,FW
256,Crysencio Summerville,30,FW
257,Cucho Hernandez,10,FW
258,Cyle Larin,9,FW
259,Daichi Kamada,25,MF
260,Dailon Livramento,8,FW
261,Daizen Maeda,25,MF
262,Damian Bobadilla,34,MF
263,Dan Burn,18,DF
264,Dan Ndoye,43,FW
265,Dani Olmo,41,FW
266,Danial Iri,24,DF
267,Daniel Munoz,10,DF
268,Daniel Svensson,42,DF
269,Danilo,7,DF
270,Danilo Santos,7,MF
271,Danley Jean Jacques,22,MF
272,Darwin Nunez,47,FW
273,David Affengruber,4,DF
274,David Alaba,4,DF
275,David Doudera,15,DF
276,David Jurasek,15,DF
277,David Moller Wolfe,32,DF
278,David Ospina,10,GK
279,David Raum,20,DF
280,David Raya,41,GK
281,David Zima,15,DF
282,Davinson Sanchez,10,DF
283,Dayne St Clair,9,GK
284,Dayot Upamecano,19,DF
285,Dean Henderson,18,GK
286,Declan Rice,18,MF
287,Deiver Machado,10,DF
288,Dejan Ljubicic,4,MF
289,Denil Castillo,16,MF
290,Denis Visinsky,15,FW
291,Denis Zakaria,43,MF
292,Deniz Gul,45,FW
293,Deniz Undav,20,FW
294,Dennis Dargahi,24,FW
295,Dennis Hadzikadunic,6,DF
296,Denzel Dumfries,30,DF
297,Derek Cornelius,9,DF
298,Deroy Duarte,8,MF
299,Derrick Etienne,22,FW
300,Derrick Luckassen,21,DF
301,Desire Doue,19,FW
302,Deveron Fonville,14,DF
303,Diego Gomez,34,MF
304,Diego Moreira,5,MF
305,Diney Borges,8,DF
306,Diogo Costa,35,GK
307,Diogo Dalot,35,DF
308,Djed Spence,18,DF
309,Djibril Sow,43,MF
310,Dodi Lukebakio,5,FW
311,Dominic Hyam,38,DF
312,Dominik Kotarski,13,GK
313,Dominik Livakovic,13,GK
314,Dominique Simon,22,MF
315,Donyell Malen,30,FW
316,Dostonbek Khamdamov,48,MF
317,Douglas Santos,7,DF
318,Duckens Nazon,22,FW
319,Duje Caleta Car,13,DF
320,Dylan Batubinsika,11,DF
321,Dylan Bronn,44,DF
322,Dzenis Burnic,6,MF
323,Eberechi Eze,18,MF
324,Ederson,7,GK
325,Ederson Silva,7,MF
326,Edgar Yoel Barcenas,33,MF
327,Edgardo Farina,33,DF
328,Edin Dzeko,6,FW
329,Edmilson Junior,36,FW
330,Edo Kayembe,11,MF
331,Edouard Mendy,39,GK
332,Edson Alvarez,28,DF
333,Egil Selvik,32,GK
334,Ehsan Haddad,26,DF
335,Ehsan Hajisafi,24,DF
336,El Hadji Malick Diouf,39,DF
337,Eldor Shomurodov,48,FW
338,Elias Achouri,44,FW
339,Elias Saad,44,FW
340,Elijah Just,31,MF
341,Elisha Owusu,21,MF
342,Elliot Anderson,18,MF
343,Elliot Stroud,42,DF
344,Ellyes Skhiri,44,MF
345,Eloy Room,14,GK
346,Elye Wahi,12,FW
347,Emam Ashour,17,MF
348,Emiliano Martinez,2,GK
349,Emiliano Martinez,47,MF
350,Emmanuel Agbadou,12,DF
351,Endrick,7,FW
352,Enner Valencia,16,FW
353,Enzo Fernandez,2,MF
354,Eom Jisung,27,MF
355,Eray Coemert,43,DF
356,Eren Elmali,45,DF
357,Eric Davis,33,DF
358,Eric Garcia,41,DF
359,Eric Smith,42,DF
360,Erik Lira,28,MF
361,Erling Haaland,32,FW
362,Ermedin Demirovic,6,FW
363,Ermin Mahmic,6,MF
364,Ernest Nuamah,21,FW
365,Esmir Bajraktarevic,6,FW
366,Evan Ndicka,12,DF
367,Evann Guessand,12,FW
368,Evidence Makgopa,40,FW
369,Exequiel Palacios,2,MF
370,Ezri Konsa,18,DF
371,Fabian Balbuena,34,DF
372,Fabian Rieder,43,MF
373,Fabian Ruiz,41,MF
374,Fabinho,7,MF
375,Facundo Medina,2,DF
376,Facundo Pellistri,47,FW
377,Fahad Talib,23,GK
378,Fares Chaibi,1,MF
379,Fares Ghedjemis,1,FW
380,Farrukh Sayfiev,48,DF
381,Federico Valverde,47,MF
382,Federico Vinas,47,FW
383,Felix Nmecha,20,MF
384,Felix Torres,16,DF
385,Feras Albrikan,37,FW
386,Ferdi Kadioglu,45,DF
387,Fernando Muslera,47,GK
388,Ferran Torres,41,FW
389,Fidel Escobar,33,DF
390,Findlay Curtis,38,FW
391,Finn Surman,31,DF
392,Firas Chaouat,44,FW
393,Fiston Mayele,11,FW
394,Florian Grillitsch,4,MF
395,Florian Wiegele,4,GK
396,Florian Wirtz,20,MF
397,Folarin Balogun,46,FW
398,Francis De Vries,31,DF
399,Francisco Conceicao,35,FW
400,Francisco Trincao,35,FW
401,Franck Kessie,12,MF
402,Frans Putros,23,DF
403,Frantzdy Pierrot,22,FW
404,Fredrik Andre Bjorkan,32,DF
405,Fredrik Aursnes,32,MF
406,Frenkie De Jong,30,MF
407,Gabriel Avalos,34,FW
408,Gabriel Gudmundsson,42,DF
409,Gabriel Magalhaes,7,DF
410,Gabriel Martinelli,7,FW
411,Gael Kakuta,11,FW
412,Garry Rodrigues,8,MF
413,Garven Metusala,22,DF
414,Gaston Olveira,34,GK
415,Gatito Fernandez,34,GK
416,Gavi,41,MF
417,Gedeon Kalulu,11,DF
418,George Hirst,38,FW
419,Geronimo Rulli,2,GK
420,Gervane Kastaneer,14,FW
421,Gessime Yassine,29,MF
422,Ghislain Konan,12,DF
423,Gideon Mensah,21,DF
424,Gilberto Mora,28,MF
425,Gilson Benchimol,8,FW
426,Giorgian De Arrascaeta,47,MF
427,Giovani Lo Celso,2,MF
428,Giovanni Reyna,46,MF
429,Giuliano Simeone,2,FW
430,Godfried Roemeratoe,14,MF
431,Goncalo Guedes,35,FW
432,Goncalo Inacio,35,DF
433,Goncalo Ramos,35,FW
434,Gonzalo Montiel,2,DF
435,Gonzalo Plata,16,FW
436,Gonzalo Valle,16,GK
437,Granit Xhaka,43,MF
438,Grant Hanley,38,DF
439,Gregor Kobel,43,GK
440,Guela Doue,12,DF
441,Guillermo Martinez,28,FW
442,Guillermo Ochoa,28,GK
443,Guillermo Varela,47,DF
444,Gustaf Lagerbielke,42,DF
445,Gustaf Nilsson,42,FW
446,Gustavo Caballero,34,MF
447,Gustavo Gomez,34,DF
448,Gustavo Puerta,10,DF
449,Gustavo Velazquez,34,DF
450,Guus Til,30,MF
451,Habib Diarra,39,MF
452,Haissem Hassan,17,FW
453,Haji Wright,46,FW
454,Hakan Calhanoglu,45,MF
455,Hamdy Fathy,17,MF
456,Hamza Abdelkarim,17,FW
457,Hannes Delcroix,22,DF
458,Hannibal Mejbri,44,MF
459,Hans Vanaken,5,MF
460,Haris Tabakovic,6,FW
461,Harry Kane,18,FW
462,Harry Souttar,3,DF
463,Hassan Alhaydos,36,FW
464,Hassan Altambakti,37,DF
465,Hassan Kadish,37,DF
466,Hazem Mastouri,44,FW
467,Helio Varela,8,MF
468,Henrik Falchener,32,DF
469,Herman Johansson,42,DF
470,Hernan Galindez,16,GK
471,Hicham Boudaoui,1,MF
472,Hiroki Ito,25,DF
473,Hjalmar Ekdal,42,DF
474,Homam Ahmed,36,DF
475,Hossam Abdelmaguid,17,DF
476,Hossein Hosseini,24,GK
477,Hossein Kanani,24,DF
478,Houssem Aouar,1,MF
479,Hugo Sochurek,15,MF
480,Husam Abudahab,26,DF
481,Hussein Ali,23,DF
482,Hwang Heechan,27,MF
483,Hwang Inbeom,27,MF
484,Ibrahim Adel,17,FW
485,Ibrahim Bayesh,23,MF
486,Ibrahim Maza,1,MF
487,Ibrahim Mbaye,39,FW
488,Ibrahim Sadeh,26,MF
489,Ibrahim Sangare,12,MF
490,Ibrahima Konate,19,DF
491,Idrissa Gana Gueye,39,MF
492,Igor Matanovic,13,FW
493,Igor Sergeev,48,FW
494,Igor Thiago,7,FW
495,Iliman Ndiaye,39,FW
496,Ime Okon,40,DF
497,Inaki Williams,21,FW
498,Iqraam Rayners,40,FW
499,Irfan Can Kahveci,45,FW
500,Isak Hien,42,DF
501,Isidro Pitta,34,FW
502,Ismael Diaz,33,MF
503,Ismael Gharbi,44,MF
504,Ismael Kone,9,MF
505,Ismael Saibari,29,MF
506,Ismail Jakobs,39,DF
507,Ismail Yuksek,45,MF
508,Ismaila Sarr,39,FW
509,Israel Reyes,28,DF
510,Issa Diop,29,DF
511,Issa Laye,36,DF
512,Ivan Basic,6,MF
513,Ivan Perisic,13,FW
514,Ivan Sunjic,6,MF
515,Ivan Toney,18,FW
516,Ivor Pandur,13,GK
517,Jack Hendry,38,DF
518,Jackson Irvine,3,MF
519,Jackson Porozo,16,DF
520,Jacob Italiano,3,DF
521,Jacob Shaffelburg,9,MF
522,Jacob Widell Zetterstrom,42,GK
523,Jakhongir Urozov,48,DF
524,Jalal Hassan,23,GK
525,Jamal Musiala,20,MF
526,James Rodriguez,10,MF
527,James Trafford,18,GK
528,Jamie Leweling,20,MF
529,Jaminton Campaz,10,FW
530,Jamiro Monteiro,8,MF
531,Jamshid Iskanderov,48,MF
532,Jan Kuchta,15,FW
533,Jan Paul Van Hecke,30,DF
534,Jaouen Hadjam,1,DF
535,Jarell Quansah,18,DF
536,Jaroslav Zeleny,15,DF
537,Jason Geria,3,DF
538,Jassem Gaber,36,DF
539,Jayden Adams,40,MF
540,Jayden Nelson,9,FW
541,Jean Kevin Duverne,22,DF
542,Jean Michael Seri,12,MF
543,Jean Philippe Mateta,19,FW
544,Jean Ricner Bellegarde,22,MF
545,Jearl Margaritha,14,FW
546,Jefferson Lerma,10,MF
547,Jehad Thikri,37,DF
548,Jens Petter Hauge,32,MF
549,Jeremy Antonisse,14,FW
550,Jeremy Arevalo,16,FW
551,Jeremy Doku,5,FW
552,Jerome Opoku,21,DF
553,Jesper Karlstrom,42,MF
554,Jesse Randall,31,FW
555,Jesus Gallardo,28,DF
556,Jhon Arias,10,MF
557,Jhon Cordoba,10,FW
558,Jhon Lucumi,10,DF
559,Jindrich Stanek,15,GK
560,Jiovany Ramos,33,DF
561,Jo Hyeonwoo,27,GK
562,Joan Garcia,41,GK
563,Joao Cancelo,35,DF
564,Joao Felix,35,FW
565,Joao Neves,35,MF
566,Joao Paulo,8,MF
567,Joaquin Piquerez,47,MF
568,Joaquin Seys,5,DF
569,Joe Bell,31,MF
570,Joe Scally,46,DF
571,Joel Ordonez,16,DF
572,Joel Waterman,9,DF
573,Johan Manzambi,43,MF
574,Johan Mojica,10,DF
575,Johan Vasquez,28,DF
576,John Mcginn,38,MF
577,John Souttar,38,DF
578,John Stones,18,DF
579,John Yeboah,16,FW
580,Johny Placide,22,GK
581,Jonas Adjetey,21,DF
582,Jonathan David,9,FW
583,Jonathan Osorio,9,MF
584,Jonathan Tah,20,DF
585,Jordan Ayew,21,FW
586,Jordan Bos,3,DF
587,Jordan Henderson,18,MF
588,Jordan Pickford,18,GK
589,Jordy Alcivar,16,MF
590,Jordy Caicedo,16,FW
591,Jorge Carrascal,10,MF
592,Jorge Gutierrez,33,DF
593,Jorge Sanchez,28,DF
594,Jorgen Strand Larsen,32,FW
595,Joris Kayembe,11,DF
596,Jorrel Hato,30,DF
597,Jose Canale,34,DF
598,Jose Cordoba,33,DF
599,Jose Fajardo,33,FW
600,Jose Luis Rodriguez,33,MF
601,Jose Manuel Lopez,2,FW
602,Jose Maria Gimenez,47,DF
603,Jose Sa,35,GK
604,Joseph Anang,21,GK
605,Joshua Brenet,14,DF
606,Joshua Kimmich,20,DF
607,Josip Stanisic,13,DF
608,Josip Sutalo,13,DF
609,Josko Gvardiol,13,DF
610,Josue Casimir,22,FW
611,Josue Duverger,22,GK
612,Jovane Cabral,8,MF
613,Jovo Lukic,6,FW
614,Juan Jose Caceres,34,DF
615,Juan Manuel Sanabria,47,MF
616,Juan Musso,2,GK
617,Juan Portilla,10,MF
618,Juan Quintero,10,MF
619,Jude Bellingham,18,MF
620,Juergen Locadia,14,FW
621,Jules Kounde,19,DF
622,Julian Alvarez,2,FW
623,Julian Quinones,28,FW
624,Julian Ryerson,32,FW
625,Julio Enciso,34,FW
626,Juninho Bacuna,14,MF
627,Junior Alonso,34,DF
628,Junnosuke Suzuki,25,DF
629,Junya Ito,25,MF
630,Jurien Gaari,14,DF
631,Justin Kluivert,30,MF
632,Kaan Ayhan,45,MF
633,Kai Havertz,20,FW
634,Kai Trewin,3,DF
635,Kaishu Sano,25,MF
636,Kalidou Koulibaly,39,DF
637,Kamaldeen Sulemana,21,FW
638,Kamogelo Sebelebele,40,FW
639,Karim Boudiaf,36,MF
640,Karim Hafez,17,DF
641,Keeto Thermoncy,22,DF
642,Keisuke Goto,25,FW
643,Keisuke Osako,25,GK
644,Keito Nakamura,25,MF
645,Kelvin Pires,8,DF
646,Ken Sema,42,MF
647,Kenan Yildiz,45,FW
648,Kendry Paez,16,MF
649,Kenji Gorre,14,FW
650,Kenny Mclean,38,MF
651,Kento Shiogai,25,FW
652,Kerem Akturkoglu,45,FW
653,Kerim Alajbegovic,6,FW
654,Kevin Castano,10,MF
655,Kevin Danso,4,DF
656,Kevin De Bruyne,5,MF
657,Kevin Felida,14,MF
658,Kevin Pina,8,MF
659,Kevin Rodriguez,16,FW
660,Kevin Yakob,23,MF
661,Khalid Alghannam,37,FW
662,Khalil Ayari,44,MF
663,Khojiakbar Alijonov,48,DF
664,Khuliso Mudau,40,DF
665,Khulumani Ndamane,40,DF
666,Kieran Tierney,38,DF
667,Kim Jingyu,27,MF
668,Kim Minjae,27,DF
669,Kim Moonhwan,27,DF
670,Kim Seunggyu,27,GK
671,Kim Taehyeon,27,DF
672,Kobbie Mainoo,18,MF
673,Kojo Peprah Oppong,21,DF
674,Koki Ogawa,25,FW
675,Koni De Winter,5,DF
676,Konrad Laimer,4,MF
677,Kosta Barbarouses,31,FW
678,Kou Itakura,25,DF
679,Krepin Diatta,39,DF
680,Kristian Thorstvedt,32,MF
681,Kristijan Jakic,13,DF
682,Kristoffer Ajer,32,DF
683,Kristoffer Nordfeldt,42,GK
684,Kwasi Sibo,21,MF
685,Kylian Mbappe,19,FW
686,Lachlan Bayliss,31,MF
687,Ladislav Krejci,15,DF
688,Lamine Camara,39,MF
689,Lamine Yamal,41,FW
690,Laros Duarte,8,MF
691,Lautaro Martinez,2,FW
692,Lawrence Ati Zigi,21,GK
693,Lawrence Shankland,38,FW
694,Leandro Bacuna,14,MF
695,Leandro Paredes,2,MF
696,Leandro Trossard,5,FW
697,Lee Donggyeong,27,MF
698,Lee Gihyuk,27,MF
699,Lee Hanbeom,27,DF
700,Lee Jaesung,27,MF
701,Lee Kangin,27,MF
702,Lee Taeseok,27,DF
703,Lenny Joseph,22,FW
704,Leo Ostigard,32,DF
705,Leo Pereira,7,DF
706,Leon Goretzka,20,MF
707,Leroy Sane,20,MF
708,Lewis Ferguson,38,MF
709,Liam Kelly,38,GK
710,Liam Millar,9,MF
711,Liberato Cacace,31,DF
712,Lionel Messi,2,FW
713,Lionel Mpasi,11,GK
714,Lisandro Martinez,2,DF
715,Livano Comenencia,14,MF
716,Logan Costa,8,DF
717,Logan Rogerson,31,FW
718,Louicius Deedson,22,FW
719,Luc De Fougerolles,9,DF
720,Luca Jaquez,43,DF
721,Luca Zidane,1,GK
722,Lucas Bergvall,42,MF
723,Lucas Digne,19,DF
724,Lucas Hernandez,19,DF
725,Lucas Herrington,3,DF
726,Lucas Mendes,36,DF
727,Lucas Paqueta,7,MF
728,Luis Chavez,28,MF
729,Luis Diaz,10,FW
730,Luis Mejia,33,GK
731,Luis Romo,28,MF
732,Luis Suarez,10,FW
733,Luiz Henrique,7,FW
734,Luka Modric,13,MF
735,Luka Sucic,13,MF
736,Luka Vuskovic,13,DF
737,Lukas Cerv,15,MF
738,Lukas Hornicek,15,GK
739,Lukas Provod,15,MF
740,Lutsharel Geertruida,30,DF
741,Lyle Foster,40,FW
742,Lyndon Dykes,38,FW
743,Maghnes Akliouche,19,MF
744,Mahdy Soliman,17,GK
745,Mahmoud Abunada,36,GK
746,Mahmoud Almardi,26,FW
747,Mahmoud Saber,17,MF
748,Malick Thiaw,20,DF
749,Malik Tillman,46,MF
750,Malo Gusto,19,DF
751,Mamadou Sarr,39,DF
752,Manu Kone,19,MF
753,Manuel Akanji,43,DF
754,Manuel Neuer,20,GK
755,Manuel Ugarte,47,MF
756,Marawan Attia,17,MF
757,Marc Cucurella,41,DF
758,Marc Guehi,18,DF
759,Marc Pubill,41,DF
760,Marcel Sabitzer,4,MF
761,Marcio Rosa,8,GK
762,Marco Friedl,4,DF
763,Marco Pasalic,13,FW
764,Marcos Llorente,41,DF
765,Marcos Senesi,2,DF
766,Marcus Holmgren Pedersen,32,DF
767,Marcus Rashford,18,FW
768,Marcus Thuram,19,FW
769,Marin Pongracic,13,DF
770,Mario Pasalic,13,MF
771,Mark Flekken,30,GK
772,Mark Mckenzie,46,DF
773,Markhus Lacroix,22,DF
774,Marko Arnautovic,4,FW
775,Marko Farji,23,FW
776,Marko Stamenic,31,MF
777,Marquinhos,7,DF
778,Marten De Roon,30,MF
779,Martin Baturina,13,MF
780,Martin Erlic,13,DF
781,Martin Experience,22,DF
782,Martin Odegaard,32,MF
783,Martin Zlomislic,6,GK
784,Martin Zubimendi,41,MF
785,Marvin Keller,43,GK
786,Marvin Senaya,21,DF
787,Matej Kovar,15,GK
788,Mateo Chavez,28,DF
789,Mateo Kovacic,13,MF
790,Matheus Cunha,7,FW
791,Matheus Nunes,35,MF
792,Mathew Leckie,3,FW
793,Mathew Ryan,3,GK
794,Mathias Olivera,47,DF
795,Mathieu Choiniere,9,MF
796,Matias Fernandez Pardo,5,FW
797,Matias Galarza,34,MF
798,Matias Vina,47,DF
799,Mats Wieffer,30,DF
800,Matt Freese,46,GK
801,Matt Turner,46,GK
802,Matthieu Epolo,11,GK
803,Mattias Svanberg,42,MF
804,Mauricio,34,MF
805,Max Arfsten,46,DF
806,Max Crocombe,31,GK
807,Maxence Lacroix,19,DF
808,Maxi Araujo,47,MF
809,Maxim De Cuyper,5,DF
810,Maxime Crepeau,9,GK
811,Maximilian Beier,20,FW
812,Mbekezeli Mbokazi,40,DF
813,Mehdi Ghayedi,24,FW
814,Mehdi Taremi,24,FW
815,Mehdi Torabi,24,MF
816,Melvin Mastil,1,GK
817,Memphis Depay,30,FW
818,Merchas Doski,23,DF
819,Merih Demiral,45,DF
820,Mert Gunok,45,GK
821,Mert Muldur,45,DF
822,Meschack Elia,11,FW
823,Meshaal Barsham,36,GK
824,Michael Boxall,31,DF
825,Michael Gregoritsch,4,FW
826,Michael Olise,19,FW
827,Michael Svoboda,4,DF
828,Michael Woud,31,GK
829,Michal Sadilek,15,MF
830,Michel Aebischer,43,MF
831,Micky Van De Ven,30,DF
832,Miguel Almiron,34,MF
833,Mike Maignan,19,GK
834,Mike Penders,5,GK
835,Mikel Merino,41,MF
836,Mikel Oyarzabal,41,FW
837,Milad Mohammadi,24,DF
838,Miles Robinson,46,DF
839,Milos Degenek,3,DF
840,Miro Muheim,43,DF
841,Mladen Jurkas,6,GK
842,Mohamed Abdelmoneim,17,DF
843,Mohamed Alaa,17,GK
844,Mohamed Amine Ben Hmida,44,DF
845,Mohamed Amine Tougai,1,DF
846,Mohamed Amoura,1,FW
847,Mohamed Elshenawy,17,GK
848,Mohamed Hadj Mahmoud,44,MF
849,Mohamed Hany,17,DF
850,Mohamed Kanno,37,MF
851,Mohamed Kone,12,GK
852,Mohamed Manai,36,FW
853,Mohamed Salah,17,FW
854,Mohamed Toure,3,FW
855,Mohammad Abualnadi,26,DF
856,Mohammad Abughoush,26,MF
857,Mohammad Abuhasheesh,26,DF
858,Mohammad Abuzraiq,26,FW
859,Mohammad Aldaoud,26,MF
860,Mohammad Ghorbani,24,MF
861,Mohammad Mohebbi,24,MF
862,Mohammed Abu Alshamat,37,DF
863,Mohammed Alowais,37,GK
864,Mohammed Muntari,36,FW
865,Mohanad Ali,23,FW
866,Mohanad Lashin,17,MF
867,Mohannad Abutaha,26,MF
868,Moise Bombito,9,DF
869,Moises Caicedo,16,MF
870,Moises Ramirez,16,GK
871,Mojmir Chytil,15,FW
872,Montassar Talbi,44,DF
873,Morgan Rogers,18,MF
874,Mortadha Ben Ouanes,44,DF
875,Morten Thorsby,32,MF
876,Mory Diaw,39,GK
877,Mostafa Shoubir,17,GK
878,Mostafa Zico,17,MF
879,Moteb Alharbi,37,DF
880,Mouhib Chamakh,44,GK
881,Mousa Altamari,26,FW
882,Moussa Niakhate,39,DF
883,Moutaz Neffati,44,DF
884,Munaf Younus,23,DF
885,Munir El Kajoui,29,GK
886,Musab Aljuwayr,37,MF
887,Mustafa Saadoon,23,DF
888,Nabil Bentaleb,1,MF
889,Nabil Donga,17,MF
890,Nadhir Benbouali,1,FW
891,Nadiem Amiri,20,MF
892,Nahuel Molina,2,DF
893,Nando Pijnaker,31,DF
894,Nasser Aldawsari,37,MF
895,Nathan Ake,30,DF
896,Nathan Ngoy,5,DF
897,Nathan Patterson,38,DF
898,Nathan Saliba,9,MF
899,Nathanael Mbuku,11,MF
900,Nathaniel Brown,20,DF
901,Nawaf Alaqidi,37,GK
902,Nawaf Bu Washl,37,DF
903,Neil El Aynaoui,29,MF
904,Nelson Semedo,35,DF
905,Nestory Irankunda,3,FW
906,Neymar Jr,7,FW
907,Ngalayel Mukau,11,MF
908,Ngolo Kante,19,MF
909,Nick Woltemade,20,FW
910,Nico Elvedi,43,DF
911,Nico Gonzalez,2,MF
912,Nico Oreilly,18,DF
913,Nico Paz,2,FW
914,Nico Schlotterbeck,20,DF
915,Nico Williams,41,FW
916,Nicolas De La Cruz,47,MF
917,Nicolas Jackson,39,FW
918,Nicolas Otamendi,2,DF
919,Nicolas Pepe,12,FW
920,Nicolas Raskin,5,MF
921,Nicolas Seiwald,4,MF
922,Nicolas Tagliafico,2,DF
923,Nihad Mujakic,6,DF
924,Niko Sigur,9,DF
925,Nikola Katic,6,DF
926,Nikola Moro,13,MF
927,Nikola Vasilj,6,GK
928,Nikola Vlasic,13,MF
929,Nilson Angulo,16,FW
930,Nishan Velupillay,3,FW
931,Nizar Alrashdan,26,MF
932,Nkosinathi Sibisi,40,DF
933,Noa Lang,30,FW
934,Noah Okafor,43,FW
935,Noah Sadiki,11,MF
936,Noni Madueke,18,FW
937,Noor Alrawabdeh,26,MF
938,Nour Baniateyah,26,GK
939,Noussair Mazraoui,29,DF
940,Nuno Da Costa,8,MF
941,Nuno Mendes,35,DF
942,Obed Vargas,28,MF
943,Odeh Fakhoury,26,FW
944,Odiljon Xamrobekov,48,MF
945,Odilon Kossounou,12,DF
946,Oguz Aydin,45,FW
947,Oh Hyeongyu,27,FW
948,Oliver Baumann,20,GK
949,Ollie Watkins,18,FW
950,Olwethu Makhanya,40,DF
951,Omar Alderete,34,DF
952,Omar Marmoush,17,FW
953,Omar Rekik,44,DF
954,Orbelin Pineda,28,MF
955,Orjan Nyland,32,GK
956,Orkun Kokcu,45,MF
957,Orlando Gill,34,GK
958,Orlando Mosquera,33,GK
959,Oscar Bobb,32,MF
960,Oston Urunov,48,MF
961,Oswin Appollis,40,FW
962,Otabek Shukurov,48,MF
963,Oumar Diakite,12,FW
964,Ousmane Dembele,19,FW
965,Ousmane Diomande,12,DF
966,Oussama Benbot,1,GK
967,Owen Goodman,9,GK
968,Ozan Kabak,45,DF
969,Paik Seungho,27,MF
970,Pape Gueye,39,MF
971,Pape Matar Sarr,39,MF
972,Parfait Guiagon,12,MF
973,Park Jinseob,27,DF
974,Pascal Gross,20,MF
975,Pathe Ciss,39,MF
976,Patrick Beach,3,GK
977,Patrick Berg,32,MF
978,Patrick Pentz,4,GK
979,Patrick Wimmer,4,FW
980,Patrik Schick,15,FW
981,Pau Cubarsi,41,DF
982,Paul Izzo,3,GK
983,Paul Okon Engstler,3,MF
984,Paul Wanner,4,MF
985,Pavel Sulc,15,FW
986,Payam Niazmand,24,GK
987,Pedri,41,MF
988,Pedro Miguel,36,DF
989,Pedro Neto,35,FW
990,Pedro Porro,41,DF
991,Pedro Vite,16,MF
992,Pervis Estupinan,16,DF
993,Petar Musa,13,FW
994,Petar Sucic,13,MF
995,Philipp Lienhart,4,DF
996,Phillip Mwene,4,DF
997,Pico Lopes,8,DF
998,Piero Hincapie,16,DF
999,Prince Adu,21,FW
1000,Promise David,9,FW
1001,Quinten Timber,30,MF
1002,Raed Chikhaoui,44,DF
1003,Rafael Leao,35,FW
1004,Rafik Belghali,1,DF
1005,Rajaei Ayed,26,MF
1006,Ramin Rezaeian,24,DF
1007,Ramiz Zerrouki,1,MF
1008,Ramon Sosa,34,MF
1009,Ramy Bensebaini,1,DF
1010,Ramy Rabia,17,DF
1011,Rani Khedira,44,MF
1012,Raphinha,7,FW
1013,Raul Jimenez,28,FW
1014,Raul Rangel,28,GK
1015,Rayan,7,FW
1016,Rayan Ait Nouri,1,DF
1017,Rayan Cherki,19,MF
1018,Rayan Elloumi,44,FW
1019,Rebin Sulaka,23,DF
1020,Redouane Halhal,29,DF
1021,Reece James,18,DF
1022,Relebohile Mofokeng,40,FW
1023,Remo Freuler,43,MF
1024,Renato Veiga,35,DF
1025,Ricardo Ade,22,DF
1026,Ricardo Goss,40,GK
1027,Ricardo Pepi,46,FW
1028,Ricardo Rodriguez,43,DF
1029,Richard Rios,10,MF
1030,Richie Laryea,9,DF
1031,Riechedly Bazoer,14,DF
1032,Ritsu Doan,25,MF
1033,Riyad Mahrez,1,FW
1034,Roberto Alvarado,28,FW
1035,Robin Hranac,15,DF
1036,Robin Risser,19,GK
1037,Robin Roefs,30,GK
1038,Roderick Miller,33,DF
1039,Rodri,41,MF
1040,Rodrigo Aguirre,47,FW
1041,Rodrigo Bentancur,47,MF
1042,Rodrigo De Paul,2,MF
1043,Rodrigo Zalazar,47,MF
1044,Roger Ibanez,7,DF
1045,Romano Schmid,4,MF
1046,Romelu Lukaku,5,FW
1047,Ronald Araujo,47,DF
1048,Ronwen Williams,40,GK
1049,Roozbeh Cheshmi,24,MF
1050,Roshon Van Eijma,14,DF
1051,Ross Stewart,38,FW
1052,Ruben Dias,35,DF
1053,Ruben Neves,35,MF
1054,Ruben Providence,22,FW
1055,Ruben Vargas,43,FW
1056,Rui Silva,35,GK
1057,Rustam Ashurmatov,48,DF
1058,Ryan Christie,38,MF
1059,Ryan Gravenberch,30,MF
1060,Ryan Mendes,8,FW
1061,Ryan Thomas,31,MF
1062,Sabri Ben Hessen,44,GK
1063,Sadio Mane,39,FW
1064,Saed Alrosan,26,DF
1065,Saeid Ezatolahi,24,MF
1066,Salah Zakaria,36,GK
1067,Saleem Obaid,26,DF
1068,Saleh Alshehri,37,FW
1069,Saleh Hardani,24,DF
1070,Salem Aldawsari,37,FW
1071,Salih Ozcan,45,MF
1072,Saman Ghoddos,24,MF
1073,Samed Bazdar,6,FW
1074,Samet Akaydin,45,DF
1075,Samir Chergui,1,DF
1076,Samir El Mourabet,29,MF
1077,Samu Costa,35,DF
1078,Samuel Moutoussamy,11,MF
1079,Samukele Kabini,40,DF
1080,Sander Berge,32,MF
1081,Sander Tangvik,32,GK
1082,Santiago Arias,10,DF
1083,Santiago Bueno,47,DF
1084,Santiago Gimenez,28,FW
1085,Santiago Mele,47,GK
1086,Sarpreet Singh,31,MF
1087,Sasa Kalajdzic,4,FW
1088,Saud Abdulhamid,37,DF
1089,Scott Mckenna,38,DF
1090,Scott Mctominay,38,MF
1091,Sead Kolasinac,6,DF
1092,Sebastian Berhalter,46,MF
1093,Sebastian Caceres,47,DF
1094,Sebastian Tounekti,44,MF
1095,Seko Fofana,12,MF
1096,Senne Lammens,5,GK
1097,Seol Youngwoo,27,DF
1098,Sergino Dest,46,DF
1099,Sergio Rochet,47,GK
1100,Shahriyar Moghanloo,24,FW
1101,Sherel Floranus,14,DF
1102,Sherzod Esanov,48,MF
1103,Sherzod Nasrullaev,48,DF
1104,Shogo Taniguchi,25,DF
1105,Shoja Khalilzadeh,24,DF
1106,Shurandy Sambo,14,DF
1107,Shuto Machino,25,FW
1108,Sidny Lopes Cabral,8,DF
1109,Silvan Widmer,43,DF
1110,Simon Adingra,12,FW
1111,Simon Banza,11,FW
1112,Sipho Chaine,40,GK
1113,Sofyan Amrabat,29,MF
1114,Son Heungmin,27,FW
1115,Sondre Langas,32,DF
1116,Song Bumkeun,27,GK
1117,Sontje Hansen,14,FW
1118,Soufiane Rahimi,29,FW
1119,Sphephelo Sithole,40,MF
1120,Stefan Posch,4,DF
1121,Stepan Chaloupek,15,DF
1122,Stephen Eustaquio,9,MF
1123,Steve Kapuadi,11,DF
1124,Steven Moreira,8,DF
1125,Stjepan Radeljic,6,DF
1126,Stopira,8,DF
1127,Sultan Albrake,36,DF
1128,Sultan Mandash,37,FW
1129,Taha Ali,42,FW
1130,Tahith Chong,14,MF
1131,Tahsin Mohammed,36,FW
1132,Tajon Buchanan,9,FW
1133,Takefusa Kubo,25,MF
1134,Takehiro Tomiyasu,25,DF
1135,Tani Oluwaseyi,9,FW
1136,Tarek Alaa,17,DF
1137,Tarik Muharemovic,6,DF
1138,Teboho Mokoena,40,MF
1139,Telmo Arcanjo,8,MF
1140,Tete Yengi,3,FW
1141,Teun Koopmeiners,30,MF
1142,Thabang Matuludi,40,DF
1143,Thalente Mbatha,40,MF
1144,Thapelo Maseko,40,FW
1145,Thelo Aasgaard,32,MF
1146,Themba Zwane,40,MF
1147,Theo Bongonda,11,MF
1148,Theo Hernandez,19,DF
1149,Thiago Almada,2,FW
1150,Thibaut Courtois,5,GK
1151,Thomas Meunier,5,DF
1152,Thomas Partey,21,MF
1153,Tijjani Reijnders,30,MF
1154,Tim Payne,31,DF
1155,Tim Ream,46,DF
1156,Timothy Castagne,5,DF
1157,Timothy Fayulu,11,GK
1158,Timothy Weah,46,FW
1159,Tomas Araujo,35,DF
1160,Tomas Chory,15,FW
1161,Tomas Holes,15,DF
1162,Tomas Rodriguez,33,FW
1163,Tomas Soucek,15,MF
1164,Tomoki Hayakawa,25,GK
1165,Toni Fruk,13,MF
1166,Torbjorn Heggem,32,DF
1167,Trevoh Chalobah,18,DF
1168,Trevor Doornbusch,14,GK
1169,Trezeguet,17,FW
1170,Tshepang Moremi,40,FW
1171,Tsuyoshi Watanabe,25,DF
1172,Tyler Adams,46,MF
1173,Tyler Bindon,31,DF
1174,Tyler Fletcher,38,MF
1175,Tyrese Noslin,14,FW
1176,Tyrick Bodak,14,GK
1177,Ugurcan Cakir,45,GK
1178,Umar Eshmurodov,48,DF
1179,Unai Simon,41,GK
1180,Utkir Yusupov,48,GK
1181,Valentin Barco,2,MF
1182,Victor Lindelof,42,DF
1183,Victor Munoz,41,FW
1184,Viktor Gyokeres,42,FW
1185,Viktor Johansson,42,GK
1186,Vinicius Junior,7,FW
1187,Virgil Van Dijk,30,DF
1188,Vitinha,35,MF
1189,Vladimir Coufal,15,DF
1190,Vladimir Darida,15,MF
1191,Vozinha,8,GK
1192,Wagner Pina,8,DF
1193,Waldemar Anton,20,DF
1194,Warren Zaire Emery,19,MF
1195,Weston Mckennie,46,MF
1196,Weverton,7,GK
1197,Wilfried Singo,12,DF
1198,Wilguens Paugain,22,DF
1199,Willer Ditta,10,DF
1200,William Saliba,19,DF
1201,Willian Pacho,16,DF
1202,Willy Semedo,8,MF
1203,Wilson Isidor,22,FW
1204,Woodensky Pierre,22,MF
1205,Wout Weghorst,30,FW
1206,Xaver Schlager,4,MF
1207,Yahia Fofana,12,GK
1208,Yaimar Medina,16,DF
1209,Yan Diomande,12,FW
1210,Yan Valery,44,DF
1211,Yang Hyunjun,27,MF
1212,Yannick Semedo,8,MF
1213,Yasin Ayari,42,MF
1214,Yasser Ibrahim,17,DF
1215,Yassin Fortune,22,FW
1216,Yassine Bounou,29,GK
1217,Yassine Titraoui,1,MF
1218,Yazan Alarab,26,DF
1219,Yazeed Abulaila,26,GK
1220,Yehvann Diouf,39,GK
1221,Yeremy Pino,41,FW
1222,Yerry Mina,10,DF
1223,Yoane Wissa,11,FW
1224,Youri Tielemans,5,MF
1225,Youssef Amyn,23,MF
1226,Youssef Belammari,29,DF
1227,Yuito Suzuki,25,MF
1228,Yukinari Sugawara,25,DF
1229,Yunus Akgun,45,FW
1230,Yusuf Abdurisag,36,FW
1231,Yvon Mvogo,43,GK
1232,Zaid Ismael,23,MF
1233,Zaid Tahseen,23,DF
1234,Zakaria El Ouahdi,29,DF
1235,Zeki Amdouni,43,FW
1236,Zeki Celik,45,DF
1237,Zeno Debast,5,DF
1238,Zidane Iqbal,23,MF
1239,Zineddine Belaid,1,DF
1240,Zion Suzuki,25,GK
1241,Ziyad Aljohani,37,MF
1242,Zizo,17,FW
