player_id,team_id,player_name,position,own_goals,forced_turnovers,defensive_pressures_applied,defensive_pressures_directly_applied
849,17,Mohamed Hany,DF,2,10,90,11
1216,29,Yassine Bounou,GK,1,0,0,0
344,44,Ellyes Skhiri,MF,1,10,40,10
262,34,Damian Bobadilla,MF,1,5,95,22
745,36,Mahmoud Abunada,GK,1,0,0,0
464,37,Hassan Altambakti,DF,1,5,26,7
852,36,Mohamed Manai,FW,1,2,52,3
1218,26,Yazan Alarab,DF,1,10,28,16
156,23,Aymen Hussein,FW,1,5,60,3
305,8,Diney Borges,DF,1,5,29,16
840,43,Miro Muheim,DF,1,3,16,1
210,3,Cameron Burgess,DF,1,2,14,9
17,48,Abduvohid Nematov,GK,1,0,0,0
554,31,Jesse Randall,FW,0,3,15,2
243,43,Christian Fassnacht,FW,0,0,8,2
1055,43,Ruben Vargas,FW,0,14,94,19
355,43,Eray Coemert,DF,0,1,9,1
134,43,Ardon Jashari,MF,0,3,33,4
785,43,Marvin Keller,GK,0,0,0,0
147,43,Aurele Amenda,DF,0,0,0,0
264,43,Dan Ndoye,FW,0,32,141,20
1235,43,Zeki Amdouni,FW,0,3,49,8
573,43,Johan Manzambi,MF,0,14,102,13
720,43,Luca Jaquez,DF,0,3,15,4
439,43,Gregor Kobel,GK,0,0,0,0
632,45,Kaan Ayhan,MF,0,0,1,1
224,43,Cedric Itten,FW,0,4,27,6
820,45,Mert Gunok,GK,0,0,0,0
454,45,Hakan Calhanoglu,MF,0,11,28,5
372,43,Fabian Rieder,MF,0,19,210,30
1071,45,Salih Ozcan,MF,0,5,33,12
206,45,Caglar Soyuncu,DF,0,0,1,1
830,43,Michel Aebischer,MF,0,8,52,6
1229,45,Yunus Akgun,FW,0,3,12,4
309,43,Djibril Sow,MF,0,8,54,5
968,45,Ozan Kabak,DF,0,3,10,7
821,45,Mert Muldur,DF,0,1,10,5
753,43,Manuel Akanji,DF,0,15,44,21
1236,45,Zeki Celik,DF,0,5,35,9
956,45,Orkun Kokcu,MF,0,7,37,9
1231,43,Yvon Mvogo,GK,0,0,0,0
819,45,Merih Demiral,DF,0,3,9,3
1023,43,Remo Freuler,MF,0,27,193,31
92,45,Altay Bayindir,GK,0,0,0,0
1177,45,Ugurcan Cakir,GK,0,0,0,0
291,43,Denis Zakaria,MF,0,19,63,23
652,45,Kerem Akturkoglu,FW,0,10,38,2
499,45,Irfan Can Kahveci,FW,0,0,4,1
910,43,Nico Elvedi,DF,0,8,48,12
356,45,Eren Elmali,DF,0,4,26,3
195,43,Breel Embolo,FW,0,40,177,25
1074,45,Samet Akaydin,DF,0,0,0,0
13,45,Abdulkerim Bardakci,DF,0,3,27,12
1109,43,Silvan Widmer,DF,0,11,59,13
133,45,Arda Guler,FW,0,12,62,7
507,45,Ismail Yuksek,MF,0,16,34,13
1028,43,Ricardo Rodriguez,DF,0,24,60,16
647,45,Kenan Yildiz,FW,0,7,32,5
437,43,Granit Xhaka,MF,0,28,116,18
386,45,Ferdi Kadioglu,DF,0,0,16,7
172,45,Baris Alper Yilmaz,FW,0,24,37,5
343,42,Elliot Stroud,DF,0,9,61,7
213,45,Can Uzun,FW,0,4,9,3
946,45,Oguz Aydin,FW,0,3,24,9
469,42,Herman Johansson,DF,0,0,0,0
292,45,Deniz Gul,FW,0,0,5,0
1129,42,Taha Ali,FW,0,4,15,0
792,3,Mathew Leckie,FW,0,2,30,4
982,3,Paul Izzo,GK,0,0,0,0
183,42,Besfort Zeneli,MF,0,3,35,7
839,3,Milos Degenek,DF,0,0,0,0
537,3,Jason Geria,DF,0,1,21,3
180,42,Benjamin Nygren,MF,0,4,71,13
793,3,Mathew Ryan,GK,0,0,0,0
60,42,Alexander Bernhardsson,DF,0,14,81,9
164,3,Aziz Behich,DF,0,9,55,7
518,3,Jackson Irvine,MF,0,7,80,11
359,42,Eric Smith,DF,0,0,0,0
39,3,Ajdin Hrustic,FW,0,5,40,2
268,42,Daniel Svensson,DF,0,8,24,3
151,3,Awer Mabil,FW,0,1,20,0
445,42,Gustaf Nilsson,FW,0,0,3,0
586,3,Jordan Bos,DF,0,23,84,21
211,3,Cameron Devlin,MF,0,0,0,0
722,42,Lucas Bergvall,MF,0,10,60,13
35,3,Aiden Oneill,MF,0,25,105,15
462,3,Harry Souttar,DF,0,4,18,6
1213,42,Yasin Ayari,MF,0,21,100,22
520,3,Jacob Italiano,DF,0,6,83,14
249,3,Connor Metcalfe,MF,0,28,180,11
522,42,Jacob Widell Zetterstrom,GK,0,0,0,0
50,3,Alessandro Circati,DF,0,12,48,28
1184,42,Viktor Gyokeres,FW,0,14,75,4
254,3,Cristian Volpato,FW,0,11,64,4
905,3,Nestory Irankunda,FW,0,13,116,3
473,42,Hjalmar Ekdal,DF,0,0,0,0
930,3,Nishan Velupillay,FW,0,1,57,4
634,3,Kai Trewin,DF,0,7,22,4
500,42,Isak Hien,DF,0,13,13,8
976,3,Patrick Beach,GK,0,0,0,0
444,42,Gustaf Lagerbielke,DF,0,8,50,14
983,3,Paul Okon Engstler,MF,0,9,78,5
854,3,Mohamed Toure,FW,0,3,86,5
408,42,Gabriel Gudmundsson,DF,0,13,58,14
725,3,Lucas Herrington,DF,0,4,11,4
1140,3,Tete Yengi,FW,0,1,17,2
1185,42,Viktor Johansson,GK,0,0,0,0
824,31,Michael Boxall,DF,0,4,21,12
122,42,Anthony Elanga,FW,0,10,31,1
677,31,Kosta Barbarouses,FW,0,0,0,0
241,31,Chris Wood,FW,0,8,88,5
553,42,Jesper Karlstrom,MF,0,7,38,7
1154,31,Tim Payne,DF,0,5,57,9
215,42,Carl Starfelt,DF,0,0,0,0
1061,31,Ryan Thomas,MF,0,2,50,7
803,42,Mattias Svanberg,MF,0,0,5,1
806,31,Max Crocombe,GK,0,0,0,0
57,31,Alex Rufer,MF,0,0,0,0
61,42,Alexander Isak,FW,0,5,110,15
569,31,Joe Bell,MF,0,27,98,22
209,31,Callum Mccowatt,MF,0,9,55,11
646,42,Ken Sema,MF,0,2,5,2
717,31,Logan Rogerson,FW,0,0,0,0
1182,42,Victor Lindelof,DF,0,5,24,10
1086,31,Sarpreet Singh,MF,0,10,104,7
828,31,Michael Woud,GK,0,0,0,0
683,42,Kristoffer Nordfeldt,GK,0,0,0,0
340,31,Elijah Just,MF,0,19,152,18
711,31,Liberato Cacace,DF,0,9,59,8
1183,41,Victor Munoz,FW,0,0,0,0
759,41,Marc Pubill,DF,0,0,0,0
208,31,Callan Elliot,DF,0,0,4,1
893,31,Nando Pijnaker,DF,0,0,0,0
562,41,Joan Garcia,GK,0,0,0,0
178,31,Ben Waine,FW,0,0,0,0
689,41,Lamine Yamal,FW,0,17,116,24
56,31,Alex Paulsen,GK,0,0,0,0
177,31,Ben Old,MF,0,2,28,4
981,41,Pau Cubarsi,DF,0,11,28,11
776,31,Marko Stamenic,MF,0,10,67,18
398,31,Francis De Vries,DF,0,1,5,1
416,41,Gavi,MF,0,4,33,8
391,31,Finn Surman,DF,0,5,28,11
185,41,Borja Iglesias,FW,0,0,4,0
1173,31,Tyler Bindon,DF,0,4,13,4
686,31,Lachlan Bayliss,MF,0,0,0,0
53,41,Alex Baena,MF,0,22,131,21
1190,15,Vladimir Darida,MF,0,10,34,1
915,41,Nico Williams,FW,0,7,33,1
927,6,Nikola Vasilj,GK,0,0,0,0
980,15,Patrik Schick,FW,0,7,74,4
1163,15,Tomas Soucek,MF,0,4,42,5
280,41,David Raya,GK,0,0,0,0
829,15,Michal Sadilek,MF,0,10,75,4
22,15,Adam Hlozek,FW,0,6,92,7
784,41,Martin Zubimendi,MF,0,0,0,0
281,15,David Zima,DF,0,0,4,1
1179,41,Unai Simon,GK,0,0,0,0
559,15,Jindrich Stanek,GK,0,0,0,0
536,15,Jaroslav Zeleny,DF,0,6,36,3
836,41,Mikel Oyarzabal,FW,0,53,236,13
1161,15,Tomas Holes,DF,0,8,37,7
687,15,Ladislav Krejci,DF,0,2,30,10
265,41,Dani Olmo,FW,0,30,240,23
532,15,Jan Kuchta,FW,0,0,0,0
757,41,Marc Cucurella,DF,0,18,98,22
1189,15,Vladimir Coufal,DF,0,5,49,10
275,15,David Doudera,DF,0,1,23,0
835,41,Mikel Merino,MF,0,20,85,8
1160,15,Tomas Chory,FW,0,0,14,1
373,41,Fabian Ruiz,MF,0,7,67,6
276,15,David Jurasek,DF,0,0,0,0
871,15,Mojmir Chytil,FW,0,1,4,1
990,41,Pedro Porro,DF,0,22,64,16
739,15,Lukas Provod,MF,0,9,49,5
787,15,Matej Kovar,GK,0,0,0,0
1221,41,Yeremy Pino,FW,0,3,28,7
1035,15,Robin Hranac,DF,0,15,37,15
987,41,Pedri,MF,0,48,224,33
737,15,Lukas Cerv,MF,0,6,27,11
985,15,Pavel Sulc,FW,0,6,104,12
1039,41,Rodri,MF,0,40,100,34
479,15,Hugo Sochurek,MF,0,0,0,0
738,15,Lukas Hornicek,GK,0,0,0,0
358,41,Eric Garcia,DF,0,0,0,0
1121,15,Stepan Chaloupek,DF,0,1,22,15
388,41,Ferran Torres,FW,0,8,80,11
290,15,Denis Visinsky,FW,0,4,20,0
66,15,Alexandr Sojka,MF,0,18,84,9
55,41,Alex Grimaldo,DF,0,0,0,0
531,48,Jamshid Iskanderov,MF,0,0,4,0
493,48,Igor Sergeev,FW,0,0,21,2
764,41,Marcos Llorente,DF,0,12,43,12
944,48,Odiljon Xamrobekov,MF,0,7,39,6
962,48,Otabek Shukurov,MF,0,5,96,12
157,41,Aymeric Laporte,DF,0,21,31,3
316,48,Dostonbek Khamdamov,MF,0,9,74,6
1174,38,Tyler Fletcher,MF,0,0,0,0
1057,48,Rustam Ashurmatov,DF,0,17,32,9
380,48,Farrukh Sayfiev,DF,0,1,5,0
390,38,Findlay Curtis,FW,0,1,12,0
186,48,Botirali Ergashev,GK,0,0,0,0
337,48,Eldor Shomurodov,FW,0,28,96,11
418,38,George Hirst,FW,0,0,0,0
1102,48,Sherzod Esanov,MF,0,0,2,0
176,38,Ben Gannon Doak,FW,0,13,71,6
523,48,Jakhongir Urozov,DF,0,2,9,5
8,48,Abdukodir Khusanov,DF,0,11,23,8
311,38,Dominic Hyam,DF,0,0,0,0
4,48,Abbosbek Fayzullaev,MF,0,17,137,27
175,48,Behruzjon Karimov,DF,0,5,55,7
650,38,Kenny Mclean,MF,0,4,31,6
14,48,Abdulla Abdullaev,DF,0,7,22,7
693,38,Lawrence Shankland,FW,0,4,61,9
1103,48,Sherzod Nasrullaev,DF,0,5,42,9
1180,48,Utkir Yusupov,GK,0,0,0,0
708,38,Lewis Ferguson,MF,0,15,87,28
663,48,Khojiakbar Alijonov,DF,0,4,76,11
960,48,Oston Urunov,MF,0,4,41,1
1051,38,Ross Stewart,FW,0,0,5,0
1178,48,Umar Eshmurodov,DF,0,0,0,0
1089,38,Scott Mckenna,DF,0,3,3,3
166,48,Azizjon Ganiev,MF,0,6,79,11
41,48,Akmal Mozgovoy,MF,0,5,83,8
577,38,John Souttar,DF,0,0,0,0
165,48,Azizbek Amonov,FW,0,1,4,0
709,38,Liam Kelly,GK,0,0,0,0
150,48,Avazbek Ulmasaliyev,DF,0,0,0,0
1,38,Aaron Hickey,DF,0,1,16,5
328,6,Edin Dzeko,FW,0,4,69,1
1090,38,Scott Mctominay,MF,0,11,103,6
514,6,Ivan Sunjic,MF,0,20,78,21
897,38,Nathan Patterson,DF,0,7,37,9
1091,6,Sead Kolasinac,DF,0,10,49,17
322,6,Dzenis Burnic,MF,0,0,6,0
234,38,Che Adams,FW,0,6,73,4
295,6,Dennis Hadzikadunic,DF,0,1,4,2
102,6,Amir Hadziahmetovic,MF,0,0,4,0
517,38,Jack Hendry,DF,0,2,15,4
362,6,Ermedin Demirovic,FW,0,19,131,15
742,38,Lyndon Dykes,FW,0,3,22,3
365,6,Esmir Bajraktarevic,FW,0,16,85,8
923,6,Nihad Mujakic,DF,0,0,0,0
1058,38,Ryan Christie,MF,0,3,52,8
512,6,Ivan Basic,MF,0,5,39,8
97,6,Amar Dedic,DF,0,14,95,11
117,38,Angus Gunn,GK,0,0,0,0
934,43,Noah Okafor,FW,0,1,11,3
376,47,Facundo Pellistri,FW,0,0,0,0
332,28,Edson Alvarez,DF,0,3,37,13
384,16,Felix Torres,DF,0,0,1,1
1047,47,Ronald Araujo,DF,0,0,0,0
267,10,Daniel Munoz,DF,0,11,64,20
253,2,Cristian Romero,DF,0,9,42,19
597,34,Jose Canale,DF,0,2,17,4
58,7,Alex Sandro,DF,0,0,4,2
239,46,Chris Brady,GK,0,0,0,0
1196,7,Weverton,GK,0,0,0,0
618,10,Juan Quintero,MF,0,3,45,0
103,33,Amir Murillo,DF,0,11,68,15
546,10,Jefferson Lerma,MF,0,13,77,8
892,2,Nahuel Molina,DF,0,27,100,22
714,2,Lisandro Martinez,DF,0,8,26,10
415,34,Gatito Fernandez,GK,0,0,0,0
349,47,Emiliano Martinez,MF,0,0,0,0
659,16,Kevin Rodriguez,FW,0,2,26,6
616,2,Juan Musso,GK,0,0,0,0
324,7,Ederson,GK,0,0,0,0
550,16,Jeremy Arevalo,FW,0,0,0,0
225,33,Cesar Blackman,DF,0,7,41,12
1158,46,Timothy Weah,FW,0,5,34,4
449,34,Gustavo Velazquez,DF,0,3,24,3
1201,16,Willian Pacho,DF,0,10,51,12
409,7,Gabriel Magalhaes,DF,0,8,23,8
252,46,Cristian Roldan,MF,0,0,0,0
218,33,Carlos Harvey,DF,0,28,53,19
1041,47,Rodrigo Bentancur,MF,0,9,82,15
1155,46,Tim Ream,DF,0,3,16,6
755,47,Manuel Ugarte,MF,0,3,40,17
453,46,Haji Wright,FW,0,0,0,0
870,16,Moises Ramirez,GK,0,0,0,0
200,28,Brian Gutierrez,MF,0,16,69,9
136,28,Armando Gonzalez,FW,0,0,7,0
220,7,Casemiro,MF,0,20,103,26
94,10,Alvaro Montero,GK,0,0,0,0
442,28,Guillermo Ochoa,GK,0,0,0,0
942,28,Obed Vargas,MF,0,3,20,2
410,7,Gabriel Martinelli,FW,0,6,60,9
88,7,Alisson,GK,0,0,0,0
1215,22,Yassin Fortune,FW,0,0,0,0
1015,7,Rayan,FW,0,15,112,10
443,47,Guillermo Varela,DF,0,8,20,5
801,46,Matt Turner,GK,0,0,0,0
163,33,Azarias Londono,FW,0,1,24,3
470,16,Hernan Galindez,GK,0,0,0,0
317,7,Douglas Santos,DF,0,21,111,42
558,10,Jhon Lucumi,DF,0,11,29,12
204,7,Bruno Guimaraes,MF,0,37,159,15
1098,46,Sergino Dest,DF,0,14,97,9
1042,2,Rodrigo De Paul,MF,0,8,134,16
287,10,Deiver Machado,DF,0,4,21,2
1043,47,Rodrigo Zalazar,MF,0,0,0,0
529,10,Jaminton Campaz,FW,0,5,41,5
1083,47,Santiago Bueno,DF,0,0,0,0
371,34,Fabian Balbuena,DF,0,0,0,0
20,33,Adalberto Carrasquilla,MF,0,0,0,0
1222,10,Yerry Mina,DF,0,0,1,1
557,10,Jhon Cordoba,FW,0,2,23,2
397,46,Folarin Balogun,FW,0,29,106,7
1149,2,Thiago Almada,FW,0,26,70,11
191,34,Braian Ojeda,MF,0,1,4,1
1008,34,Ramon Sosa,MF,0,0,12,1
929,16,Nilson Angulo,FW,0,7,83,18
429,2,Giuliano Simeone,FW,0,6,37,9
951,34,Omar Alderete,DF,0,6,9,3
1084,28,Santiago Gimenez,FW,0,3,27,3
509,28,Israel Reyes,DF,0,3,11,2
112,10,Andres Gomez,FW,0,0,1,1
918,2,Nicolas Otamendi,DF,0,2,13,8
731,28,Luis Romo,MF,0,14,71,12
360,28,Erik Lira,MF,0,17,81,26
447,34,Gustavo Gomez,DF,0,9,31,10
197,46,Brenden Aaronson,FW,0,6,37,9
387,47,Fernando Muslera,GK,0,0,0,0
590,16,Jordy Caicedo,FW,0,1,12,1
732,10,Luis Suarez,FW,0,13,106,15
44,16,Alan Franco,MF,0,9,40,14
794,47,Mathias Olivera,DF,0,20,42,18
282,10,Davinson Sanchez,DF,0,20,32,18
1014,28,Raul Rangel,GK,0,0,0,0
389,33,Fidel Escobar,DF,0,2,16,5
575,28,Johan Vasquez,DF,0,7,14,6
797,34,Matias Galarza,MF,0,42,197,61
916,47,Nicolas De La Cruz,MF,0,7,36,6
614,34,Juan Jose Caceres,DF,0,17,154,41
501,34,Isidro Pitta,FW,0,2,26,3
592,33,Jorge Gutierrez,DF,0,6,28,10
446,34,Gustavo Caballero,MF,0,2,36,8
1013,28,Raul Jimenez,FW,0,27,87,10
278,10,David Ospina,GK,0,0,0,0
149,46,Auston Trusty,DF,0,5,31,6
749,46,Malik Tillman,MF,0,15,115,25
272,47,Darwin Nunez,FW,0,6,95,2
1162,33,Tomas Rodriguez,FW,0,3,26,3
414,34,Gaston Olveira,GK,0,0,0,0
648,16,Kendry Paez,MF,0,2,7,3
434,2,Gonzalo Montiel,DF,0,3,13,6
226,28,Cesar Huerta,FW,0,0,4,1
240,46,Chris Richards,DF,0,4,22,11
227,28,Cesar Montes,DF,0,9,14,4
555,28,Jesus Gallardo,DF,0,7,69,19
374,7,Fabinho,MF,0,1,24,5
68,34,Alexandro Maidana,DF,0,2,30,6
589,16,Jordy Alcivar,MF,0,1,12,7
730,33,Luis Mejia,GK,0,0,0,0
494,7,Igor Thiago,FW,0,5,25,5
217,28,Carlos Acevedo,GK,0,0,0,0
598,33,Jose Cordoba,DF,0,7,21,12
788,28,Mateo Chavez,DF,0,5,18,3
314,22,Dominique Simon,MF,0,2,26,6
128,46,Antonee Robinson,DF,0,14,66,18
615,47,Juan Manuel Sanabria,MF,0,9,51,12
47,33,Alberto Quintero,MF,0,0,1,0
229,33,Cesar Yanis,MF,0,0,0,0
59,46,Alex Zendejas,FW,0,1,16,2
805,46,Max Arfsten,DF,0,0,0,0
48,34,Alejandro Romero Gamarra,FW,0,3,13,5
790,7,Matheus Cunha,FW,0,9,133,16
382,47,Federico Vinas,FW,0,12,63,6
728,28,Luis Chavez,MF,0,1,4,3
222,33,Cecilio Waterman,FW,0,7,19,2
998,16,Piero Hincapie,DF,0,11,80,29
691,2,Lautaro Martinez,FW,0,26,181,19
627,34,Junior Alonso,DF,0,31,140,16
351,7,Endrick,FW,0,3,53,5
69,2,Alexis Mac Allister,MF,0,20,181,32
54,46,Alex Freeman,DF,0,17,64,20
381,47,Federico Valverde,MF,0,19,76,8
269,7,Danilo,DF,0,3,50,8
228,33,Cesar Samudio,GK,0,0,0,0
327,33,Edgardo Farina,DF,0,0,0,0
571,16,Joel Ordonez,DF,0,7,18,5
251,33,Cristian Martinez,MF,0,11,105,17
257,10,Cucho Hernandez,FW,0,0,24,3
93,28,Alvaro Fidalgo,MF,0,6,35,4
1172,46,Tyler Adams,MF,0,30,65,21
426,47,Giorgian De Arrascaeta,MF,0,0,0,0
869,16,Moises Caicedo,MF,0,16,83,28
1044,7,Roger Ibanez,DF,0,0,10,1
375,2,Facundo Medina,DF,0,12,58,14
958,33,Orlando Mosquera,GK,0,0,0,0
325,7,Ederson Silva,MF,0,1,20,2
729,10,Luis Diaz,FW,0,29,103,11
348,2,Emiliano Martinez,GK,0,0,0,0
617,10,Juan Portilla,MF,0,0,0,0
428,46,Giovanni Reyna,MF,0,8,46,6
419,2,Geronimo Rulli,GK,0,0,0,0
502,33,Ismael Diaz,MF,0,3,20,1
352,16,Enner Valencia,FW,0,8,91,11
110,33,Andres Andrade,DF,0,10,38,19
913,2,Nico Paz,FW,0,7,44,6
1186,7,Vinicius Junior,FW,0,24,172,10
600,33,Jose Luis Rodriguez,MF,0,20,88,12
798,47,Matias Vina,DF,0,4,8,0
1029,10,Richard Rios,MF,0,4,55,24
1082,10,Santiago Arias,DF,0,5,12,1
1085,47,Santiago Mele,GK,0,0,0,0
593,28,Jorge Sanchez,DF,0,16,87,21
838,46,Miles Robinson,DF,0,6,11,5
992,16,Pervis Estupinan,DF,0,2,25,3
1208,16,Yaimar Medina,DF,0,1,10,3
765,2,Marcos Senesi,DF,0,0,3,2
906,7,Neymar Jr,FW,0,0,39,7
436,16,Gonzalo Valle,GK,0,0,0,0
641,22,Keeto Thermoncy,DF,0,0,0,0
602,47,Jose Maria Gimenez,DF,0,0,0,0
954,28,Orbelin Pineda,MF,0,3,33,1
196,7,Bremer,DF,0,0,0,0
244,46,Christian Pulisic,FW,0,8,73,9
448,10,Gustavo Puerta,DF,0,22,147,30
435,16,Gonzalo Plata,FW,0,14,135,11
45,16,Alan Minda,MF,0,1,28,1
115,16,Angelo Preciado,DF,0,4,29,3
567,47,Joaquin Piquerez,MF,0,0,0,0
111,34,Andres Cubas,MF,0,43,231,57
560,33,Jiovany Ramos,DF,0,3,29,18
911,2,Nico Gonzalez,MF,0,8,48,6
369,2,Exequiel Palacios,MF,0,1,5,1
1092,46,Sebastian Berhalter,MF,0,9,63,17
201,47,Brian Rodriguez,FW,0,2,15,1
832,34,Miguel Almiron,MF,0,17,123,21
125,16,Anthony Valencia,MF,0,0,0,0
212,10,Camilo Vargas,GK,0,0,0,0
1099,47,Sergio Rochet,GK,0,0,0,0
326,33,Edgar Yoel Barcenas,MF,0,9,74,6
922,2,Nicolas Tagliafico,DF,0,9,62,11
71,28,Alexis Vega,FW,0,1,3,0
303,34,Diego Gomez,MF,0,23,147,37
1040,47,Rodrigo Aguirre,FW,0,0,0,0
622,2,Julian Alvarez,FW,0,33,215,31
654,10,Kevin Castano,MF,0,1,9,0
804,34,Mauricio,MF,0,10,75,4
705,7,Leo Pereira,DF,0,0,0,0
25,47,Agustin Canobbio,MF,0,16,107,16
1199,10,Willer Ditta,DF,0,0,0,0
1034,28,Roberto Alvarado,FW,0,6,75,13
1195,46,Weston Mckennie,MF,0,22,102,21
610,22,Josue Casimir,FW,0,9,81,13
777,7,Marquinhos,DF,0,11,45,12
441,28,Guillermo Martinez,FW,0,3,41,4
772,46,Mark Mckenzie,DF,0,2,9,1
625,34,Julio Enciso,FW,0,20,209,17
570,46,Joe Scally,DF,0,4,19,4
712,2,Lionel Messi,FW,0,24,147,20
579,16,John Yeboah,FW,0,44,73,20
957,34,Orlando Gill,GK,0,1,0,0
52,34,Alex Arce,FW,0,1,32,4
526,10,James Rodriguez,MF,0,7,146,8
623,28,Julian Quinones,FW,0,13,162,12
800,46,Matt Freese,GK,0,0,0,0
733,7,Luiz Henrique,FW,0,2,10,3
118,33,Anibal Godoy,MF,0,0,2,1
1012,7,Raphinha,FW,0,10,59,7
695,2,Leandro Paredes,MF,0,15,42,14
353,2,Enzo Fernandez,MF,0,43,149,24
727,7,Lucas Paqueta,MF,0,9,104,17
270,7,Danilo Santos,MF,0,1,22,4
808,47,Maxi Araujo,MF,0,10,79,11
357,33,Eric Davis,DF,0,1,1,1
427,2,Giovani Lo Celso,MF,0,8,23,6
407,34,Gabriel Avalos,FW,0,5,46,5
601,2,Jose Manuel Lopez,FW,0,2,9,3
991,16,Pedro Vite,MF,0,34,119,29
774,4,Marko Arnautovic,FW,0,5,35,1
519,16,Jackson Porozo,DF,0,2,2,0
289,16,Denil Castillo,MF,0,0,0,0
1038,33,Roderick Miller,DF,0,0,0,0
1027,46,Ricardo Pepi,FW,0,18,84,15
591,10,Jorge Carrascal,MF,0,0,0,0
424,28,Gilberto Mora,MF,0,15,96,9
1093,47,Sebastian Caceres,DF,0,8,31,13
1181,2,Valentin Barco,MF,0,0,7,2
131,34,Antonio Sanabria,FW,0,4,38,2
599,33,Jose Fajardo,FW,0,18,99,19
556,10,Jhon Arias,MF,0,33,107,27
574,10,Johan Mojica,DF,0,11,45,3
367,12,Evann Guessand,FW,0,2,9,2
972,12,Parfait Guiagon,MF,0,0,0,0
498,40,Iqraam Rayners,FW,0,7,83,2
950,40,Olwethu Makhanya,DF,0,0,0,0
583,9,Jonathan Osorio,MF,0,1,3,1
235,29,Chemsdine Talbi,MF,0,6,59,7
489,12,Ibrahim Sangare,MF,0,23,114,29
1022,40,Relebohile Mofokeng,FW,0,18,107,13
341,21,Elisha Owusu,MF,0,5,55,10
127,21,Antoine Semenyo,MF,0,26,123,20
1169,17,Trezeguet,FW,0,6,46,4
953,44,Omar Rekik,DF,0,5,17,5
9,21,Abdul Fatawu,FW,0,11,50,5
566,8,Joao Paulo,MF,0,5,25,4
1207,12,Yahia Fofana,GK,0,0,0,0
1226,29,Youssef Belammari,DF,0,0,0,0
160,29,Ayoube Amaimouni,FW,0,4,10,3
95,12,Amad Diallo,FW,0,8,54,12
967,9,Owen Goodman,GK,0,0,0,0
458,44,Hannibal Mejbri,MF,0,19,125,17
413,22,Garven Metusala,DF,0,0,0,0
521,9,Jacob Shaffelburg,MF,0,5,22,6
299,22,Derrick Etienne,FW,0,0,2,0
421,29,Gessime Yassine,MF,0,1,22,6
366,12,Evan Ndicka,DF,0,0,0,0
85,21,Alidu Seidu,DF,0,0,16,6
466,44,Hazem Mastouri,FW,0,1,38,4
1076,29,Samir El Mourabet,MF,0,6,33,5
1112,40,Sipho Chaine,GK,0,0,0,0
637,21,Kamaldeen Sulemana,FW,0,3,62,8
364,21,Ernest Nuamah,FW,0,2,58,6
1143,40,Thalente Mbatha,MF,0,12,99,14
297,9,Derek Cornelius,DF,0,4,29,6
877,17,Mostafa Shoubir,GK,0,0,0,0
422,12,Ghislain Konan,DF,0,14,67,12
751,39,Mamadou Sarr,DF,0,0,0,0
1113,29,Sofyan Amrabat,MF,0,10,49,16
143,39,Assane Diao,FW,0,1,3,0
612,8,Jovane Cabral,MF,0,14,86,7
452,17,Haissem Hassan,FW,0,0,44,0
939,29,Noussair Mazraoui,DF,0,29,59,20
318,22,Duckens Nazon,FW,0,1,6,0
321,44,Dylan Bronn,DF,0,1,4,1
336,39,El Hadji Malick Diouf,DF,0,14,37,5
1010,17,Ramy Rabia,DF,0,12,31,11
171,39,Bara Sapoko Ndiaye,MF,0,2,11,3
544,22,Jean Ricner Bellegarde,MF,0,13,89,17
883,44,Moutaz Neffati,DF,0,0,0,0
34,29,Ahmed Reda Tagnaouti,GK,0,0,0,0
510,29,Issa Diop,DF,0,4,22,3
844,44,Mohamed Amine Ben Hmida,DF,0,7,30,11
1119,40,Sphephelo Sithole,MF,0,7,72,13
455,17,Hamdy Fathy,MF,0,6,82,18
1220,39,Yehvann Diouf,GK,0,0,0,0
107,29,Anass Salah Eddine,DF,0,3,35,10
484,17,Ibrahim Adel,FW,0,2,4,2
781,22,Martin Experience,DF,0,26,91,26
1122,9,Stephen Eustaquio,MF,0,16,91,15
688,39,Lamine Camara,MF,0,11,124,20
640,17,Karim Hafez,DF,0,4,36,13
853,17,Mohamed Salah,FW,0,18,150,9
425,8,Gilson Benchimol,FW,0,5,52,4
283,9,Dayne St Clair,GK,0,0,0,0
580,22,Johny Placide,GK,0,0,0,0
126,39,Antoine Mendy,DF,0,0,0,0
146,21,Augustine Boakye,MF,0,0,0,0
1132,9,Tajon Buchanan,FW,0,29,136,32
975,39,Pathe Ciss,MF,0,3,11,5
339,44,Elias Saad,FW,0,6,53,3
952,17,Omar Marmoush,FW,0,27,109,11
1062,44,Sabri Ben Hessen,GK,0,0,0,0
242,12,Christ Inao Oulai,MF,0,21,82,20
145,40,Aubrey Modiba,DF,0,12,67,14
31,17,Ahmed Fatouh,DF,0,24,49,9
876,39,Mory Diaw,GK,0,0,0,0
690,8,Laros Duarte,MF,0,13,97,4
403,22,Frantzdy Pierrot,FW,0,3,41,3
190,29,Brahim Diaz,FW,0,15,156,24
847,17,Mohamed Elshenawy,GK,0,0,0,0
786,21,Marvin Senaya,DF,0,34,89,24
1026,40,Ricardo Goss,GK,0,0,0,0
662,44,Khalil Ayari,MF,0,0,0,0
1011,44,Rani Khedira,MF,0,6,49,10
1210,44,Yan Valery,DF,0,13,68,10
1025,22,Ricardo Ade,DF,0,3,24,5
1209,12,Yan Diomande,FW,0,20,121,20
347,17,Emam Ashour,MF,0,19,72,12
18,29,Achraf Hakimi,DF,0,19,93,30
1118,29,Soufiane Rahimi,FW,0,5,73,11
645,8,Kelvin Pires,DF,0,0,0,0
495,39,Iliman Ndiaye,FW,0,6,41,8
658,8,Kevin Pina,MF,0,22,93,23
174,12,Bazoumana Toure,FW,0,2,38,2
582,9,Jonathan David,FW,0,45,227,21
1242,17,Zizo,FW,0,4,14,2
744,17,Mahdy Soliman,GK,0,0,0,0
703,22,Lenny Joseph,FW,0,4,43,5
440,12,Guela Doue,DF,0,12,78,19
167,29,Azzedine Ounahi,MF,0,26,199,17
300,21,Derrick Luckassen,DF,0,2,8,4
331,39,Edouard Mendy,GK,0,0,0,0
848,44,Mohamed Hadj Mahmoud,MF,0,1,25,6
1146,40,Themba Zwane,MF,0,2,12,0
889,17,Nabil Donga,MF,0,0,0,0
72,9,Alfie Jones,DF,0,0,0,0
120,44,Anis Slimane,MF,0,5,92,5
970,39,Pape Gueye,MF,0,7,51,10
1203,22,Wilson Isidor,FW,0,7,88,1
541,22,Jean Kevin Duverne,DF,0,3,56,9
21,44,Adam Arous,DF,0,0,0,0
898,9,Nathan Saliba,MF,0,11,43,12
1048,40,Ronwen Williams,GK,0,0,0,0
236,39,Cherif Ndiaye,FW,0,0,0,0
260,8,Dailon Livramento,FW,0,8,93,4
999,21,Prince Adu,FW,0,0,25,4
866,17,Mohanad Lashin,MF,0,23,156,42
1142,40,Thabang Matuludi,DF,0,0,0,0
350,12,Emmanuel Agbadou,DF,0,4,28,8
756,17,Marawan Attia,MF,0,18,182,29
1192,8,Wagner Pina,DF,0,4,19,2
1138,40,Teboho Mokoena,MF,0,13,95,22
505,29,Ismael Saibari,MF,0,32,181,17
159,29,Ayoub El Kaabi,FW,0,2,25,7
882,39,Moussa Niakhate,DF,0,12,21,4
673,21,Kojo Peprah Oppong,DF,0,1,5,0
496,40,Ime Okon,DF,0,3,22,5
1000,9,Promise David,FW,0,6,23,1
246,12,Christopher Operi,DF,0,4,20,3
457,22,Hannes Delcroix,DF,0,9,21,9
504,9,Ismael Kone,MF,0,8,25,5
506,39,Ismail Jakobs,DF,0,13,51,10
503,44,Ismael Gharbi,MF,0,3,62,9
878,17,Mostafa Zico,MF,0,15,192,31
1054,22,Ruben Providence,FW,0,7,100,9
230,29,Chadi Riad,DF,0,7,30,12
851,12,Mohamed Kone,GK,0,0,0,0
880,44,Mouhib Chamakh,GK,0,0,0,0
684,21,Kwasi Sibo,MF,0,5,114,15
741,40,Lyle Foster,FW,0,1,25,1
475,17,Hossam Abdelmaguid,DF,0,4,11,3
638,40,Kamogelo Sebelebele,FW,0,1,4,0
747,17,Mahmoud Saber,MF,0,3,10,1
207,21,Caleb Yirenkyi,MF,0,12,128,14
74,44,Ali Abdi,DF,0,22,102,24
885,29,Munir El Kajoui,GK,0,0,0,0
971,39,Pape Matar Sarr,MF,0,3,25,3
961,40,Oswin Appollis,FW,0,12,115,9
540,9,Jayden Nelson,FW,0,1,2,0
1135,9,Tani Oluwaseyi,FW,0,11,104,20
1212,8,Yannick Semedo,MF,0,3,12,1
1139,8,Telmo Arcanjo,MF,0,6,27,1
917,39,Nicolas Jackson,FW,0,10,106,13
67,22,Alexandre Pierre,GK,0,0,0,0
184,29,Bilal El Khannouss,MF,0,15,127,19
456,17,Hamza Abdelkarim,FW,0,8,36,6
216,22,Carlens Arcus,DF,0,12,34,11
945,12,Odilon Kossounou,DF,0,2,15,6
710,9,Liam Millar,MF,0,3,44,12
1214,17,Yasser Ibrahim,DF,0,21,46,24
1079,40,Samukele Kabini,DF,0,0,0,0
1002,44,Raed Chikhaoui,DF,0,0,0,0
542,12,Jean Michael Seri,MF,0,0,5,1
338,44,Elias Achouri,FW,0,1,19,6
1136,17,Tarek Alaa,DF,0,0,0,0
1198,22,Wilguens Paugain,DF,0,0,0,0
903,29,Neil El Aynaoui,MF,0,51,132,48
189,40,Bradley Cross,DF,0,0,0,0
170,39,Bamba Dieng,FW,0,2,15,0
604,21,Joseph Anang,GK,0,0,0,0
924,9,Niko Sigur,DF,0,4,39,9
965,12,Ousmane Diomande,DF,0,1,3,1
843,17,Mohamed Alaa,GK,0,0,0,0
581,21,Jonas Adjetey,DF,0,3,19,6
487,39,Ibrahim Mbaye,FW,0,2,41,6
679,39,Krepin Diatta,DF,0,7,44,13
368,40,Evidence Makgopa,FW,0,15,76,9
1204,22,Woodensky Pierre,MF,0,0,0,0
1234,29,Zakaria El Ouahdi,DF,0,0,3,1
1110,12,Simon Adingra,FW,0,0,11,1
585,21,Jordan Ayew,FW,0,23,212,19
271,22,Danley Jean Jacques,MF,0,11,78,25
508,39,Ismaila Sarr,FW,0,18,157,11
664,40,Khuliso Mudau,DF,0,32,82,16
245,21,Christopher Bonsu Baah,FW,0,0,0,0
812,40,Mbekezeli Mbokazi,DF,0,9,49,16
401,12,Franck Kessie,MF,0,13,135,13
1018,44,Rayan Elloumi,FW,0,0,0,0
91,9,Alphonso Davies,DF,0,1,4,0
1094,44,Sebastian Tounekti,MF,0,1,33,1
168,21,Baba Rahman,DF,0,0,0,0
155,44,Aymen Dahmen,GK,0,0,0,0
719,9,Luc De Fougerolles,DF,0,17,41,22
963,12,Oumar Diakite,FW,0,3,11,1
795,9,Mathieu Choiniere,MF,0,2,19,2
874,44,Mortadha Ben Ouanes,DF,0,3,10,3
1152,21,Thomas Partey,MF,0,5,52,14
7,39,Abdoulaye Seck,DF,0,1,3,1
346,12,Elye Wahi,FW,0,5,60,3
932,40,Nkosinathi Sibisi,DF,0,2,15,6
919,12,Nicolas Pepe,FW,0,19,97,15
162,29,Ayyoub Bouaddi,MF,0,23,113,36
692,21,Lawrence Ati Zigi,GK,0,0,0,0
1063,39,Sadio Mane,FW,0,14,129,16
773,22,Markhus Lacroix,DF,0,0,0,0
214,22,Carl Sainte,MF,0,0,0,0
179,21,Benjamin Asare,GK,0,0,0,0
1170,40,Tshepang Moremi,FW,0,1,18,1
75,9,Ali Ahmed,FW,0,18,113,12
1144,40,Thapelo Maseko,FW,0,9,97,23
718,22,Louicius Deedson,FW,0,3,30,4
1020,29,Redouane Halhal,DF,0,4,12,9
114,12,Ange Yoan Bonny,FW,0,7,123,7
810,9,Maxime Crepeau,GK,0,0,0,0
194,21,Brandon Thomas Asante,FW,0,3,28,0
89,9,Alistair Johnston,DF,0,12,52,16
1197,12,Wilfried Singo,DF,0,13,24,12
497,21,Inaki Williams,FW,0,3,43,3
665,40,Khulumani Ndamane,DF,0,0,0,0
636,39,Kalidou Koulibaly,DF,0,3,21,5
46,12,Alban Lafont,GK,0,0,0,0
1030,9,Richie Laryea,DF,0,22,79,28
872,44,Montassar Talbi,DF,0,5,17,6
539,40,Jayden Adams,MF,0,2,43,2
423,21,Gideon Mensah,DF,0,10,63,18
572,9,Joel Waterman,DF,0,0,0,0
842,17,Mohamed Abdelmoneim,DF,0,0,0,0
552,21,Jerome Opoku,DF,0,8,10,7
491,39,Idrissa Gana Gueye,MF,0,24,91,23
611,22,Josue Duverger,GK,0,0,0,0
10,21,Abdul Mumin,DF,0,0,0,0
392,44,Firas Chaouat,FW,0,0,18,0
258,9,Cyle Larin,FW,0,8,76,6
868,9,Moise Bombito,DF,0,4,11,2
1095,12,Seko Fofana,MF,0,3,28,1
451,39,Habib Diarra,MF,0,12,73,14
576,38,John Mcginn,MF,0,5,89,3
949,18,Ollie Watkins,FW,0,0,4,1
875,32,Morten Thorsby,MF,0,0,33,3
831,30,Micky Van De Ven,DF,0,8,87,13
406,30,Frenkie De Jong,MF,0,7,85,22
933,30,Noa Lang,FW,0,2,6,1
70,5,Alexis Saelemaekers,MF,0,4,25,1
1206,4,Xaver Schlager,MF,0,3,76,24
594,32,Jorgen Strand Larsen,FW,0,8,56,4
1024,35,Renato Veiga,DF,0,9,45,11
796,5,Matias Fernandez Pardo,FW,0,2,25,4
995,4,Philipp Lienhart,DF,0,1,11,4
400,35,Francisco Trincao,FW,0,2,12,1
468,32,Henrik Falchener,DF,0,0,2,1
767,18,Marcus Rashford,FW,0,1,47,3
288,4,Dejan Ljubicic,MF,0,0,0,0
342,18,Elliot Anderson,MF,0,34,182,58
568,5,Joaquin Seys,DF,0,3,30,2
763,13,Marco Pasalic,FW,0,5,40,7
948,20,Oliver Baumann,GK,0,0,0,0
1150,5,Thibaut Courtois,GK,0,0,0,0
621,19,Jules Kounde,DF,0,33,130,24
182,35,Bernardo Silva,MF,0,5,37,6
142,20,Assan Ouedraogo,MF,0,0,0,0
1003,35,Rafael Leao,FW,0,5,35,4
1077,35,Samu Costa,DF,0,2,10,1
578,18,John Stones,DF,0,5,17,3
778,30,Marten De Roon,MF,0,0,1,0
255,35,Cristiano Ronaldo,FW,0,7,72,6
1046,5,Romelu Lukaku,FW,0,5,56,1
735,13,Luka Sucic,MF,0,1,7,0
533,30,Jan Paul Van Hecke,DF,0,11,56,17
543,19,Jean Philippe Mateta,FW,0,1,23,2
706,20,Leon Goretzka,MF,0,3,20,2
682,32,Kristoffer Ajer,DF,0,12,29,8
1200,19,William Saliba,DF,0,14,28,14
232,5,Charles De Ketelaere,FW,0,19,146,18
461,18,Harry Kane,FW,0,25,262,22
799,30,Mats Wieffer,DF,0,0,0,0
116,20,Angelo Stiller,MF,0,1,7,1
672,18,Kobbie Mainoo,MF,0,0,0,0
490,19,Ibrahima Konate,DF,0,1,2,2
770,13,Mario Pasalic,MF,0,7,23,8
527,18,James Trafford,GK,0,0,0,0
782,32,Martin Odegaard,MF,0,18,195,18
904,35,Nelson Semedo,DF,0,6,31,3
130,20,Antonio Ruediger,DF,0,5,14,4
1159,35,Tomas Araujo,DF,0,1,4,1
587,18,Jordan Henderson,MF,0,0,4,0
1193,20,Waldemar Anton,DF,0,1,13,3
989,35,Pedro Neto,FW,0,9,86,8
936,18,Noni Madueke,FW,0,9,80,16
979,4,Patrick Wimmer,FW,0,4,15,6
277,32,David Moller Wolfe,DF,0,13,70,22
895,30,Nathan Ake,DF,0,8,19,4
383,20,Felix Nmecha,MF,0,9,74,21
1151,5,Thomas Meunier,DF,0,17,48,9
896,5,Nathan Ngoy,DF,0,10,30,15
310,5,Dodi Lukebakio,FW,0,6,67,3
748,20,Malick Thiaw,DF,0,3,7,3
825,4,Michael Gregoritsch,FW,0,9,110,3
113,38,Andy Robertson,DF,0,13,47,5
1141,30,Teun Koopmeiners,MF,0,8,44,9
563,35,Joao Cancelo,DF,0,13,66,13
1120,4,Stefan Posch,DF,0,10,103,29
704,32,Leo Ostigard,DF,0,1,8,3
681,13,Kristijan Jakic,DF,0,0,0,0
319,13,Duje Caleta Car,DF,0,0,0,0
274,4,David Alaba,DF,0,5,28,9
250,38,Craig Gordon,GK,0,0,0,0
64,4,Alexander Schlager,GK,0,0,0,0
724,19,Lucas Hernandez,DF,0,0,0,0
606,20,Joshua Kimmich,DF,0,26,55,9
24,19,Adrien Rabiot,MF,0,10,111,29
564,35,Joao Felix,FW,0,23,99,14
405,32,Fredrik Aursnes,MF,0,8,63,20
588,18,Jordan Pickford,GK,0,0,0,0
779,13,Martin Baturina,MF,0,17,119,8
1187,30,Virgil Van Dijk,DF,0,10,11,4
516,13,Ivor Pandur,GK,0,0,0,0
140,5,Arthur Theate,DF,0,3,10,6
124,38,Anthony Ralston,DF,0,2,9,2
873,18,Morgan Rogers,MF,0,19,132,17
279,20,David Raum,DF,0,18,29,8
891,20,Nadiem Amiri,MF,0,1,11,0
996,4,Phillip Mwene,DF,0,3,32,8
256,30,Crysencio Summerville,FW,0,17,75,13
909,20,Nick Woltemade,FW,0,0,6,1
584,20,Jonathan Tah,DF,0,5,27,9
631,30,Justin Kluivert,MF,0,2,12,0
603,35,Jose Sa,GK,0,0,0,0
263,18,Dan Burn,DF,0,1,1,0
624,32,Julian Ryerson,FW,0,31,53,13
959,32,Oscar Bobb,MF,0,12,113,17
1148,19,Theo Hernandez,DF,0,25,48,10
219,4,Carney Chukwuemeka,MF,0,7,51,4
203,35,Bruno Fernandes,MF,0,27,247,20
307,35,Diogo Dalot,DF,0,2,13,3
396,20,Florian Wirtz,MF,0,17,123,18
313,13,Dominik Livakovic,GK,0,0,0,0
789,13,Mateo Kovacic,MF,0,7,95,16
771,30,Mark Flekken,GK,0,0,0,0
736,13,Luka Vuskovic,DF,0,0,3,2
1087,4,Sasa Kalajdzic,FW,0,8,40,2
984,4,Paul Wanner,MF,0,18,146,20
809,5,Maxim De Cuyper,DF,0,18,77,19
148,19,Aurelien Tchouameni,MF,0,23,68,20
608,13,Josip Sutalo,DF,0,4,17,9
551,5,Jeremy Doku,FW,0,15,134,18
734,13,Luka Modric,MF,0,16,48,12
438,38,Grant Hanley,DF,0,2,11,2
707,20,Leroy Sane,MF,0,10,84,15
525,20,Jamal Musiala,MF,0,13,107,19
762,4,Marco Friedl,DF,0,0,4,1
914,20,Nico Schlotterbeck,DF,0,18,7,6
312,13,Dominik Kotarski,GK,0,0,0,0
308,18,Djed Spence,DF,0,22,107,20
760,4,Marcel Sabitzer,MF,0,26,137,10
431,35,Goncalo Guedes,FW,0,0,0,0
65,32,Alexander Sorloth,FW,0,9,70,8
248,30,Cody Gakpo,FW,0,15,127,7
492,13,Igor Matanovic,FW,0,6,49,10
807,19,Maxence Lacroix,DF,0,1,19,8
655,4,Kevin Danso,DF,0,2,23,8
675,5,Koni De Winter,DF,0,0,0,0
955,32,Orjan Nyland,GK,0,0,0,0
680,32,Kristian Thorstvedt,MF,0,0,38,5
129,32,Antonio Nusa,FW,0,7,112,16
306,35,Diogo Costa,GK,0,0,0,0
900,20,Nathaniel Brown,DF,0,3,64,21
994,13,Petar Sucic,MF,0,11,152,25
817,30,Memphis Depay,FW,0,0,31,2
723,19,Lucas Digne,DF,0,27,52,4
769,13,Marin Pongracic,DF,0,6,13,7
1165,13,Toni Fruk,MF,0,0,0,0
666,38,Kieran Tierney,DF,0,12,31,6
1052,35,Ruben Dias,DF,0,12,27,6
978,4,Patrick Pentz,GK,0,0,0,0
811,20,Maximilian Beier,FW,0,1,9,1
633,20,Kai Havertz,FW,0,19,99,14
205,18,Bukayo Saka,FW,0,6,68,18
1188,35,Vitinha,MF,0,19,124,13
173,30,Bart Verbruggen,GK,0,0,0,0
433,35,Goncalo Ramos,FW,0,5,32,3
394,4,Florian Grillitsch,MF,0,0,49,11
1237,5,Zeno Debast,DF,0,0,0,0
766,32,Marcus Holmgren Pedersen,DF,0,7,50,12
1194,19,Warren Zaire Emery,MF,0,0,15,3
920,5,Nicolas Raskin,MF,0,19,98,21
202,19,Brice Samba,GK,0,0,0,0
1156,5,Timothy Castagne,DF,0,24,127,24
685,19,Kylian Mbappe,FW,0,17,140,13
1059,30,Ryan Gravenberch,MF,0,11,54,15
361,32,Erling Haaland,FW,0,11,108,5
740,30,Lutsharel Geertruida,DF,0,0,0,0
768,19,Marcus Thuram,FW,0,0,0,0
63,4,Alexander Prass,MF,0,0,5,0
1166,32,Torbjorn Heggem,DF,0,2,30,10
49,20,Aleksandar Pavlovic,MF,0,27,76,20
1037,30,Robin Roefs,GK,0,0,0,0
123,18,Anthony Gordon,FW,0,27,151,15
1036,19,Robin Risser,GK,0,0,0,0
993,13,Petar Musa,FW,0,9,76,11
304,5,Diego Moreira,MF,0,5,36,2
928,13,Nikola Vlasic,MF,0,14,82,9
1167,18,Trevoh Chalobah,DF,0,0,0,0
1205,30,Wout Weghorst,FW,0,2,53,2
515,18,Ivan Toney,FW,0,0,1,0
193,5,Brandon Mechele,DF,0,16,48,15
108,32,Andreas Schjelderup,MF,0,18,68,14
1153,30,Tijjani Reijnders,MF,0,7,34,5
921,4,Nicolas Seiwald,MF,0,16,64,19
619,18,Jude Bellingham,MF,0,21,231,31
1053,35,Ruben Neves,MF,0,3,37,0
1056,35,Rui Silva,GK,0,0,0,0
188,19,Bradley Barcola,FW,0,21,117,17
1021,18,Reece James,DF,0,5,66,18
513,13,Ivan Perisic,FW,0,12,88,13
301,19,Desire Doue,FW,0,13,173,22
286,18,Declan Rice,MF,0,10,89,12
791,35,Matheus Nunes,MF,0,0,0,0
1145,32,Thelo Aasgaard,MF,0,3,19,3
609,13,Josko Gvardiol,DF,0,2,24,6
548,32,Jens Petter Hauge,MF,0,0,11,2
96,5,Amadou Onana,MF,0,25,26,9
315,30,Donyell Malen,FW,0,8,47,7
826,19,Michael Olise,FW,0,35,235,21
1115,32,Sondre Langas,DF,0,1,1,1
273,4,David Affengruber,DF,0,0,0,0
696,5,Leandro Trossard,FW,0,26,168,12
153,5,Axel Witsel,MF,0,1,21,3
293,20,Deniz Undav,FW,0,6,53,7
459,5,Hans Vanaken,MF,0,12,145,8
121,13,Ante Budimir,FW,0,13,76,13
1096,5,Senne Lammens,GK,0,0,0,0
676,4,Konrad Laimer,MF,0,19,149,32
565,35,Joao Neves,MF,0,19,192,28
51,4,Alessandro Schoepf,MF,0,0,0,0
656,5,Kevin De Bruyne,MF,0,14,145,13
743,19,Maghnes Akliouche,MF,0,0,8,2
750,19,Malo Gusto,DF,0,1,9,5
432,35,Goncalo Inacio,DF,0,0,0,0
758,18,Marc Guehi,DF,0,7,22,7
908,19,Ngolo Kante,MF,0,0,0,0
926,13,Nikola Moro,MF,0,0,0,0
827,4,Michael Svoboda,DF,0,0,0,0
450,30,Guus Til,MF,0,1,20,1
395,4,Florian Wiegele,GK,0,0,0,0
1224,5,Youri Tielemans,MF,0,19,120,24
198,30,Brian Brobbey,FW,0,18,53,2
912,18,Nico Oreilly,DF,0,19,119,25
834,5,Mike Penders,GK,0,0,0,0
399,35,Francisco Conceicao,FW,0,9,35,4
1001,30,Quinten Timber,MF,0,5,27,7
109,13,Andrej Kramaric,FW,0,0,24,1
752,19,Manu Kone,MF,0,24,91,23
370,18,Ezri Konsa,DF,0,14,63,17
596,30,Jorrel Hato,DF,0,1,23,4
333,32,Egil Selvik,GK,0,0,0,0
284,19,Dayot Upamecano,DF,0,17,54,26
974,20,Pascal Gross,MF,0,1,15,1
1081,32,Sander Tangvik,GK,0,0,0,0
1080,32,Sander Berge,MF,0,9,101,17
535,18,Jarell Quansah,DF,0,13,19,11
833,19,Mike Maignan,GK,0,0,0,0
296,30,Denzel Dumfries,DF,0,24,74,8
62,20,Alexander Nuebel,GK,0,0,0,0
607,13,Josip Stanisic,DF,0,19,75,17
285,18,Dean Henderson,GK,0,0,0,0
941,35,Nuno Mendes,DF,0,10,78,16
780,13,Martin Erlic,DF,0,0,0,0
323,18,Eberechi Eze,MF,0,4,43,0
977,32,Patrick Berg,MF,0,21,168,27
754,20,Manuel Neuer,GK,0,0,0,0
1045,4,Romano Schmid,MF,0,14,142,18
404,32,Fredrik Andre Bjorkan,DF,0,2,21,2
964,19,Ousmane Dembele,FW,0,27,238,13
528,20,Jamie Leweling,MF,0,2,15,4
1017,19,Rayan Cherki,MF,0,10,76,10
818,23,Merchas Doski,DF,0,4,65,25
1219,26,Yazeed Abulaila,GK,0,0,0,0
354,27,Eom Jisung,MF,0,0,2,0
867,26,Mohannad Abutaha,MF,0,21,98,21
77,24,Ali Alipour,FW,0,2,13,4
1157,11,Timothy Fayulu,GK,0,0,0,0
697,27,Lee Donggyeong,MF,0,0,0,0
465,37,Hassan Kadish,DF,0,0,0,0
1065,24,Saeid Ezatolahi,MF,0,22,96,22
79,23,Ali Jasim,FW,0,27,58,8
997,8,Pico Lopes,DF,0,6,36,9
901,37,Nawaf Alaqidi,GK,0,0,0,0
1114,27,Son Heungmin,FW,0,9,54,0
40,23,Akam Hashim,DF,0,3,16,7
1004,1,Rafik Belghali,DF,0,10,64,10
187,36,Boualem Khoukhi,DF,0,5,21,12
643,25,Keisuke Osako,GK,0,0,0,0
1238,23,Zidane Iqbal,MF,0,6,59,10
986,24,Payam Niazmand,GK,0,0,0,0
1005,26,Rajaei Ayed,MF,0,0,0,0
463,36,Hassan Alhaydos,FW,0,8,46,1
1104,25,Shogo Taniguchi,DF,0,3,11,4
864,36,Mohammed Muntari,FW,0,0,0,0
850,37,Mohamed Kanno,MF,0,10,84,14
1127,36,Sultan Albrake,DF,0,2,50,4
1223,11,Yoane Wissa,FW,0,11,118,5
857,26,Mohammad Abuhasheesh,DF,0,0,7,2
669,27,Kim Moonhwan,DF,0,11,19,2
761,8,Marcio Rosa,GK,0,0,0,0
813,24,Mehdi Ghayedi,FW,0,3,13,2
1108,8,Sidny Lopes Cabral,DF,0,22,77,9
231,11,Chancel Mbemba,DF,0,9,23,12
1060,8,Ryan Mendes,FW,0,24,102,14
855,26,Mohammad Abualnadi,DF,0,2,6,3
43,37,Ala Alhajji,MF,0,1,7,1
969,27,Paik Seungho,MF,0,2,31,5
1233,23,Zaid Tahseen,DF,0,1,6,2
1131,36,Tahsin Mohammed,FW,0,0,0,0
644,25,Keito Nakamura,MF,0,9,80,11
902,37,Nawaf Bu Washl,DF,0,3,27,4
105,24,Amirmohammad Razaghinia,MF,0,0,0,0
1230,36,Yusuf Abdurisag,FW,0,8,60,8
393,11,Fiston Mayele,FW,0,3,23,0
1007,1,Ramiz Zerrouki,MF,0,4,23,5
561,27,Jo Hyeonwoo,GK,0,0,0,0
119,1,Anis Hadj Moussa,FW,0,3,34,1
802,11,Matthieu Epolo,GK,0,0,0,0
859,26,Mohammad Aldaoud,MF,0,0,1,0
38,1,Aissa Mandi,DF,0,14,19,6
411,11,Gael Kakuta,FW,0,0,0,0
11,36,Abdulaziz Hatem,MF,0,1,20,0
890,1,Nadhir Benbouali,FW,0,6,19,4
90,36,Almoez Ali,FW,0,1,11,2
884,23,Munaf Younus,DF,0,2,11,5
1147,11,Theo Bongonda,MF,0,1,19,2
1006,24,Ramin Rezaeian,DF,0,9,82,10
947,27,Oh Hyeongyu,FW,0,4,51,5
935,11,Noah Sadiki,MF,0,12,135,17
161,25,Ayumu Seko,DF,0,1,3,2
1100,24,Shahriyar Moghanloo,FW,0,6,52,4
937,26,Noor Alrawabdeh,MF,0,20,182,22
2,11,Aaron Tshibola,MF,0,0,0,0
651,25,Kento Shiogai,FW,0,0,6,2
247,8,Cj Dos Santos,GK,0,0,0,0
485,23,Ibrahim Bayesh,MF,0,14,120,14
668,27,Kim Minjae,DF,0,3,13,4
1228,25,Yukinari Sugawara,DF,0,5,36,4
99,26,Amer Jamous,MF,0,2,26,2
199,11,Brian Cipenga,FW,0,10,72,14
1217,1,Yassine Titraoui,MF,0,0,0,0
233,11,Charles Pickel,MF,0,3,25,3
879,37,Moteb Alharbi,DF,0,11,64,2
667,27,Kim Jingyu,MF,0,3,16,3
83,26,Ali Olwan,FW,0,11,154,7
894,37,Nasser Aldawsari,MF,0,8,106,19
26,36,Ahmed Alaaeldin,FW,0,2,22,4
78,26,Ali Azaizeh,FW,0,3,47,3
775,23,Marko Farji,FW,0,2,34,2
888,1,Nabil Bentaleb,MF,0,16,42,12
141,24,Arya Yousefi,DF,0,1,12,2
1191,8,Vozinha,GK,0,0,0,0
29,23,Ahmed Basil,GK,0,0,0,0
320,11,Dylan Batubinsika,DF,0,0,0,0
530,8,Jamiro Monteiro,MF,0,12,110,23
28,37,Ahmed Alkassar,GK,0,0,0,0
1124,8,Steven Moreira,DF,0,9,77,7
474,36,Homam Ahmed,DF,0,3,45,6
1164,25,Tomoki Hayakawa,GK,0,0,0,0
1240,25,Zion Suzuki,GK,0,0,0,0
483,27,Hwang Inbeom,MF,0,20,62,10
379,1,Fares Ghedjemis,FW,0,0,2,0
1232,23,Zaid Ismael,MF,0,3,52,17
36,37,Aiman Yahya,FW,0,0,0,0
477,24,Hossein Kanani,DF,0,2,17,5
1123,11,Steve Kapuadi,DF,0,6,18,6
144,36,Assim Madibo,MF,0,2,51,7
1033,1,Riyad Mahrez,FW,0,22,102,13
12,37,Abdulelah Alamri,DF,0,7,23,5
33,23,Ahmed Qasem,FW,0,3,81,6
467,8,Helio Varela,MF,0,5,39,2
482,27,Hwang Heechan,MF,0,3,25,3
158,36,Ayoub Aloui,DF,0,2,38,5
101,23,Amir Alammari,MF,0,19,64,19
860,24,Mohammad Ghorbani,MF,0,5,23,3
1070,37,Salem Aldawsari,FW,0,15,120,15
534,1,Jaouen Hadjam,DF,0,8,19,5
837,24,Milad Mohammadi,DF,0,23,62,22
845,1,Mohamed Amine Tougai,DF,0,0,0,0
1171,25,Tsuyoshi Watanabe,DF,0,4,8,3
639,36,Karim Boudiaf,MF,0,2,29,3
595,11,Joris Kayembe,DF,0,4,20,5
237,27,Cho Guesung,FW,0,4,13,1
294,24,Dennis Dargahi,FW,0,0,0,0
865,23,Mohanad Ali,FW,0,1,14,1
940,8,Nuno Da Costa,MF,0,6,61,3
1067,26,Saleem Obaid,DF,0,2,6,3
628,25,Junnosuke Suzuki,DF,0,0,22,4
814,24,Mehdi Taremi,FW,0,17,100,7
486,1,Ibrahim Maza,MF,0,25,153,14
223,11,Cedric Bakambu,FW,0,7,80,4
907,11,Ngalayel Mukau,MF,0,10,125,9
700,27,Lee Jaesung,MF,0,10,46,6
82,24,Ali Nemati,DF,0,5,24,10
1066,36,Salah Zakaria,GK,0,0,0,0
478,1,Houssem Aouar,MF,0,8,61,7
1211,27,Yang Hyunjun,MF,0,2,10,1
1016,1,Rayan Ait Nouri,DF,0,12,70,25
1111,11,Simon Banza,FW,0,3,25,3
261,25,Daizen Maeda,MF,0,18,125,22
1227,25,Yuito Suzuki,MF,0,0,7,2
721,1,Luca Zidane,GK,0,0,0,0
1019,23,Rebin Sulaka,DF,0,2,1,1
726,36,Lucas Mendes,DF,0,1,5,1
856,26,Mohammad Abughoush,MF,0,0,0,0
81,37,Ali Majrashi,DF,0,0,0,0
1126,8,Stopira,DF,0,0,0,0
42,36,Akram Afif,FW,0,16,54,5
154,25,Ayase Ueda,FW,0,11,173,9
511,36,Issa Laye,DF,0,7,30,6
1107,25,Shuto Machino,FW,0,1,4,1
417,11,Gedeon Kalulu,DF,0,0,3,3
642,25,Keisuke Goto,FW,0,1,6,3
412,8,Garry Rodrigues,MF,0,3,23,1
5,26,Abdallah Alfakhori,GK,0,0,0,0
32,23,Ahmed Maknazi,DF,0,2,23,5
1009,1,Ramy Bensebaini,DF,0,7,36,11
100,1,Amine Gouiri,FW,0,7,126,12
1064,26,Saed Alrosan,DF,0,1,3,1
863,37,Mohammed Alowais,GK,0,0,0,0
886,37,Musab Aljuwayr,MF,0,5,107,8
973,27,Park Jinseob,DF,0,1,1,0
6,26,Abdallah Nasib,DF,0,12,38,6
1075,1,Samir Chergui,DF,0,0,4,0
87,24,Alireza Jahanbakhsh,MF,0,2,20,0
678,25,Kou Itakura,DF,0,4,4,2
3,11,Aaron Wan Bissaka,DF,0,12,104,14
629,25,Junya Ito,MF,0,6,77,5
1068,37,Saleh Alshehri,FW,0,0,0,0
298,8,Deroy Duarte,MF,0,13,137,26
887,23,Mustafa Saadoon,DF,0,0,6,2
966,1,Oussama Benbot,GK,0,0,0,0
1049,24,Roozbeh Cheshmi,MF,0,0,0,0
943,26,Odeh Fakhoury,FW,0,7,99,5
823,36,Meshaal Barsham,GK,0,0,0,0
858,26,Mohammad Abuzraiq,FW,0,0,10,3
385,37,Feras Albrikan,FW,0,11,150,11
699,27,Lee Hanbeom,DF,0,5,41,22
931,26,Nizar Alrashdan,MF,0,15,149,17
702,27,Lee Taeseok,DF,0,4,25,5
329,36,Edmilson Junior,FW,0,5,66,11
1072,24,Saman Ghoddos,MF,0,9,102,18
698,27,Lee Gihyuk,MF,0,6,19,4
538,36,Jassem Gaber,DF,0,13,85,14
660,23,Kevin Yakob,MF,0,1,18,2
19,1,Achref Abada,DF,0,0,0,0
132,25,Ao Tanaka,MF,0,12,89,34
1241,37,Ziyad Aljohani,MF,0,0,0,0
1225,23,Youssef Amyn,MF,0,2,25,4
661,37,Khalid Alghannam,FW,0,0,6,0
378,1,Fares Chaibi,MF,0,30,140,16
822,11,Meschack Elia,FW,0,1,25,3
716,8,Logan Costa,DF,0,0,0,0
899,11,Nathanael Mbuku,MF,0,6,67,8
670,27,Kim Seunggyu,GK,0,0,0,0
472,25,Hiroki Ito,DF,0,23,34,14
547,37,Jehad Thikri,DF,0,0,0,0
815,24,Mehdi Torabi,MF,0,1,13,1
488,26,Ibrahim Sadeh,MF,0,0,0,0
1105,24,Shoja Khalilzadeh,DF,0,8,26,12
37,23,Aimar Sher,MF,0,0,4,2
1078,11,Samuel Moutoussamy,MF,0,39,114,31
701,27,Lee Kangin,MF,0,11,81,4
481,23,Hussein Ali,DF,0,9,20,3
80,37,Ali Lajami,DF,0,3,7,3
524,23,Jalal Hassan,GK,0,0,0,0
988,36,Pedro Miguel,DF,0,6,36,8
221,27,Castrop Jens,DF,0,2,13,5
1134,25,Takehiro Tomiyasu,DF,0,4,24,11
402,23,Frans Putros,DF,0,1,26,5
1032,25,Ritsu Doan,MF,0,9,114,19
266,24,Danial Iri,DF,0,0,0,0
30,36,Ahmed Fathy,MF,0,10,73,10
861,24,Mohammad Mohebbi,MF,0,8,133,15
104,24,Amirhossein Hosseinzadeh,FW,0,3,13,3
259,25,Daichi Kamada,MF,0,13,116,22
1088,37,Saud Abdulhamid,DF,0,11,76,18
846,1,Mohamed Amoura,FW,0,2,32,1
330,11,Edo Kayembe,MF,0,20,116,20
1202,8,Willy Semedo,MF,0,6,57,6
27,36,Ahmed Alganehi,MF,0,3,18,4
152,11,Axel Tuanzebe,DF,0,6,20,10
746,26,Mahmoud Almardi,FW,0,6,90,16
938,26,Nour Baniateyah,GK,0,0,0,0
1128,37,Sultan Mandash,FW,0,15,22,5
671,27,Kim Taehyeon,DF,0,0,0,0
23,1,Adil Boulbina,FW,0,1,13,0
476,24,Hossein Hosseini,GK,0,0,0,0
674,25,Koki Ogawa,FW,0,3,18,0
635,25,Kaishu Sano,MF,0,10,108,14
169,27,Bae Junho,MF,0,0,0,0
76,23,Ali Alhamadi,FW,0,13,71,11
334,26,Ehsan Haddad,DF,0,13,80,18
238,27,Cho Wije,DF,0,0,0,0
86,24,Alireza Beiranvand,GK,0,0,0,0
862,37,Mohammed Abu Alshamat,DF,0,10,67,16
16,37,Abdullah Alkhaibari,MF,0,8,81,7
73,36,Alhashmi Alhussein,DF,0,2,20,8
1069,24,Saleh Hardani,DF,0,5,46,6
139,11,Arthur Masuaku,DF,0,9,102,10
881,26,Mousa Altamari,FW,0,10,82,7
471,1,Hicham Boudaoui,MF,0,6,54,8
1133,25,Takefusa Kubo,MF,0,0,49,3
84,23,Ali Yousif,FW,0,2,17,1
377,23,Fahad Talib,GK,0,0,0,0
15,37,Abdullah Alhamddan,FW,0,5,62,5
480,26,Husam Abudahab,DF,0,4,42,14
1116,27,Song Bumkeun,GK,0,0,0,0
1097,27,Seol Youngwoo,DF,0,6,41,6
816,1,Melvin Mastil,GK,0,0,0,0
1239,1,Zineddine Belaid,DF,0,0,2,2
335,24,Ehsan Hajisafi,DF,0,1,27,2
713,11,Lionel Mpasi,GK,0,0,0,0
106,26,Anas Badawi,DF,0,0,0,0
138,6,Armin Gigovic,MF,0,4,33,4
430,14,Godfried Roemeratoe,MF,0,0,4,0
363,6,Ermin Mahmic,MF,0,1,41,3
460,6,Haris Tabakovic,FW,0,0,0,0
137,14,Armando Obispo,DF,0,4,24,9
345,14,Eloy Room,GK,0,0,0,0
653,6,Kerim Alajbegovic,FW,0,9,98,8
192,14,Brandley Kuwas,FW,0,0,2,0
181,6,Benjamin Tahirovic,MF,0,11,84,10
1176,14,Tyrick Bodak,GK,0,0,0,0
1101,14,Sherel Floranus,DF,0,16,95,25
1168,14,Trevor Doornbusch,GK,0,0,0,0
302,14,Deveron Fonville,DF,0,9,73,19
925,6,Nikola Katic,DF,0,14,43,18
715,14,Livano Comenencia,MF,0,13,102,19
1117,14,Sontje Hansen,FW,0,2,31,1
1125,6,Stjepan Radeljic,DF,0,1,9,4
620,14,Juergen Locadia,FW,0,7,76,4
694,14,Leandro Bacuna,MF,0,18,110,17
545,14,Jearl Margaritha,FW,0,3,23,1
1050,14,Roshon Van Eijma,DF,0,1,5,3
1175,14,Tyrese Noslin,FW,0,0,7,2
1031,14,Riechedly Bazoer,DF,0,1,11,3
420,14,Gervane Kastaneer,FW,0,0,17,3
1106,14,Shurandy Sambo,DF,0,0,0,0
841,6,Mladen Jurkas,GK,0,0,0,0
783,6,Martin Zlomislic,GK,0,0,0,0
135,14,Arjany Martha,MF,0,0,0,0
1137,6,Tarik Muharemovic,DF,0,10,25,11
98,6,Amar Memic,MF,0,13,54,10
1130,14,Tahith Chong,MF,0,5,113,9
657,14,Kevin Felida,MF,0,0,0,0
605,14,Joshua Brenet,DF,0,17,65,6
549,14,Jeremy Antonisse,FW,0,1,39,3
1073,6,Samed Bazdar,FW,0,2,6,2
630,14,Jurien Gaari,DF,0,8,30,14
613,6,Jovo Lukic,FW,0,5,34,2
626,14,Juninho Bacuna,MF,0,16,148,21
649,14,Kenji Gorre,FW,0,0,8,1
