player_id,team_id,player_name,position,passes,passes completed,passing_accuracy,crosses,crossing_accuracy,take ons completed,defensive_linebreaks_attempted,defensive_linebreaks_accuracy,switches_of_play_attempted,switches_of_play_accuracy
1039,41,Rodri,MF,694,648,93,3,0,1,16,94,5,80
157,41,Aymeric Laporte,DF,568,533,94,0,0,0,10,60,7,100
981,41,Pau Cubarsi,DF,566,547,97,1,0,0,6,67,1,100
695,2,Leandro Paredes,MF,521,496,95,2,50,1,5,60,6,100
353,2,Enzo Fernandez,MF,483,448,93,5,40,5,20,75,8,88
753,43,Manuel Akanji,DF,479,444,93,0,0,0,8,88,8,100
437,43,Granit Xhaka,MF,470,427,91,4,0,2,15,47,8,100
758,18,Marc Guehi,DF,455,442,97,0,0,2,8,88,4,75
18,29,Achraf Hakimi,DF,449,402,90,38,32,11,7,86,6,83
370,18,Ezri Konsa,DF,440,423,96,3,0,1,3,100,3,67
910,43,Nico Elvedi,DF,438,406,93,0,0,3,2,50,5,100
342,18,Elliot Anderson,MF,434,385,89,6,50,1,17,71,10,90
903,29,Neil El Aynaoui,MF,433,405,94,0,0,1,3,0,3,67
409,7,Gabriel Magalhaes,DF,431,413,96,0,0,0,2,50,2,100
284,19,Dayot Upamecano,DF,429,396,92,0,0,2,6,67,4,100
1080,32,Sander Berge,MF,425,412,97,2,0,1,4,75,2,100
714,2,Lisandro Martinez,DF,424,401,95,3,0,2,9,67,1,100
987,41,Pedri,MF,410,364,89,14,36,2,14,71,2,100
1188,35,Vitinha,MF,403,379,94,0,0,2,7,71,11,100
69,2,Alexis Mac Allister,MF,400,368,92,1,0,1,2,0,3,100
193,5,Brandon Mechele,DF,399,369,92,0,0,1,4,50,2,100
757,41,Marc Cucurella,DF,389,358,92,13,23,1,12,50,2,100
253,2,Cristian Romero,DF,389,378,97,0,0,3,1,0,0,0
1009,1,Ramy Bensebaini,DF,385,359,93,0,0,1,8,38,1,100
38,1,Aissa Mandi,DF,382,357,93,0,0,0,5,20,10,90
777,7,Marquinhos,DF,380,367,97,1,100,0,4,75,6,100
584,20,Jonathan Tah,DF,375,364,97,1,0,1,3,100,1,100
606,20,Joshua Kimmich,DF,368,336,91,25,20,1,9,56,2,100
782,32,Martin Odegaard,MF,367,322,88,16,19,3,18,56,0,0
282,10,Davinson Sanchez,DF,361,324,90,0,0,1,10,20,6,100
533,30,Jan Paul Van Hecke,DF,360,335,93,1,0,1,5,60,4,75
826,19,Michael Olise,FW,360,311,86,20,25,16,26,73,2,100
756,17,Marawan Attia,MF,357,313,88,8,38,0,15,47,8,100
621,19,Jules Kounde,DF,349,310,89,15,13,0,7,43,0,0
1187,30,Virgil Van Dijk,DF,347,330,95,0,0,1,1,100,1,100
1024,35,Renato Veiga,DF,336,320,95,0,0,1,4,50,1,100
712,2,Lionel Messi,FW,332,261,79,41,41,22,32,63,5,80
510,29,Issa Diop,DF,326,299,92,0,0,0,3,0,1,100
1023,43,Remo Freuler,MF,324,299,92,5,20,0,7,71,2,0
1200,19,William Saliba,DF,315,307,97,0,0,1,1,0,2,100
167,29,Azzedine Ounahi,MF,315,281,89,6,33,8,17,65,3,100
24,19,Adrien Rabiot,MF,311,286,92,2,0,2,11,73,1,100
990,41,Pedro Porro,DF,305,274,90,16,31,3,12,33,7,100
1166,32,Torbjorn Heggem,DF,301,282,94,0,0,1,4,25,0,0
1042,2,Rodrigo De Paul,MF,298,274,92,12,42,2,9,67,1,100
1155,46,Tim Ream,DF,298,281,94,0,0,2,6,33,5,100
991,16,Pedro Vite,MF,297,269,91,7,43,1,9,56,2,100
869,16,Moises Caicedo,MF,295,264,89,16,44,0,13,54,3,100
1028,43,Ricardo Rodriguez,DF,295,243,82,17,18,1,24,33,4,50
269,7,Danilo,DF,294,262,89,7,29,1,6,50,1,100
240,46,Chris Richards,DF,291,277,95,0,0,0,2,0,2,100
448,10,Gustavo Puerta,DF,290,264,91,2,0,4,4,50,3,67
882,39,Moussa Niakhate,DF,290,271,93,2,50,0,1,100,4,75
558,10,Jhon Lucumi,DF,285,262,92,0,0,1,6,17,12,100
54,46,Alex Freeman,DF,283,256,90,4,0,13,9,67,4,75
679,39,Krepin Diatta,DF,283,255,90,10,40,6,4,75,1,100
849,17,Mohamed Hany,DF,282,245,87,17,24,4,9,56,1,100
941,35,Nuno Mendes,DF,282,239,85,21,29,8,17,53,4,100
1122,9,Stephen Eustaquio,MF,281,244,87,42,38,2,15,60,3,100
496,40,Ime Okon,DF,280,257,92,0,0,0,2,50,2,50
888,1,Nabil Bentaleb,MF,280,255,91,1,0,0,3,67,1,0
203,35,Bruno Fernandes,MF,278,239,86,22,23,3,20,65,10,90
939,29,Noussair Mazraoui,DF,275,251,91,4,0,5,5,40,0,0
317,7,Douglas Santos,DF,275,256,93,6,17,0,5,60,0,0
546,10,Jefferson Lerma,MF,274,242,88,2,50,1,2,0,1,100
682,32,Kristoffer Ajer,DF,273,256,94,2,100,3,1,100,0,0
396,20,Florian Wirtz,MF,271,223,82,12,42,14,15,67,2,100
491,39,Idrissa Gana Gueye,MF,270,243,90,1,0,0,8,63,5,100
1179,41,Unai Simon,GK,269,219,81,0,0,0,3,33,2,100
964,19,Ousmane Dembele,FW,268,214,80,35,17,9,26,62,6,83
608,13,Josip Sutalo,DF,267,241,90,0,0,3,4,0,7,71
723,19,Lucas Digne,DF,267,237,89,16,6,0,8,50,1,100
588,18,Jordan Pickford,GK,265,190,72,0,0,0,12,42,3,33
162,29,Ayyoub Bouaddi,MF,264,237,90,0,0,6,1,100,1,100
1156,5,Timothy Castagne,DF,263,230,87,20,35,1,8,75,2,50
752,19,Manu Kone,MF,263,242,92,1,0,2,3,100,2,50
565,35,Joao Neves,MF,261,247,95,2,50,3,9,56,3,67
49,20,Aleksandar Pavlovic,MF,260,240,92,1,0,1,1,0,1,100
1214,17,Yasser Ibrahim,DF,260,239,92,0,0,2,1,0,1,100
1224,5,Youri Tielemans,MF,255,221,87,14,21,3,10,50,5,60
439,43,Gregor Kobel,GK,255,190,75,0,0,0,6,0,2,50
148,19,Aurelien Tchouameni,MF,254,239,94,2,0,0,1,100,2,100
1052,35,Ruben Dias,DF,249,233,94,0,0,1,6,33,1,100
892,2,Nahuel Molina,DF,249,215,86,6,0,1,5,40,1,100
286,18,Declan Rice,MF,248,225,91,36,33,2,10,50,4,75
734,13,Luka Modric,MF,248,225,91,9,44,2,9,44,2,100
130,20,Antonio Ruediger,DF,246,230,93,1,0,0,4,25,0,0
809,5,Maxim De Cuyper,DF,246,203,83,16,25,3,9,44,2,100
373,41,Fabian Ruiz,MF,246,220,89,7,29,0,11,64,3,100
1010,17,Ramy Rabia,DF,244,224,92,0,0,0,2,50,8,50
378,1,Fares Chaibi,MF,244,220,90,7,0,3,10,50,3,100
406,30,Frenkie De Jong,MF,243,224,92,0,0,1,5,80,2,100
13,45,Abdulkerim Bardakci,DF,242,222,92,6,33,1,3,33,5,60
89,9,Alistair Johnston,DF,240,184,77,24,25,3,17,53,2,100
556,10,Jhon Arias,MF,240,227,95,6,17,6,7,71,3,100
1201,16,Willian Pacho,DF,238,217,91,0,0,1,2,0,0,0
184,29,Bilal El Khannouss,MF,238,186,78,14,14,6,23,65,2,100
1048,40,Ronwen Williams,GK,237,179,76,0,0,0,7,29,3,67
526,10,James Rodriguez,MF,237,199,84,17,29,2,14,50,9,67
575,28,Johan Vasquez,DF,237,221,93,0,0,0,4,50,1,100
698,27,Lee Gihyuk,MF,236,217,92,4,0,1,3,0,4,100
1172,46,Tyler Adams,MF,231,211,91,0,0,0,6,67,1,100
920,5,Nicolas Raskin,MF,230,197,86,8,38,0,8,0,1,100
794,47,Mathias Olivera,DF,226,213,94,3,0,1,6,50,3,100
668,27,Kim Minjae,DF,226,221,98,0,0,1,0,0,0,0
230,29,Chadi Riad,DF,226,212,94,0,0,1,1,0,1,100
220,7,Casemiro,MF,224,200,89,4,25,1,8,50,4,100
274,4,David Alaba,DF,222,198,89,1,0,0,5,80,1,0
619,18,Jude Bellingham,MF,221,185,84,9,11,12,20,45,5,100
128,46,Antonee Robinson,DF,221,181,82,18,22,10,13,46,2,50
50,3,Alessandro Circati,DF,221,177,80,1,0,1,10,60,4,75
1195,46,Weston Mckennie,MF,220,173,79,11,27,6,27,74,4,75
896,5,Nathan Ngoy,DF,219,205,94,0,0,0,4,25,4,100
483,27,Hwang Inbeom,MF,218,193,89,3,67,1,5,80,2,100
912,18,Nico Oreilly,DF,216,200,93,6,50,4,6,67,2,100
267,10,Daniel Munoz,DF,213,194,91,9,22,0,5,20,0,0
812,40,Mbekezeli Mbokazi,DF,213,185,87,2,0,2,7,57,3,67
689,41,Lamine Yamal,FW,212,181,85,35,20,30,32,72,3,100
1216,29,Yassine Bounou,GK,211,142,67,0,0,0,9,0,0,0
348,2,Emiliano Martinez,GK,211,161,76,0,0,0,8,25,0,0
1016,1,Rayan Ait Nouri,DF,211,190,90,9,0,12,7,57,0,0
833,19,Mike Maignan,GK,210,164,78,0,0,0,3,33,1,100
789,13,Mateo Kovacic,MF,208,198,95,0,0,2,3,67,2,100
347,17,Emam Ashour,MF,207,176,85,3,0,3,7,57,3,100
444,42,Gustaf Lagerbielke,DF,206,173,84,1,0,1,7,57,1,100
955,32,Orjan Nyland,GK,204,138,68,0,0,0,6,0,2,50
265,41,Dani Olmo,FW,203,186,92,1,0,12,15,73,2,100
1030,9,Richie Laryea,DF,202,167,83,4,25,2,15,60,1,100
212,10,Camilo Vargas,GK,202,157,78,0,0,0,10,20,0,0
574,10,Johan Mojica,DF,202,161,80,12,17,0,8,38,1,100
1034,28,Roberto Alvarado,FW,201,163,81,34,32,7,17,47,1,100
708,38,Lewis Ferguson,MF,201,185,92,9,11,0,3,33,1,100
1182,42,Victor Lindelof,DF,200,190,95,0,0,0,3,67,1,100
204,7,Bruno Guimaraes,MF,200,161,81,12,17,0,15,33,4,75
259,25,Daichi Kamada,MF,200,170,85,4,50,1,6,50,3,100
699,27,Lee Hanbeom,DF,200,183,92,2,50,0,3,33,1,100
769,13,Marin Pongracic,DF,200,182,91,0,0,0,1,0,1,100
696,5,Leandro Trossard,FW,199,171,86,11,45,10,11,55,4,75
685,19,Kylian Mbappe,FW,199,173,87,9,11,24,26,77,9,89
360,28,Erik Lira,MF,199,182,91,2,100,2,2,0,5,100
462,3,Harry Souttar,DF,199,171,86,0,0,1,8,38,3,33
472,25,Hiroki Ito,DF,199,178,89,10,20,0,11,27,2,50
622,2,Julian Alvarez,FW,198,170,86,1,0,3,2,50,4,100
1150,5,Thibaut Courtois,GK,198,144,73,0,0,0,5,0,0,0
133,45,Arda Guler,FW,198,170,86,14,29,6,9,67,5,80
53,41,Alex Baena,MF,198,162,82,37,19,3,16,63,2,100
1138,40,Teboho Mokoena,MF,196,176,90,3,0,1,6,50,4,100
305,8,Diney Borges,DF,195,158,81,0,0,0,8,13,9,44
719,9,Luc De Fougerolles,DF,191,170,89,1,0,0,6,67,1,0
866,17,Mohanad Lashin,MF,191,169,88,2,0,2,7,29,6,100
489,12,Ibrahim Sangare,MF,190,172,91,1,0,0,4,50,1,100
727,7,Lucas Paqueta,MF,190,162,85,5,0,2,8,63,1,100
454,45,Hakan Calhanoglu,MF,190,171,90,10,10,0,5,60,7,86
998,16,Piero Hincapie,DF,189,160,85,15,13,2,13,31,0,0
707,20,Leroy Sane,MF,189,161,85,11,18,7,9,44,0,0
401,12,Franck Kessie,MF,188,165,88,4,0,2,13,46,2,50
664,40,Khuliso Mudau,DF,187,168,90,5,20,3,5,20,0,0
277,32,David Moller Wolfe,DF,186,162,87,7,14,3,7,43,0,0
656,5,Kevin De Bruyne,MF,185,153,83,21,24,5,21,48,2,100
291,43,Denis Zakaria,MF,185,160,86,14,14,3,10,70,0,0
1021,18,Reece James,DF,184,169,92,11,27,2,8,38,3,33
578,18,John Stones,DF,184,178,97,0,0,0,1,100,3,100
563,35,Joao Cancelo,DF,184,160,87,12,33,6,9,56,4,75
1004,1,Rafik Belghali,DF,183,168,92,5,40,3,3,67,0,0
598,33,Jose Cordoba,DF,183,169,92,1,0,1,1,100,2,100
31,17,Ahmed Fatouh,DF,182,163,90,7,14,1,11,64,0,0
423,21,Gideon Mensah,DF,182,156,86,3,0,1,6,33,2,100
997,8,Pico Lopes,DF,182,153,84,0,0,0,7,14,5,60
517,38,Jack Hendry,DF,180,171,95,0,0,0,2,0,1,0
296,30,Denzel Dumfries,DF,179,147,82,17,29,1,13,54,0,0
405,32,Fredrik Aursnes,MF,178,158,89,4,25,1,5,20,1,100
110,33,Andres Andrade,DF,178,147,83,8,0,0,7,29,5,80
922,2,Nicolas Tagliafico,DF,177,158,89,4,25,0,7,43,0,0
301,19,Desire Doue,FW,175,148,85,5,40,9,14,43,2,100
386,45,Ferdi Kadioglu,DF,175,161,92,4,0,1,9,78,1,0
977,32,Patrick Berg,MF,174,161,93,13,38,5,1,0,2,100
1041,47,Rodrigo Bentancur,MF,174,157,90,3,0,4,2,50,0,0
1091,6,Sead Kolasinac,DF,173,141,82,9,11,1,5,20,0,0
35,3,Aiden Oneill,MF,172,142,83,8,50,3,12,42,3,33
1093,47,Sebastian Caceres,DF,172,154,90,1,0,0,4,50,3,100
776,31,Marko Stamenic,MF,171,156,91,2,50,2,9,44,1,100
1149,2,Thiago Almada,FW,170,154,91,1,0,3,2,50,2,100
227,28,Cesar Montes,DF,170,156,92,2,0,0,5,40,2,100
297,9,Derek Cornelius,DF,170,151,89,1,0,0,2,50,1,0
139,11,Arthur Masuaku,DF,169,141,83,14,21,2,6,67,5,80
555,28,Jesus Gallardo,DF,167,140,84,19,21,3,11,18,2,100
729,10,Luis Diaz,FW,166,145,87,6,17,7,14,50,10,100
1191,8,Vozinha,GK,166,117,70,0,0,1,2,0,0,0
107,29,Anass Salah Eddine,DF,166,152,92,3,0,0,1,100,0,0
190,29,Brahim Diaz,FW,165,142,86,8,38,15,13,46,0,0
925,6,Nikola Katic,DF,165,148,90,0,0,0,1,0,0,0
459,5,Hans Vanaken,MF,164,153,93,3,0,1,2,50,2,100
655,4,Kevin Danso,DF,164,147,90,1,0,2,1,0,1,100
140,5,Arthur Theate,DF,164,153,93,0,0,0,0,0,0,0
440,12,Guela Doue,DF,163,143,88,11,45,0,9,56,2,100
749,46,Malik Tillman,MF,163,129,79,15,27,7,18,50,2,100
918,2,Nicolas Otamendi,DF,163,156,96,0,0,0,1,100,1,100
607,13,Josip Stanisic,DF,162,140,86,5,20,2,9,67,3,100
231,11,Chancel Mbemba,DF,162,130,80,4,0,2,7,43,3,100
970,39,Pape Gueye,MF,161,138,86,3,33,1,13,54,5,100
687,15,Ladislav Krejci,DF,160,135,84,2,50,0,2,50,1,100
132,25,Ao Tanaka,MF,160,145,91,0,0,3,1,0,0,0
308,18,Djed Spence,DF,160,142,89,9,0,4,12,75,0,0
957,34,Orlando Gill,GK,159,68,43,0,0,0,10,0,1,100
701,27,Lee Kangin,MF,159,140,88,20,25,9,12,75,7,86
658,8,Kevin Pina,MF,156,134,86,1,0,3,1,0,3,67
152,11,Axel Tuanzebe,DF,155,140,90,0,0,0,0,0,2,100
989,35,Pedro Neto,FW,155,137,88,13,23,7,11,73,2,50
1014,28,Raul Rangel,GK,155,120,77,0,0,0,4,0,1,100
927,6,Nikola Vasilj,GK,155,94,61,0,0,0,4,0,0,0
350,12,Emmanuel Agbadou,DF,154,142,92,0,0,0,1,0,0,0
1137,6,Tarik Muharemovic,DF,153,132,86,0,0,1,3,67,3,100
1125,6,Stjepan Radeljic,DF,153,137,90,0,0,0,2,100,2,50
332,28,Edson Alvarez,DF,153,138,90,2,50,1,3,0,4,75
921,4,Nicolas Seiwald,MF,153,141,92,3,33,0,2,100,1,100
113,38,Andy Robertson,DF,153,124,81,11,36,1,7,14,3,33
1152,21,Thomas Partey,MF,152,134,88,0,0,1,4,50,0,0
764,41,Marcos Llorente,DF,152,142,93,6,33,1,5,80,0,0
969,27,Paik Seungho,MF,152,135,89,1,0,0,7,43,1,100
457,22,Hannes Delcroix,DF,151,146,97,1,0,0,2,50,1,100
513,13,Ivan Perisic,FW,150,132,88,19,16,2,9,56,1,100
676,4,Konrad Laimer,MF,150,130,87,7,14,3,8,63,0,0
624,32,Julian Ryerson,FW,149,131,88,14,50,3,13,46,0,0
945,12,Odilon Kossounou,DF,149,141,95,0,0,0,1,100,0,0
422,12,Ghislain Konan,DF,149,124,83,9,22,9,9,44,2,100
40,23,Akam Hashim,DF,148,126,85,0,0,4,3,33,1,100
44,16,Alan Franco,MF,148,140,95,4,0,0,3,33,0,0
435,16,Gonzalo Plata,FW,147,118,80,9,11,8,8,38,1,100
877,17,Mostafa Shoubir,GK,147,114,78,0,0,0,3,0,0,0
408,42,Gabriel Gudmundsson,DF,147,112,76,5,20,1,7,14,2,100
1033,1,Riyad Mahrez,FW,147,127,86,9,33,0,9,67,6,100
1078,11,Samuel Moutoussamy,MF,147,122,83,1,100,0,6,17,4,100
391,31,Finn Surman,DF,145,135,93,0,0,0,1,100,0,0
569,31,Joe Bell,MF,143,120,84,0,0,2,0,0,1,100
1209,12,Yan Diomande,FW,142,127,89,21,24,15,15,53,1,100
1186,7,Vinicius Junior,FW,142,116,82,15,40,23,21,76,4,100
486,1,Ibrahim Maza,MF,141,111,79,1,0,12,13,46,1,100
818,23,Merchas Doski,DF,141,115,82,3,67,0,13,23,1,100
1105,24,Shoja Khalilzadeh,DF,141,118,84,0,0,0,1,0,2,100
995,4,Philipp Lienhart,DF,140,128,91,0,0,0,3,67,1,100
713,11,Lionel Mpasi,GK,139,94,68,0,0,0,5,0,0,0
975,39,Pathe Ciss,MF,139,128,92,0,0,0,0,0,8,75
145,40,Aubrey Modiba,DF,139,115,83,8,50,1,9,33,1,100
375,2,Facundo Medina,DF,139,131,94,4,50,0,1,100,0,0
1206,4,Xaver Schlager,MF,138,130,94,1,0,1,1,100,0,0
3,11,Aaron Wan Bissaka,DF,137,109,80,7,29,2,5,60,0,0
1092,46,Sebastian Berhalter,MF,136,114,84,9,78,1,10,80,3,67
755,47,Manuel Ugarte,MF,136,118,87,0,0,0,4,50,1,0
1025,22,Ricardo Ade,DF,136,121,89,0,0,0,5,40,1,100
853,17,Mohamed Salah,FW,136,112,82,16,19,4,9,44,0,0
623,28,Julian Quinones,FW,135,111,82,4,50,5,7,100,2,100
443,47,Guillermo Varela,DF,134,119,89,10,30,1,8,75,1,100
88,7,Alisson,GK,132,107,81,0,0,1,3,0,1,100
1120,4,Stefan Posch,DF,132,98,74,2,0,0,11,36,0,0
836,41,Mikel Oyarzabal,FW,132,112,85,8,13,2,4,25,2,50
900,20,Nathaniel Brown,DF,131,115,88,19,32,2,6,67,0,0
383,20,Felix Nmecha,MF,131,120,92,2,0,5,4,75,1,0
635,25,Kaishu Sano,MF,131,124,95,1,100,2,1,100,1,100
593,28,Jorge Sanchez,DF,131,121,92,5,20,0,1,0,0,0
688,39,Lamine Camara,MF,131,117,89,8,50,2,4,50,1,100
544,22,Jean Ricner Bellegarde,MF,130,112,86,12,25,1,5,60,4,100
455,17,Hamdy Fathy,MF,130,119,92,1,0,0,3,0,3,100
1063,39,Sadio Mane,FW,129,106,82,22,27,10,14,71,2,100
1119,40,Sphephelo Sithole,MF,129,109,84,0,0,0,1,0,5,80
82,24,Ali Nemati,DF,129,114,88,3,33,0,3,0,2,100
754,20,Manuel Neuer,GK,129,118,91,0,0,0,1,0,0,0
313,13,Dominik Livakovic,GK,129,95,74,0,0,0,0,0,0,0
614,34,Juan Jose Caceres,DF,129,80,62,9,11,6,13,31,2,50
1238,23,Zidane Iqbal,MF,128,118,92,1,100,5,2,50,5,100
500,42,Isak Hien,DF,128,122,95,0,0,0,1,0,1,100
1134,25,Takehiro Tomiyasu,DF,127,109,86,1,0,1,6,33,2,0
1104,25,Shogo Taniguchi,DF,127,122,96,1,0,0,1,0,0,0
994,13,Petar Sucic,MF,127,110,87,6,17,2,5,20,1,100
760,4,Marcel Sabitzer,MF,126,94,75,30,33,3,16,69,1,100
1059,30,Ryan Gravenberch,MF,126,111,88,5,20,5,3,67,0,0
306,35,Diogo Costa,GK,125,98,78,0,0,0,5,20,2,0
300,21,Derrick Luckassen,DF,125,109,87,0,0,0,3,0,1,100
242,12,Christ Inao Oulai,MF,125,115,92,0,0,4,4,100,3,100
101,23,Amir Alammari,MF,125,99,79,7,43,1,7,57,0,0
694,14,Leandro Bacuna,MF,125,108,86,4,0,4,4,25,1,100
819,45,Merih Demiral,DF,124,119,96,1,0,0,5,40,2,100
518,3,Jackson Irvine,MF,124,103,83,2,50,1,2,0,2,100
1057,48,Rustam Ashurmatov,DF,123,101,82,0,0,0,4,0,1,100
173,30,Bart Verbruggen,GK,123,89,72,0,0,0,2,0,0,0
64,4,Alexander Schlager,GK,123,106,86,0,0,0,0,0,0,0
1148,19,Theo Hernandez,DF,123,117,95,4,25,1,2,50,1,100
914,20,Nico Schlotterbeck,DF,123,110,89,0,0,1,3,67,4,75
895,30,Nathan Ake,DF,123,112,91,1,0,0,3,0,0,0
1097,27,Seol Youngwoo,DF,123,113,92,11,27,0,6,83,0,0
810,9,Maxime Crepeau,GK,123,92,75,0,0,0,2,0,1,0
458,44,Hannibal Mejbri,MF,123,94,76,9,33,2,11,55,7,71
976,3,Patrick Beach,GK,122,79,65,0,0,0,3,0,0,0
647,45,Kenan Yildiz,FW,121,108,89,8,13,8,10,70,1,0
560,33,Jiovany Ramos,DF,121,108,89,0,0,3,2,0,2,50
381,47,Federico Valverde,MF,120,98,82,8,0,2,12,67,5,100
581,21,Jonas Adjetey,DF,120,105,88,0,0,0,0,0,4,75
1020,29,Redouane Halhal,DF,119,113,95,0,0,0,0,0,1,100
117,38,Angus Gunn,GK,119,90,76,0,0,0,0,0,1,100
962,48,Otabek Shukurov,MF,117,103,88,1,0,2,3,33,3,100
506,39,Ismail Jakobs,DF,117,106,91,19,21,1,9,78,0,0
111,34,Andres Cubas,MF,117,97,83,0,0,0,1,0,1,100
187,36,Boualem Khoukhi,DF,117,94,80,1,0,0,8,25,3,100
644,25,Keito Nakamura,MF,117,100,85,9,33,5,10,80,0,0
831,30,Micky Van De Ven,DF,117,105,90,3,0,1,3,67,0,0
633,20,Kai Havertz,FW,117,101,86,3,67,1,2,0,0,0
1151,5,Thomas Meunier,DF,116,98,84,8,38,1,8,38,2,50
271,22,Danley Jean Jacques,MF,116,102,88,2,0,1,1,0,3,100
1035,15,Robin Hranac,DF,116,104,90,1,0,0,2,0,0,0
935,11,Noah Sadiki,MF,116,103,89,1,100,3,3,33,0,0
670,27,Kim Seunggyu,GK,116,85,73,0,0,0,9,11,2,50
627,34,Junior Alonso,DF,116,69,59,1,0,0,7,29,2,100
552,21,Jerome Opoku,DF,115,95,83,0,0,1,7,43,7,57
824,31,Michael Boxall,DF,115,104,90,1,100,0,0,0,0,0
1207,12,Yahia Fofana,GK,114,74,65,0,0,0,1,100,0,0
640,17,Karim Hafez,DF,113,99,88,2,0,1,2,50,1,100
872,44,Montassar Talbi,DF,113,107,95,0,0,0,0,0,4,75
797,34,Matias Galarza,MF,113,82,73,4,25,2,6,33,0,0
571,16,Joel Ordonez,DF,113,101,89,0,0,1,2,50,1,100
123,18,Anthony Gordon,FW,113,96,85,10,20,10,18,72,0,0
1088,37,Saud Abdulhamid,DF,113,88,78,4,25,2,3,67,1,0
103,33,Amir Murillo,DF,112,88,79,8,50,5,12,58,1,100
1101,14,Sherel Floranus,DF,112,95,85,0,0,1,3,33,1,100
781,22,Martin Experience,DF,111,93,84,6,0,1,6,33,3,100
868,9,Moise Bombito,DF,111,96,86,0,0,0,4,50,1,100
937,26,Noor Alrawabdeh,MF,111,84,76,0,0,4,10,40,5,80
959,32,Oscar Bobb,MF,111,102,92,2,0,6,5,20,0,0
507,45,Ismail Yuksek,MF,111,104,94,1,0,3,2,50,2,100
1189,15,Vladimir Coufal,DF,110,79,72,20,30,1,10,60,1,0
1076,29,Samir El Mourabet,MF,110,100,91,1,0,1,4,50,1,100
65,32,Alexander Sorloth,FW,110,88,80,5,20,2,5,100,0,0
678,25,Kou Itakura,DF,110,107,97,0,0,0,1,100,0,0
1240,25,Zion Suzuki,GK,109,76,70,0,0,0,6,17,0,0
1124,8,Steven Moreira,DF,109,88,81,4,75,3,3,0,0,0
897,38,Nathan Patterson,DF,109,94,86,2,0,1,3,0,1,100
326,33,Edgar Yoel Barcenas,MF,109,96,88,5,40,2,3,67,4,100
344,44,Ellyes Skhiri,MF,109,99,91,0,0,0,3,0,2,100
919,12,Nicolas Pepe,FW,109,93,85,10,30,5,10,60,0,0
504,9,Ismael Kone,MF,108,93,86,2,0,2,0,0,0,0
586,3,Jordan Bos,DF,107,94,88,8,38,8,8,38,1,100
1213,42,Yasin Ayari,MF,107,84,79,17,29,2,2,0,3,67
806,31,Max Crocombe,GK,107,78,73,0,0,0,4,0,0,0
894,37,Nasser Aldawsari,MF,107,92,86,1,0,5,2,50,1,0
181,6,Benjamin Tahirovic,MF,107,91,85,2,0,0,2,0,1,100
218,33,Carlos Harvey,DF,107,85,79,1,0,4,3,33,6,67
766,32,Marcus Holmgren Pedersen,DF,107,87,81,7,43,0,4,0,0,0
1218,26,Yazan Alarab,DF,106,94,89,0,0,2,1,0,0,0
530,8,Jamiro Monteiro,MF,106,87,82,6,33,0,3,33,0,0
1113,29,Sofyan Amrabat,MF,106,98,92,0,0,0,3,67,2,100
725,3,Lucas Herrington,DF,106,101,95,0,0,0,0,0,0,0
731,28,Luis Romo,MF,106,93,88,2,50,0,5,40,0,0
470,16,Hernan Galindez,GK,105,70,67,0,0,0,5,60,0,0
580,22,Johny Placide,GK,105,67,64,0,0,0,2,0,0,0
188,19,Bradley Barcola,FW,105,94,90,7,14,10,10,70,0,0
1108,8,Sidny Lopes Cabral,DF,105,87,83,11,9,3,3,33,0,0
1032,25,Ritsu Doan,MF,105,89,85,5,0,1,5,80,0,0
1007,1,Ramiz Zerrouki,MF,105,97,92,0,0,0,2,100,5,100
850,37,Mohamed Kanno,MF,104,97,93,1,0,1,6,67,3,100
721,1,Luca Zidane,GK,104,91,88,0,0,0,0,0,0,0
108,32,Andreas Schjelderup,MF,104,89,86,7,14,4,9,56,2,50
525,20,Jamal Musiala,MF,104,86,83,8,0,10,9,67,0,0
579,16,John Yeboah,FW,104,85,82,9,44,9,9,67,1,0
512,6,Ivan Basic,MF,104,96,92,12,58,2,2,50,3,100
582,9,Jonathan David,FW,103,76,74,6,0,1,10,60,1,100
958,33,Orlando Mosquera,GK,103,74,72,0,0,0,2,0,2,100
911,2,Nico Gonzalez,MF,103,85,83,9,44,4,8,63,0,0
615,47,Juan Manuel Sanabria,MF,103,89,86,12,0,0,4,75,0,0
509,28,Israel Reyes,DF,102,93,91,2,50,0,2,0,6,67
1098,46,Sergino Dest,DF,102,89,87,7,29,9,14,64,0,0
514,6,Ivan Sunjic,MF,102,88,86,1,0,0,2,0,1,0
1159,35,Tomas Araujo,DF,102,98,96,0,0,0,0,0,2,50
438,38,Grant Hanley,DF,101,94,93,0,0,0,5,40,3,100
298,8,Deroy Duarte,MF,101,87,86,1,100,0,2,50,1,100
303,34,Diego Gomez,MF,101,80,79,2,0,2,4,25,2,100
248,30,Cody Gakpo,FW,100,79,79,10,10,7,18,67,1,0
461,18,Harry Kane,FW,99,73,74,3,33,1,11,55,2,100
255,35,Cristiano Ronaldo,FW,99,86,87,1,0,0,4,25,0,0
704,32,Leo Ostigard,DF,99,84,85,0,0,0,0,0,4,25
1015,7,Rayan,FW,99,93,94,10,20,5,5,100,1,100
340,31,Elijah Just,MF,99,85,86,1,0,4,5,20,2,50
97,6,Amar Dedic,DF,99,80,81,0,0,8,1,0,3,100
12,37,Abdulelah Alamri,DF,99,81,82,1,100,0,3,67,0,0
1065,24,Saeid Ezatolahi,MF,99,78,79,0,0,1,4,50,0,0
961,40,Oswin Appollis,FW,99,82,83,7,14,5,3,33,1,100
844,44,Mohamed Amine Ben Hmida,DF,98,81,83,0,0,0,1,0,1,0
1177,45,Ugurcan Cakir,GK,98,77,79,0,0,0,0,0,1,100
8,48,Abdukodir Khusanov,DF,98,81,83,0,0,0,1,0,1,100
1006,24,Ramin Rezaeian,DF,98,68,69,17,29,1,12,50,0,0
6,26,Abdallah Nasib,DF,97,70,72,0,0,0,1,0,0,0
1143,40,Thalente Mbatha,MF,97,82,85,4,0,0,4,50,1,100
951,34,Omar Alderete,DF,97,70,72,0,0,1,3,33,2,50
309,43,Djibril Sow,MF,97,83,86,4,25,0,7,57,1,100
787,15,Matej Kovar,GK,97,62,64,0,0,0,3,33,0,0
137,14,Armando Obispo,DF,97,87,90,0,0,1,1,100,1,100
807,19,Maxence Lacroix,DF,96,91,95,0,0,2,0,0,1,100
1090,38,Scott Mctominay,MF,96,87,91,0,0,4,1,100,2,100
876,39,Mory Diaw,GK,95,64,67,0,0,0,2,0,1,100
505,29,Ismael Saibari,MF,95,80,84,7,29,4,8,75,1,100
1132,9,Tajon Buchanan,FW,95,76,80,17,18,6,9,56,1,100
800,46,Matt Freese,GK,95,63,66,0,0,0,2,0,0,0
369,2,Exequiel Palacios,MF,94,89,95,0,0,0,0,0,0,0
428,46,Giovanni Reyna,MF,94,79,84,1,0,1,9,78,1,100
936,18,Noni Madueke,FW,94,82,87,22,41,10,14,79,0,0
779,13,Martin Baturina,MF,93,80,86,10,20,8,8,50,1,100
209,31,Callum Mccowatt,MF,93,78,84,2,0,1,3,33,0,0
42,36,Akram Afif,FW,93,73,78,12,33,2,12,42,3,67
863,37,Mohammed Alowais,GK,93,53,57,0,0,0,4,0,0,0
745,36,Mahmoud Abunada,GK,93,50,54,0,0,0,8,0,0,0
86,24,Alireza Beiranvand,GK,93,62,67,0,0,2,2,0,1,100
898,9,Nathan Saliba,MF,93,79,85,4,25,1,4,75,1,100
684,21,Kwasi Sibo,MF,93,88,95,0,0,1,1,100,2,100
953,44,Omar Rekik,DF,93,77,83,2,0,0,4,25,1,100
1197,12,Wilfried Singo,DF,92,79,86,1,0,3,0,0,0,0
264,43,Dan Ndoye,FW,92,73,79,13,15,8,10,50,0,0
786,21,Marvin Senaya,DF,91,75,82,8,25,1,4,75,1,100
1045,4,Romano Schmid,MF,91,65,71,4,50,1,5,40,1,100
232,5,Charles De Ketelaere,FW,91,72,79,5,0,3,13,46,1,0
904,35,Nelson Semedo,DF,91,84,92,5,0,3,3,0,0,0
447,34,Gustavo Gomez,DF,91,80,88,0,0,0,0,0,0,0
790,7,Matheus Cunha,FW,90,78,87,5,0,3,11,36,0,0
653,6,Kerim Alajbegovic,FW,90,69,77,16,6,12,13,77,1,0
551,5,Jeremy Doku,FW,90,74,82,11,36,21,16,81,0,0
511,36,Issa Laye,DF,90,85,94,0,0,1,1,0,0,0
618,10,Juan Quintero,MF,89,74,83,12,33,1,11,64,8,88
336,39,El Hadji Malick Diouf,DF,89,74,83,9,33,0,7,71,0,0
983,3,Paul Okon Engstler,MF,89,77,87,1,100,1,6,83,2,100
609,13,Josko Gvardiol,DF,89,77,87,0,0,0,7,57,2,50
345,14,Eloy Room,GK,89,48,54,0,0,0,1,0,0,0
1055,43,Ruben Vargas,FW,88,65,74,24,25,7,16,44,0,0
711,31,Liberato Cacace,DF,88,75,85,6,17,2,4,25,0,0
722,42,Lucas Bergvall,MF,88,80,91,2,0,2,2,100,0,0
372,43,Fabian Rieder,MF,87,71,82,16,0,2,10,40,2,100
1154,31,Tim Payne,DF,87,72,83,9,11,1,3,0,0,0
464,37,Hassan Altambakti,DF,87,71,82,0,0,0,2,0,0,0
867,26,Mohannad Abutaha,MF,87,59,68,6,50,6,6,50,2,0
424,28,Gilberto Mora,MF,87,79,91,5,20,2,5,80,1,100
471,1,Hicham Boudaoui,MF,86,83,97,0,0,1,4,75,1,100
629,25,Junya Ito,MF,85,65,76,17,35,3,10,60,1,100
956,45,Orkun Kokcu,MF,85,60,71,6,0,2,4,25,0,0
829,15,Michal Sadilek,MF,84,69,82,11,18,0,4,50,2,100
478,1,Houssem Aouar,MF,84,79,94,1,100,1,3,100,0,0
767,18,Marcus Rashford,FW,84,73,87,16,13,5,16,75,1,100
129,32,Antonio Nusa,FW,83,62,75,7,14,10,6,33,1,100
636,39,Kalidou Koulibaly,DF,83,73,88,0,0,0,1,0,3,100
878,17,Mostafa Zico,MF,83,57,69,2,50,0,7,43,1,100
1003,35,Rafael Leao,FW,82,71,87,8,50,12,8,63,2,50
164,3,Aziz Behich,DF,82,60,73,6,17,1,1,0,1,100
835,41,Mikel Merino,MF,82,72,88,1,0,2,3,67,1,100
1060,8,Ryan Mendes,FW,82,70,85,5,0,6,4,50,1,100
1070,37,Salem Aldawsari,FW,81,58,72,2,0,7,4,75,1,100
1169,17,Trezeguet,FW,81,68,84,3,0,4,5,40,1,100
434,2,Gonzalo Montiel,DF,81,69,85,5,0,0,0,0,0,0
244,46,Christian Pulisic,FW,81,71,88,6,17,8,7,71,0,0
821,45,Mert Muldur,DF,81,72,89,6,17,0,4,100,0,0
61,42,Alexander Isak,FW,81,65,80,4,0,3,5,60,2,50
249,3,Connor Metcalfe,MF,80,65,81,8,13,3,7,71,1,0
1210,44,Yan Valery,DF,80,54,68,7,29,3,8,13,1,100
984,4,Paul Wanner,MF,80,68,85,1,0,3,4,75,1,100
837,24,Milad Mohammadi,DF,80,66,83,4,0,6,4,75,0,0
931,26,Nizar Alrashdan,MF,80,62,78,0,0,5,7,43,2,100
449,34,Gustavo Velazquez,DF,80,57,71,4,0,0,6,17,3,100
225,33,Cesar Blackman,DF,79,69,87,0,0,4,2,100,0,0
1236,45,Zeki Celik,DF,79,70,89,1,0,0,1,100,1,100
41,48,Akmal Mozgovoy,MF,79,65,82,0,0,2,8,50,3,67
886,37,Musab Aljuwayr,MF,79,64,81,7,43,1,7,43,0,0
988,36,Pedro Miguel,DF,78,59,76,2,50,2,7,29,2,100
251,33,Cristian Martinez,MF,78,57,73,12,17,1,9,22,1,0
929,16,Nilson Angulo,FW,78,63,81,8,38,16,14,50,0,0
873,18,Morgan Rogers,MF,78,64,82,6,17,3,11,82,0,0
246,12,Christopher Operi,DF,78,70,90,1,0,1,3,33,0,0
952,17,Omar Marmoush,FW,77,65,84,5,0,6,12,75,3,100
879,37,Moteb Alharbi,DF,77,57,74,2,0,1,5,20,0,0
93,28,Alvaro Fidalgo,MF,77,72,94,3,0,0,3,0,2,100
205,18,Bukayo Saka,FW,76,62,82,19,21,10,6,67,1,100
1017,19,Rayan Cherki,MF,76,64,84,2,0,1,7,43,1,100
830,43,Michel Aebischer,MF,76,66,87,6,0,2,3,33,0,0
388,41,Ferran Torres,FW,76,58,76,5,0,2,11,45,0,0
1086,31,Sarpreet Singh,MF,76,58,76,7,0,3,6,17,2,100
122,42,Anthony Elanga,FW,76,60,79,12,0,3,9,33,0,0
120,44,Anis Slimane,MF,75,59,79,4,50,0,2,50,2,100
626,14,Juninho Bacuna,MF,75,60,80,5,20,7,4,25,1,100
965,12,Ousmane Diomande,DF,74,72,97,0,0,0,0,0,0,0
74,44,Ali Abdi,DF,74,51,69,5,0,2,5,60,0,0
95,12,Amad Diallo,FW,73,69,95,7,29,7,4,100,1,100
508,39,Ismaila Sarr,FW,73,57,78,2,0,4,10,50,0,0
1109,43,Silvan Widmer,DF,73,57,78,4,25,0,5,40,1,100
522,42,Jacob Widell Zetterstrom,GK,73,39,53,0,0,0,6,17,0,0
1228,25,Yukinari Sugawara,DF,73,52,71,5,20,1,4,25,2,50
334,26,Ehsan Haddad,DF,73,54,74,7,29,1,9,78,0,0
765,2,Marcos Senesi,DF,73,70,96,0,0,0,1,0,0,0
399,35,Francisco Conceicao,FW,73,65,89,5,40,4,7,86,0,0
14,48,Abdulla Abdullaev,DF,72,65,90,0,0,1,1,100,0,0
195,43,Breel Embolo,FW,72,56,78,1,0,2,8,63,0,0
337,48,Eldor Shomurodov,FW,72,52,72,1,0,5,4,25,0,0
365,6,Esmir Bajraktarevic,FW,71,58,82,8,0,3,0,0,0,0
814,24,Mehdi Taremi,FW,71,58,82,2,0,3,4,25,0,0
29,23,Ahmed Basil,GK,71,42,59,0,0,0,3,0,0,0
1232,23,Zaid Ismael,MF,71,63,89,0,0,1,0,0,1,0
387,47,Fernando Muslera,GK,71,57,80,0,0,0,1,0,0,0
691,2,Lautaro Martinez,FW,71,60,85,2,50,1,2,50,0,0
1184,42,Viktor Gyokeres,FW,70,48,69,1,100,1,8,50,1,100
207,21,Caleb Yirenkyi,MF,70,62,89,1,0,2,4,25,0,0
541,22,Jean Kevin Duverne,DF,69,59,86,2,50,2,1,100,0,0
804,34,Mauricio,MF,69,54,78,12,17,1,4,25,1,100
535,18,Jarell Quansah,DF,69,60,87,1,0,0,1,0,1,0
1223,11,Yoane Wissa,FW,69,60,87,2,0,1,5,40,0,0
639,36,Karim Boudiaf,MF,69,65,94,0,0,0,4,50,0,0
861,24,Mohammad Mohebbi,MF,69,49,71,1,0,0,3,33,1,0
907,11,Ngalayel Mukau,MF,69,60,87,0,0,1,1,100,0,0
80,37,Ali Lajami,DF,68,56,82,0,0,0,4,75,5,80
625,34,Julio Enciso,FW,68,55,81,7,43,11,3,33,2,50
25,47,Agustin Canobbio,MF,68,61,90,9,33,2,5,60,0,0
1173,31,Tyler Bindon,DF,68,49,72,0,0,1,6,33,2,50
127,21,Antoine Semenyo,MF,68,52,76,5,0,5,5,60,0,0
487,39,Ibrahim Mbaye,FW,67,63,94,8,13,4,9,44,0,0
710,9,Liam Millar,MF,67,50,75,10,20,4,8,50,0,0
60,42,Alexander Bernhardsson,DF,67,51,76,3,0,4,3,67,1,100
534,1,Jaouen Hadjam,DF,67,56,84,0,0,5,1,0,0,0
429,2,Giuliano Simeone,FW,67,60,90,4,0,1,3,100,0,0
832,34,Miguel Almiron,MF,67,49,73,4,0,6,6,67,0,0
256,30,Crysencio Summerville,FW,67,56,84,8,13,5,6,83,0,0
1153,30,Tijjani Reijnders,MF,67,53,79,15,40,0,4,50,0,0
1219,26,Yazeed Abulaila,GK,66,42,64,0,0,0,3,33,0,0
1161,15,Tomas Holes,DF,66,55,83,0,0,1,1,0,3,100
683,42,Kristoffer Nordfeldt,GK,66,45,68,0,0,0,3,67,1,100
254,3,Cristian Volpato,FW,66,52,79,13,23,11,9,56,0,0
1013,28,Raul Jimenez,FW,66,48,73,1,0,1,8,63,0,0
302,14,Deveron Fonville,DF,66,55,83,0,0,4,3,33,0,0
30,36,Ahmed Fathy,MF,65,59,91,0,0,0,2,0,1,100
75,9,Ali Ahmed,FW,65,51,78,15,20,3,5,40,1,100
410,7,Gabriel Martinelli,FW,65,59,91,3,33,1,3,67,0,0
66,15,Alexandr Sojka,MF,65,52,80,5,40,3,1,0,3,33
1233,23,Zaid Tahseen,DF,64,53,83,0,0,0,3,0,1,100
862,37,Mohammed Abu Alshamat,DF,64,51,80,3,0,0,4,25,1,0
1072,24,Saman Ghoddos,MF,64,45,70,1,100,3,6,50,2,100
96,5,Amadou Onana,MF,64,57,89,0,0,1,1,100,0,0
996,4,Phillip Mwene,DF,64,56,88,6,0,0,2,50,0,0
924,9,Niko Sigur,DF,64,52,81,4,25,0,8,63,1,100
605,14,Joshua Brenet,DF,63,49,78,1,0,2,3,33,0,0
650,38,Kenny Mclean,MF,63,56,89,2,50,1,2,100,0,0
1141,30,Teun Koopmeiners,MF,63,54,86,4,50,0,2,50,2,100
715,14,Livano Comenencia,MF,62,50,81,1,100,2,4,50,0,0
566,8,Joao Paulo,MF,62,52,84,5,0,1,6,67,0,0
216,22,Carlens Arcus,DF,61,54,89,2,50,0,1,0,0,0
1130,14,Tahith Chong,MF,61,51,84,0,0,9,11,64,0,0
1071,45,Salih Ozcan,MF,61,52,85,1,0,0,3,33,2,100
992,16,Pervis Estupinan,DF,61,55,90,3,0,0,3,0,0,0
200,28,Brian Gutierrez,MF,60,53,88,6,0,1,2,50,1,100
331,39,Edouard Mendy,GK,60,49,82,0,0,0,0,0,1,100
394,4,Florian Grillitsch,MF,60,55,92,1,0,0,5,80,0,0
564,35,Joao Felix,FW,60,47,78,4,0,5,9,33,0,0
182,35,Bernardo Silva,MF,59,55,93,0,0,1,0,0,0,0
179,21,Benjamin Asare,GK,59,41,69,0,0,0,4,25,0,0
495,39,Iliman Ndiaye,FW,59,53,90,2,0,6,4,50,0,0
700,27,Lee Jaesung,MF,59,46,78,1,0,0,2,100,1,0
166,48,Azizjon Ganiev,MF,59,48,81,6,0,1,3,0,1,100
356,45,Eren Elmali,DF,59,52,88,4,25,2,1,100,1,100
341,21,Elisha Owusu,MF,58,50,86,4,25,2,1,0,0,0
838,46,Miles Robinson,DF,58,54,93,0,0,0,0,0,1,100
16,37,Abdullah Alkhaibari,MF,58,48,83,0,0,1,1,0,0,0
480,26,Husam Abudahab,DF,58,43,74,0,0,0,1,100,0,0
1114,27,Son Heungmin,FW,58,49,84,3,33,4,2,50,0,0
100,1,Amine Gouiri,FW,58,51,88,1,0,1,0,0,0,0
808,47,Maxi Araujo,MF,57,50,88,18,44,7,7,86,0,0
1029,10,Richard Rios,MF,56,47,84,2,0,3,1,100,1,100
913,2,Nico Paz,FW,56,54,96,1,0,1,2,100,2,100
210,3,Cameron Burgess,DF,56,45,80,0,0,0,2,50,1,0
17,48,Abduvohid Nematov,GK,56,28,50,0,0,0,4,0,0,0
667,27,Kim Jingyu,MF,56,54,96,1,0,0,2,100,0,0
1123,11,Steve Kapuadi,DF,55,46,84,0,0,0,0,0,1,0
916,47,Nicolas De La Cruz,MF,55,45,82,4,50,0,7,43,4,100
576,38,John Mcginn,MF,55,47,85,9,56,1,7,57,1,0
310,5,Dodi Lukebakio,FW,55,44,80,7,14,10,6,83,1,100
175,48,Behruzjon Karimov,DF,55,43,78,2,50,5,3,33,2,0
573,43,Johan Manzambi,MF,54,43,80,7,43,5,7,57,0,0
1022,40,Relebohile Mofokeng,FW,54,44,81,2,0,0,6,50,2,100
235,29,Chemsdine Talbi,MF,54,47,87,9,11,1,3,33,0,0
451,39,Habib Diarra,MF,54,52,96,1,0,0,2,50,0,0
630,14,Jurien Gaari,DF,54,41,76,0,0,0,1,0,0,0
570,46,Joe Scally,DF,53,46,87,4,25,0,2,50,0,0
732,10,Luis Suarez,FW,53,39,74,3,33,2,2,50,0,0
610,22,Josue Casimir,FW,52,43,83,2,0,2,3,33,0,0
98,6,Amar Memic,MF,52,39,75,5,0,1,4,0,0,0
973,27,Park Jinseob,DF,52,49,94,0,0,0,1,0,0,0
1089,38,Scott Mckenna,DF,52,49,94,0,0,0,1,0,1,100
1229,45,Yunus Akgun,FW,52,41,79,2,50,1,2,0,0,0
176,38,Ben Gannon Doak,FW,52,47,90,7,29,3,1,100,0,0
932,40,Nkosinathi Sibisi,DF,52,42,81,0,0,0,1,100,3,100
692,21,Lawrence Ati Zigi,GK,52,39,75,0,0,0,2,0,0,0
279,20,David Raum,DF,52,44,85,14,21,1,4,50,1,0
524,23,Jalal Hassan,GK,51,33,65,0,0,0,0,0,0,0
385,37,Feras Albrikan,FW,51,32,63,0,0,0,5,0,0,0
772,46,Mark Mckenzie,DF,51,47,92,0,0,0,1,0,0,0
427,2,Giovani Lo Celso,MF,51,47,92,1,100,0,0,0,0,0
985,15,Pavel Sulc,FW,51,39,76,1,100,2,3,0,0,0
180,42,Benjamin Nygren,MF,50,46,92,6,33,2,4,50,0,0
161,25,Ayumu Seko,DF,50,42,84,0,0,0,2,0,0,0
770,13,Mario Pasalic,MF,50,45,90,0,0,0,1,100,0,0
149,46,Auston Trusty,DF,50,38,76,2,0,0,2,0,1,100
343,42,Elliot Stroud,DF,49,38,78,6,33,3,6,50,0,0
1144,40,Thapelo Maseko,FW,49,37,76,2,0,8,5,40,0,0
971,39,Pape Matar Sarr,MF,48,43,90,1,0,0,2,50,0,0
155,44,Aymen Dahmen,GK,48,24,50,0,0,0,1,100,1,0
1054,22,Ruben Providence,FW,48,42,88,7,29,4,3,67,0,0
600,33,Jose Luis Rodriguez,MF,48,35,73,16,13,2,3,33,2,50
83,26,Ali Olwan,FW,48,36,75,8,38,6,4,50,1,100
485,23,Ibrahim Bayesh,MF,48,40,83,1,0,6,3,33,0,0
620,14,Juergen Locadia,FW,48,37,77,0,0,0,1,100,1,100
739,15,Lukas Provod,MF,48,37,77,2,50,1,3,100,0,0
328,6,Edin Dzeko,FW,48,33,69,2,50,2,3,67,1,100
1103,48,Sherzod Nasrullaev,DF,48,35,73,3,0,1,5,0,0,0
666,38,Kieran Tierney,DF,48,36,75,7,43,0,1,100,2,50
361,32,Erling Haaland,FW,47,34,72,1,0,1,4,25,0,0
199,11,Brian Cipenga,FW,47,28,60,11,18,6,12,8,0,0
482,27,Hwang Heechan,MF,47,40,85,1,0,2,3,100,1,100
585,21,Jordan Ayew,FW,47,33,70,9,11,1,3,0,1,0
115,16,Angelo Preciado,DF,47,32,68,8,13,1,5,20,1,100
275,15,David Doudera,DF,47,34,72,4,25,1,3,0,0,0
241,31,Chris Wood,FW,47,36,77,0,0,2,8,13,0,0
536,15,Jaroslav Zeleny,DF,47,35,74,2,50,1,1,0,0,0
946,45,Oguz Aydin,FW,46,39,85,3,0,0,3,67,0,0
268,42,Daniel Svensson,DF,46,38,83,2,50,0,3,33,0,0
902,37,Nawaf Bu Washl,DF,46,35,76,0,0,0,1,0,0,0
899,11,Nathanael Mbuku,MF,45,35,78,14,21,4,6,83,0,0
702,27,Lee Taeseok,DF,45,39,87,9,33,1,4,75,1,100
523,48,Jakhongir Urozov,DF,45,31,69,0,0,0,1,100,2,100
1095,12,Seko Fofana,MF,45,38,84,0,0,0,2,0,0,0
917,39,Nicolas Jackson,FW,45,36,80,1,0,2,4,50,0,0
539,40,Jayden Adams,MF,44,40,91,0,0,0,2,50,2,100
905,3,Nestory Irankunda,FW,44,32,73,1,0,1,1,100,1,0
1163,15,Tomas Soucek,MF,44,35,80,0,0,0,2,50,0,0
1239,1,Zineddine Belaid,DF,44,43,98,0,0,0,1,100,0,0
397,46,Folarin Balogun,FW,44,30,68,6,0,4,6,67,0,0
1012,7,Raphinha,FW,44,30,68,10,30,2,4,25,0,0
374,7,Fabinho,MF,43,42,98,0,0,0,0,0,0,0
1082,10,Santiago Arias,DF,43,37,86,5,80,0,1,100,0,0
520,3,Jacob Italiano,DF,43,33,77,9,33,4,2,50,2,100
944,48,Odiljon Xamrobekov,MF,43,38,88,0,0,0,1,0,0,0
736,13,Luka Vuskovic,DF,43,38,88,0,0,0,1,0,0,0
1145,32,Thelo Aasgaard,MF,43,38,88,0,0,0,1,100,1,100
70,5,Alexis Saelemaekers,MF,42,33,79,2,50,2,2,100,0,0
1046,5,Romelu Lukaku,FW,42,32,76,0,0,1,3,67,0,0
737,15,Lukas Cerv,MF,42,36,86,1,0,1,2,0,1,100
1,38,Aaron Hickey,DF,42,38,90,1,0,0,1,100,0,0
1127,36,Sultan Albrake,DF,42,33,79,3,33,0,3,0,1,100
330,11,Edo Kayembe,MF,41,35,85,2,0,2,1,0,0,0
329,36,Edmilson Junior,FW,41,33,80,4,25,2,7,43,0,0
1135,9,Tani Oluwaseyi,FW,41,27,66,4,0,4,4,50,1,100
521,9,Jacob Shaffelburg,MF,41,37,90,19,16,0,6,50,0,0
690,8,Laros Duarte,MF,41,33,80,2,100,6,2,50,0,0
452,17,Haissem Hassan,FW,41,35,85,9,22,11,13,92,4,100
663,48,Khojiakbar Alijonov,DF,41,27,66,4,0,3,2,0,1,0
720,43,Luca Jaquez,DF,41,31,76,2,0,1,4,50,0,0
840,43,Miro Muheim,DF,40,31,78,3,0,0,5,20,0,0
481,23,Hussein Ali,DF,40,32,80,2,0,0,2,100,0,0
352,16,Enner Valencia,FW,40,33,83,1,0,2,1,0,0,0
928,13,Nikola Vlasic,MF,40,33,83,3,67,2,3,67,0,0
323,18,Eberechi Eze,MF,40,33,83,3,33,2,5,100,1,100
307,35,Diogo Dalot,DF,39,34,87,1,0,2,1,0,0,0
362,6,Ermedin Demirovic,FW,39,29,74,0,0,1,5,80,0,0
746,26,Mahmoud Almardi,FW,39,32,82,7,14,3,5,60,0,0
421,29,Gessime Yassine,MF,39,34,87,1,0,2,2,50,3,67
1192,8,Wagner Pina,DF,38,30,79,3,33,1,2,0,0,0
183,42,Besfort Zeneli,MF,38,34,89,2,0,0,2,50,0,0
172,45,Baris Alper Yilmaz,FW,38,29,76,15,0,7,12,67,2,0
1027,46,Ricardo Pepi,FW,38,33,87,1,0,4,1,100,0,0
748,20,Malick Thiaw,DF,38,33,87,0,0,0,0,0,0,0
763,13,Marco Pasalic,FW,37,23,62,12,8,8,9,89,2,50
1118,29,Soufiane Rahimi,FW,37,27,73,5,40,2,5,40,0,0
553,42,Jesper Karlstrom,MF,37,31,84,0,0,1,2,50,0,0
968,45,Ozan Kabak,DF,36,26,72,0,0,2,2,0,0,0
4,48,Abbosbek Fayzullaev,MF,36,24,67,9,22,1,2,50,1,100
503,44,Ismael Gharbi,MF,36,35,97,1,0,1,0,0,0,0
119,1,Anis Hadj Moussa,FW,36,25,69,4,50,8,5,60,1,100
79,23,Ali Jasim,FW,36,29,81,5,0,1,4,75,1,100
881,26,Mousa Altamari,FW,36,28,78,1,100,3,4,75,0,0
1031,14,Riechedly Bazoer,DF,36,31,86,0,0,0,0,0,1,100
549,14,Jeremy Antonisse,FW,35,25,71,6,50,1,2,0,1,100
1058,38,Ryan Christie,MF,35,29,83,1,100,0,1,100,0,0
154,25,Ayase Ueda,FW,35,26,74,1,0,4,4,50,0,0
76,23,Ali Alhamadi,FW,35,26,74,0,0,1,0,0,0,0
1212,8,Yannick Semedo,MF,35,27,77,2,50,0,0,0,2,100
612,8,Jovane Cabral,MF,34,27,79,1,0,3,2,50,0,0
747,17,Mahmoud Saber,MF,34,30,88,1,100,1,1,0,0,0
1158,46,Timothy Weah,FW,34,30,88,2,0,0,2,50,0,0
315,30,Donyell Malen,FW,34,27,79,8,25,5,5,60,0,0
116,20,Angelo Stiller,MF,34,31,91,0,0,0,1,0,0,0
1171,25,Tsuyoshi Watanabe,DF,34,31,91,2,50,0,0,0,0,0
477,24,Hossein Kanani,DF,34,33,97,0,0,0,0,0,3,67
316,48,Dostonbek Khamdamov,MF,34,29,85,5,60,1,1,0,0,0
693,38,Lawrence Shankland,FW,34,20,59,0,0,0,2,0,0,0
177,31,Ben Old,MF,33,25,76,1,0,1,2,0,0,0
801,46,Matt Turner,GK,33,24,73,0,0,0,0,0,1,0
589,16,Jordy Alcivar,MF,33,31,94,1,0,0,1,100,0,0
474,36,Homam Ahmed,DF,33,25,76,3,33,1,2,50,0,0
144,36,Assim Madibo,MF,33,27,82,0,0,1,1,0,0,0
1202,8,Willy Semedo,MF,33,30,91,2,0,1,1,0,0,0
11,36,Abdulaziz Hatem,MF,32,26,81,0,0,0,2,50,0,0
538,36,Jassem Gaber,DF,32,25,78,0,0,0,1,100,1,100
475,17,Hossam Abdelmaguid,DF,32,28,88,0,0,0,0,0,0,0
774,4,Marko Arnautovic,FW,32,25,78,1,0,0,0,0,0,0
262,34,Damian Bobadilla,MF,32,24,75,1,100,0,1,0,1,100
750,19,Malo Gusto,DF,32,31,97,0,0,0,0,0,1,100
762,4,Marco Friedl,DF,31,30,97,0,0,0,0,0,0,0
293,20,Deniz Undav,FW,31,23,74,2,0,0,4,50,0,0
855,26,Mohammad Abualnadi,DF,31,24,77,0,0,0,0,0,0,0
416,41,Gavi,MF,31,29,94,2,0,0,1,100,1,100
634,3,Kai Trewin,DF,31,27,87,2,0,0,1,0,0,0
39,3,Ajdin Hrustic,FW,31,27,87,5,40,1,0,0,0,0
637,21,Kamaldeen Sulemana,FW,31,27,87,4,75,4,4,75,3,100
114,12,Ange Yoan Bonny,FW,30,26,87,3,33,1,0,0,0,0
7,39,Abdoulaye Seck,DF,30,26,87,0,0,0,1,0,0,0
1011,44,Rani Khedira,MF,30,25,83,1,0,0,2,50,0,0
221,27,Castrop Jens,DF,30,27,90,4,25,1,2,100,1,100
261,25,Daizen Maeda,MF,30,28,93,3,0,0,1,100,0,0
706,20,Leon Goretzka,MF,30,23,77,1,0,0,1,100,1,0
333,32,Egil Selvik,GK,30,19,63,0,0,0,0,0,0,0
219,4,Carney Chukwuemeka,MF,30,25,83,0,0,1,0,0,0,0
1193,20,Waldemar Anton,DF,30,29,97,2,0,0,0,0,0,0
134,43,Ardon Jashari,MF,30,25,83,1,0,0,3,67,1,0
314,22,Dominique Simon,MF,30,22,73,1,100,0,2,0,0,0
270,7,Danilo Santos,MF,30,23,77,0,0,0,2,100,0,0
382,47,Federico Vinas,FW,29,18,62,0,0,0,1,0,0,0
798,47,Matias Vina,DF,29,23,79,2,0,0,0,0,0,0
1019,23,Rebin Sulaka,DF,29,23,79,0,0,0,0,0,3,33
1069,24,Saleh Hardani,DF,29,21,72,1,0,0,0,0,0,0
467,8,Helio Varela,MF,29,27,93,1,0,2,3,100,0,0
339,44,Elias Saad,FW,29,22,76,2,0,1,1,100,0,0
795,9,Mathieu Choiniere,MF,29,23,79,4,50,0,2,50,1,100
364,21,Ernest Nuamah,FW,29,20,69,0,0,2,2,50,1,100
368,40,Evidence Makgopa,FW,29,20,69,0,0,0,1,100,0,0
1221,41,Yeremy Pino,FW,29,25,86,1,0,0,0,0,0,0
1180,48,Utkir Yusupov,GK,29,17,59,0,0,0,2,0,1,100
825,4,Michael Gregoritsch,FW,29,20,69,0,0,0,2,0,0,0
1053,35,Ruben Neves,MF,29,27,93,0,0,0,2,50,0,0
402,23,Frans Putros,DF,28,26,93,1,0,0,2,100,1,100
158,36,Ayoub Aloui,DF,28,11,39,1,0,0,4,0,0,0
728,28,Luis Chavez,MF,28,28,100,1,0,0,1,100,0,0
980,15,Patrik Schick,FW,28,24,86,0,0,1,3,33,0,0
915,41,Nico Williams,FW,28,24,86,4,0,2,4,75,0,0
659,16,Kevin Rodriguez,FW,27,23,85,1,0,1,3,67,0,0
597,34,Jose Canale,DF,27,18,67,1,0,0,1,0,0,0
389,33,Fidel Escobar,DF,27,20,74,1,100,0,1,100,1,0
85,21,Alidu Seidu,DF,27,25,93,1,0,1,0,0,0,0
1242,17,Zizo,FW,27,23,85,6,33,1,1,0,0,0
22,15,Adam Hlozek,FW,26,18,69,1,100,3,1,100,0,0
788,28,Mateo Chavez,DF,26,23,88,1,0,2,2,50,0,0
201,47,Brian Rodriguez,FW,26,19,73,14,7,2,7,71,1,100
906,7,Neymar Jr,FW,26,21,81,7,14,1,2,0,0,0
272,47,Darwin Nunez,FW,25,20,80,3,33,1,3,100,1,100
1100,24,Shahriyar Moghanloo,FW,25,15,60,2,0,0,2,50,1,0
669,27,Kim Moonhwan,DF,25,22,88,0,0,0,0,0,0,0
966,1,Oussama Benbot,GK,25,18,72,0,0,0,1,0,0,0
63,4,Alexander Prass,MF,25,22,88,3,0,0,3,33,0,0
1061,31,Ryan Thomas,MF,25,18,72,1,0,0,2,0,0,0
213,45,Can Uzun,FW,24,22,92,0,0,4,0,0,0,0
595,11,Joris Kayembe,DF,24,19,79,3,67,0,4,25,0,0
1075,1,Samir Chergui,DF,24,23,96,0,0,0,0,0,0,0
498,40,Iqraam Rayners,FW,24,21,88,2,0,0,3,33,0,0
594,32,Jorgen Strand Larsen,FW,24,18,75,0,0,0,1,0,0,0
680,32,Kristian Thorstvedt,MF,24,19,79,0,0,2,1,0,0,0
1087,4,Sasa Kalajdzic,FW,24,16,67,1,0,1,2,0,1,0
138,6,Armin Gigovic,MF,24,17,71,0,0,0,0,0,1,0
940,8,Nuno Da Costa,MF,23,18,78,1,0,2,5,40,0,0
223,11,Cedric Bakambu,FW,23,16,70,1,0,2,1,0,0,0
537,3,Jason Geria,DF,23,18,78,1,0,0,0,0,0,0
407,34,Gabriel Avalos,FW,23,12,52,0,0,0,4,25,0,0
287,10,Deiver Machado,DF,23,22,96,2,0,0,1,100,0,0
592,33,Jorge Gutierrez,DF,23,19,83,0,0,0,1,0,0,0
468,32,Henrik Falchener,DF,23,18,78,0,0,0,0,0,0,0
497,21,Inaki Williams,FW,23,15,65,4,25,1,3,67,0,0
174,12,Bazoumana Toure,FW,23,16,70,4,0,2,1,0,1,100
258,9,Cyle Larin,FW,23,20,87,0,0,1,1,0,0,0
880,44,Mouhib Chamakh,GK,23,16,70,0,0,0,0,0,0,0
9,21,Abdul Fatawu,FW,22,18,82,7,14,7,8,50,1,100
673,21,Kojo Peprah Oppong,DF,22,21,95,0,0,0,0,0,0,0
1121,15,Stepan Chaloupek,DF,22,15,68,0,0,0,1,0,1,100
947,27,Oh Hyeongyu,FW,22,15,68,1,0,1,2,50,0,0
233,11,Charles Pickel,MF,22,19,86,0,0,0,0,0,2,50
15,37,Abdullah Alhamddan,FW,22,16,73,1,0,1,2,50,0,0
37,23,Aimar Sher,MF,22,20,91,1,0,0,0,0,0,0
942,28,Obed Vargas,MF,22,20,91,0,0,2,3,33,0,0
197,46,Brenden Aaronson,FW,22,21,95,3,33,0,2,50,0,0
1044,7,Roger Ibanez,DF,22,22,100,0,0,2,1,100,0,0
163,33,Azarias Londono,FW,21,20,95,1,0,2,2,50,0,0
346,12,Elye Wahi,FW,21,15,71,1,0,0,3,33,0,0
1203,22,Wilson Isidor,FW,21,18,86,0,0,0,1,100,0,0
943,26,Odeh Fakhoury,FW,21,17,81,1,0,1,0,0,1,100
198,30,Brian Brobbey,FW,21,18,86,1,0,1,0,0,0,0
404,32,Fredrik Andre Bjorkan,DF,21,19,90,0,0,0,0,0,0,0
891,20,Nadiem Amiri,MF,20,17,85,2,50,0,2,50,1,100
109,13,Andrej Kramaric,FW,20,17,85,2,0,0,2,50,0,0
351,7,Endrick,FW,20,16,80,1,0,1,4,25,0,0
1181,2,Valentin Barco,MF,20,17,85,0,0,0,1,100,0,0
815,24,Mehdi Torabi,MF,20,17,85,2,0,0,1,100,0,0
335,24,Ehsan Hajisafi,DF,20,11,55,2,0,1,2,0,1,100
703,22,Lenny Joseph,FW,20,13,65,0,0,5,3,33,1,100
321,44,Dylan Bronn,DF,20,16,80,0,0,0,0,0,1,0
963,12,Oumar Diakite,FW,19,17,89,1,0,3,3,33,0,0
260,8,Dailon Livramento,FW,19,15,79,3,33,1,0,0,0,0
234,38,Che Adams,FW,19,12,63,0,0,0,2,0,0,0
23,1,Adil Boulbina,FW,19,16,84,0,0,1,1,100,1,100
884,23,Munaf Younus,DF,19,17,89,0,0,0,0,0,0,0
860,24,Mohammad Ghorbani,MF,19,16,84,0,0,0,0,0,0,0
1099,47,Sergio Rochet,GK,19,10,53,0,0,0,3,67,0,0
1208,16,Yaimar Medina,DF,19,17,89,4,25,0,1,0,1,100
68,34,Alexandro Maidana,DF,19,13,68,1,0,0,0,0,0,0
599,33,Jose Fajardo,FW,18,11,61,0,0,0,1,100,0,0
529,10,Jaminton Campaz,FW,18,12,67,3,0,5,2,50,2,100
1094,44,Sebastian Tounekti,MF,18,16,89,3,0,1,1,0,0,0
91,9,Alphonso Davies,DF,18,14,78,1,0,1,0,0,0,0
875,32,Morten Thorsby,MF,18,17,94,0,0,0,0,0,0,0
1067,26,Saleem Obaid,DF,18,12,67,0,0,0,0,0,0,0
141,24,Arya Yousefi,DF,18,16,89,0,0,1,0,0,0,0
1190,15,Vladimir Darida,MF,18,14,78,0,0,2,1,0,0,0
531,48,Jamshid Iskanderov,MF,17,11,65,1,0,0,2,50,0,0
403,22,Frantzdy Pierrot,FW,17,13,76,0,0,0,0,0,0,0
542,12,Jean Michael Seri,MF,17,16,94,3,0,0,2,50,0,0
43,37,Ala Alhajji,MF,17,16,94,0,0,0,0,0,0,0
817,30,Memphis Depay,FW,17,15,88,1,100,0,2,100,1,100
400,35,Francisco Trincao,FW,16,13,81,0,0,0,1,0,0,0
398,31,Francis De Vries,DF,16,7,44,2,50,1,0,0,0,0
854,3,Mohamed Toure,FW,16,12,75,2,0,2,2,50,0,0
554,31,Jesse Randall,FW,16,12,75,5,40,2,1,0,0,0
1129,42,Taha Ali,FW,16,15,94,1,0,4,2,100,0,0
363,6,Ermin Mahmic,MF,16,12,75,1,0,0,0,0,1,100
45,16,Alan Minda,MF,16,12,75,2,0,0,1,0,0,0
156,23,Aymen Hussein,FW,16,12,75,0,0,0,3,67,0,0
33,23,Ahmed Qasem,FW,16,13,81,1,0,0,1,100,0,0
1133,25,Takefusa Kubo,MF,16,12,75,0,0,0,2,50,0,0
1000,9,Promise David,FW,16,8,50,0,0,0,1,0,1,100
718,22,Louicius Deedson,FW,15,13,87,5,20,5,5,60,0,0
304,5,Diego Moreira,MF,15,10,67,4,25,1,3,67,2,50
796,5,Matias Fernandez Pardo,FW,15,13,87,3,0,4,3,67,0,0
652,45,Kerem Akturkoglu,FW,15,9,60,2,50,0,0,0,0,0
852,36,Mohamed Manai,FW,15,7,47,0,0,1,3,33,0,0
502,33,Ismael Diaz,MF,15,13,87,0,0,1,0,0,0,0
654,10,Kevin Castano,MF,14,14,100,0,0,0,0,0,0,0
492,13,Igor Matanovic,FW,14,11,79,0,0,2,0,0,0,0
974,20,Pascal Gross,MF,14,14,100,1,0,0,1,100,0,0
528,20,Jamie Leweling,MF,14,11,79,3,0,0,1,0,0,0
1139,8,Telmo Arcanjo,MF,14,12,86,1,100,2,0,0,1,100
1234,29,Zakaria El Ouahdi,DF,14,14,100,0,0,0,1,0,0,0
842,17,Mohamed Abdelmoneim,DF,14,14,100,0,0,0,0,0,1,100
412,8,Garry Rodrigues,MF,14,11,79,2,50,2,2,100,0,0
822,11,Meschack Elia,FW,14,13,93,2,0,0,5,60,0,0
104,24,Amirhossein Hosseinzadeh,FW,14,10,71,0,0,0,3,67,1,100
1230,36,Yusuf Abdurisag,FW,14,9,64,0,0,1,3,0,0,0
463,36,Hassan Alhaydos,FW,14,10,71,0,0,0,1,0,0,0
380,48,Farrukh Sayfiev,DF,14,12,86,1,0,1,2,100,0,0
290,15,Denis Visinsky,FW,14,14,100,0,0,2,0,0,0,0
979,4,Patrick Wimmer,FW,13,7,54,0,0,0,2,100,0,0
1194,19,Warren Zaire Emery,MF,13,11,85,1,0,0,0,0,0,0
1096,5,Senne Lammens,GK,13,6,46,0,0,0,1,0,0,0
933,30,Noa Lang,FW,13,11,85,1,0,1,2,100,0,0
587,18,Jordan Henderson,MF,13,12,92,1,0,0,0,0,0,0
811,20,Maximilian Beier,FW,13,6,46,0,0,0,1,0,0,0
613,6,Jovo Lukic,FW,13,7,54,0,0,0,1,0,0,0
58,7,Alex Sandro,DF,13,13,100,0,0,0,0,0,0,0
441,28,Guillermo Martinez,FW,13,12,92,1,0,0,0,0,0,0
1084,28,Santiago Gimenez,FW,13,7,54,0,0,0,0,0,0,0
1211,27,Yang Hyunjun,MF,13,9,69,0,0,0,0,0,0,0
78,26,Ali Azaizeh,FW,13,12,92,1,0,1,0,0,0,0
1064,26,Saed Alrosan,DF,13,12,92,0,0,0,0,0,0,0
1147,11,Theo Bongonda,MF,13,9,69,2,0,0,2,0,0,0
848,44,Mohamed Hadj Mahmoud,MF,13,12,92,0,0,0,0,0,1,100
143,39,Assane Diao,FW,12,12,100,0,0,2,3,33,0,0
930,3,Nishan Velupillay,FW,12,6,50,0,0,1,0,0,0,0
215,42,Carl Starfelt,DF,12,11,92,0,0,0,0,0,0,0
1001,30,Quinten Timber,MF,12,10,83,2,50,0,2,50,0,0
660,23,Kevin Yakob,MF,12,9,75,0,0,1,1,0,0,0
27,36,Ahmed Alganehi,MF,12,11,92,2,100,1,0,0,0,0
557,10,Jhon Cordoba,FW,12,9,75,0,0,0,0,0,0,0
519,16,Jackson Porozo,DF,12,12,100,0,0,0,0,0,0,0
733,7,Luiz Henrique,FW,12,12,100,0,0,0,3,100,0,0
1235,43,Zeki Amdouni,FW,11,8,73,0,0,3,0,0,0,0
742,38,Lyndon Dykes,FW,11,7,64,1,0,0,4,25,0,0
425,8,Gilson Benchimol,FW,11,9,82,0,0,3,2,0,0,0
393,11,Fiston Mayele,FW,11,7,64,0,0,0,0,0,0,0
775,23,Marko Farji,FW,11,7,64,2,50,1,1,100,0,0
87,24,Alireza Jahanbakhsh,MF,11,7,64,2,50,1,1,100,0,0
1077,35,Samu Costa,DF,11,11,100,0,0,0,0,0,0,0
433,35,Goncalo Ramos,FW,11,10,91,0,0,0,0,0,0,0
490,19,Ibrahima Konate,DF,11,10,91,0,0,0,0,0,0,0
993,13,Petar Musa,FW,11,7,64,0,0,1,3,33,0,0
121,13,Ante Budimir,FW,10,6,60,0,0,0,2,0,0,0
1115,32,Sondre Langas,DF,10,9,90,0,0,0,0,0,1,100
960,48,Oston Urunov,MF,10,8,80,0,0,1,2,50,0,0
295,6,Dennis Hadzikadunic,DF,10,8,80,0,0,0,0,0,0,0
792,3,Mathew Leckie,FW,10,7,70,1,0,0,0,0,0,0
52,34,Alex Arce,FW,10,7,70,0,0,0,0,0,0,0
222,33,Cecilio Waterman,FW,10,7,70,0,0,0,1,0,0,0
71,28,Alexis Vega,FW,10,10,100,1,0,0,1,0,0,0
648,16,Kendry Paez,MF,10,9,90,0,0,0,0,0,0,0
131,34,Antonio Sanabria,FW,10,7,70,0,0,0,0,0,0,0
48,34,Alejandro Romero Gamarra,FW,10,6,60,0,0,0,0,0,1,100
159,29,Ayoub El Kaabi,FW,10,7,70,0,0,1,0,0,0,0
466,44,Hazem Mastouri,FW,10,7,70,1,100,1,0,0,0,0
456,17,Hamza Abdelkarim,FW,10,7,70,1,0,0,2,0,0,0
1110,12,Simon Adingra,FW,10,9,90,1,100,0,0,0,0,0
171,39,Bara Sapoko Ndiaye,MF,10,9,90,1,100,0,0,0,0,0
160,29,Ayoube Amaimouni,FW,9,8,89,1,0,2,0,0,1,0
583,9,Jonathan Osorio,MF,9,6,67,0,0,0,0,0,0,0
1170,40,Tshepang Moremi,FW,9,6,67,0,0,1,0,0,0,0
934,43,Noah Okafor,FW,9,7,78,0,0,1,2,0,0,0
420,14,Gervane Kastaneer,FW,9,7,78,0,0,0,0,0,0,0
1175,14,Tyrese Noslin,FW,9,5,56,3,33,0,1,0,0,0
153,5,Axel Witsel,MF,9,8,89,0,0,0,0,0,0,0
442,28,Guillermo Ochoa,GK,9,4,44,0,0,0,2,50,0,0
1162,33,Tomas Rodriguez,FW,9,7,78,0,0,0,1,100,0,0
813,24,Mehdi Ghayedi,FW,9,6,67,3,33,0,1,100,0,0
1128,37,Sultan Mandash,FW,9,7,78,0,0,0,0,0,0,0
354,27,Eom Jisung,MF,9,9,100,3,67,2,2,100,0,0
26,36,Ahmed Alaaeldin,FW,8,4,50,0,0,0,1,0,0,0
77,24,Ali Alipour,FW,8,4,50,0,0,0,1,100,0,0
846,1,Mohamed Amoura,FW,8,7,88,0,0,0,0,0,0,0
890,1,Nadhir Benbouali,FW,8,6,75,1,0,0,0,0,0,0
545,14,Jearl Margaritha,FW,8,8,100,0,0,0,0,0,0,0
338,44,Elias Achouri,FW,8,7,88,0,0,0,0,0,0,0
299,22,Derrick Etienne,FW,8,4,50,2,50,0,2,0,0,0
540,9,Jayden Nelson,FW,8,6,75,0,0,2,0,0,0,0
151,3,Awer Mabil,FW,8,5,63,1,0,0,0,0,0,0
1160,15,Tomas Chory,FW,8,7,88,0,0,0,1,0,0,0
322,6,Dzenis Burnic,MF,8,7,88,0,0,0,0,0,0,0
446,34,Gustavo Caballero,MF,8,5,63,0,0,1,1,0,0,0
118,33,Anibal Godoy,MF,8,8,100,1,0,0,1,100,1,0
257,10,Cucho Hernandez,FW,8,5,63,1,100,0,0,0,0,0
450,30,Guus Til,MF,8,7,88,0,0,0,1,0,0,0
568,5,Joaquin Seys,DF,7,7,100,0,0,0,0,0,0,0
743,19,Maghnes Akliouche,MF,7,5,71,2,0,0,0,0,0,0
1205,30,Wout Weghorst,FW,7,4,57,0,0,0,1,0,0,0
631,30,Justin Kluivert,MF,7,7,100,1,0,0,0,0,0,0
1146,40,Themba Zwane,MF,7,5,71,0,0,0,0,0,0,0
392,44,Firas Chaouat,FW,7,7,100,0,0,0,0,0,0,0
237,27,Cho Guesung,FW,7,4,57,0,0,0,0,0,0,0
628,25,Junnosuke Suzuki,DF,7,6,86,1,0,0,1,0,0,0
357,33,Eric Davis,DF,7,3,43,3,33,0,2,0,0,0
191,34,Braian Ojeda,MF,7,6,86,0,0,0,0,0,0,0
59,46,Alex Zendejas,FW,7,6,86,1,0,0,1,0,0,0
281,15,David Zima,DF,7,6,86,0,0,0,0,0,0,0
803,42,Mattias Svanberg,MF,7,7,100,0,0,0,0,0,0,0
165,48,Azizbek Amonov,FW,6,5,83,1,0,2,0,0,1,100
208,31,Callan Elliot,DF,6,4,67,0,0,0,0,0,0,0
194,21,Brandon Thomas Asante,FW,6,3,50,2,50,1,0,0,0,0
484,17,Ibrahim Adel,FW,6,4,67,0,0,0,2,100,0,0
1117,14,Sontje Hansen,FW,6,5,83,0,0,0,0,0,0,0
590,16,Jordy Caicedo,FW,6,6,100,0,0,0,0,0,0,0
1111,11,Simon Banza,FW,6,4,67,0,0,0,0,0,1,0
1225,23,Youssef Amyn,MF,6,5,83,0,0,0,0,0,0,0
417,11,Gedeon Kalulu,DF,6,5,83,0,0,0,1,0,0,0
858,26,Mohammad Abuzraiq,FW,5,4,80,0,0,0,0,0,0,0
32,23,Ahmed Maknazi,DF,5,3,60,0,0,1,0,0,0,0
859,26,Mohammad Aldaoud,MF,5,2,40,0,0,1,1,0,0,0
741,40,Lyle Foster,FW,5,1,20,0,0,0,1,0,0,0
638,40,Kamogelo Sebelebele,FW,5,4,80,1,0,0,0,0,0,0
999,21,Prince Adu,FW,5,4,80,0,0,0,0,0,0,0
367,12,Evann Guessand,FW,5,4,80,0,0,0,0,0,0,0
124,38,Anthony Ralston,DF,5,5,100,1,100,1,1,100,1,100
224,43,Cedric Itten,FW,5,3,60,1,0,0,0,0,0,0
1140,3,Tete Yengi,FW,5,3,60,1,0,0,2,0,0,0
243,43,Christian Fassnacht,FW,5,5,100,0,0,0,0,0,0,0
355,43,Eray Coemert,DF,5,5,100,0,0,0,0,0,0,0
954,28,Orbelin Pineda,MF,5,5,100,0,0,1,1,0,0,0
325,7,Ederson Silva,MF,5,5,100,3,33,0,0,0,0,0
494,7,Igor Thiago,FW,5,4,80,0,0,1,0,0,0,0
1215,22,Yassin Fortune,FW,5,5,100,0,0,0,0,0,0,0
1073,6,Samed Bazdar,FW,5,2,40,0,0,1,3,0,0,0
192,14,Brandley Kuwas,FW,4,3,75,1,0,0,1,0,0,0
596,30,Jorrel Hato,DF,4,2,50,1,100,0,0,0,0,0
263,18,Dan Burn,DF,4,2,50,0,0,0,2,0,0,0
1227,25,Yuito Suzuki,MF,4,4,100,0,0,2,0,0,0,0
1107,25,Shuto Machino,FW,4,3,75,1,0,1,0,0,1,100
99,26,Amer Jamous,MF,4,4,100,0,0,0,0,0,0,0
84,23,Ali Yousif,FW,4,4,100,0,0,0,0,0,0,0
874,44,Mortadha Ben Ouanes,DF,4,3,75,0,0,0,1,0,0,0
501,34,Isidro Pitta,FW,4,3,75,1,0,0,1,0,0,0
206,45,Caglar Soyuncu,DF,4,3,75,0,0,0,0,0,0,0
493,48,Igor Sergeev,FW,4,4,100,0,0,0,0,0,0,0
632,45,Kaan Ayhan,MF,3,1,33,0,0,0,0,0,0,0
102,6,Amir Hadziahmetovic,MF,3,3,100,1,0,0,0,0,0,0
646,42,Ken Sema,MF,3,3,100,0,0,1,0,0,0,0
857,26,Mohammad Abuhasheesh,DF,3,3,100,0,0,0,0,0,0,0
90,36,Almoez Ali,FW,3,2,67,0,0,0,1,100,0,0
674,25,Koki Ogawa,FW,3,3,100,0,0,0,0,0,0,0
1106,14,Shurandy Sambo,DF,3,3,100,0,0,0,0,0,0,0
430,14,Godfried Roemeratoe,MF,3,1,33,0,0,0,0,0,0,0
735,13,Luka Sucic,MF,3,1,33,0,0,0,1,0,0,0
548,32,Jens Petter Hauge,MF,3,2,67,0,0,0,0,0,0,0
1222,10,Yerry Mina,DF,3,3,100,0,0,0,0,0,0,0
47,33,Alberto Quintero,MF,3,3,100,1,0,0,0,0,0,0
1008,34,Ramon Sosa,MF,3,3,100,0,0,0,0,0,0,0
170,39,Bamba Dieng,FW,3,3,100,0,0,0,0,0,0,0
318,22,Duckens Nazon,FW,3,1,33,0,0,1,0,0,0,0
649,14,Kenji Gorre,FW,2,0,0,0,0,0,0,0,0,0
390,38,Findlay Curtis,FW,2,2,100,2,0,1,1,100,0,0
499,45,Irfan Can Kahveci,FW,2,2,100,0,0,0,0,0,0,0
871,15,Mojmir Chytil,FW,2,2,100,0,0,0,1,100,0,0
445,42,Gustaf Nilsson,FW,2,1,50,0,0,0,0,0,0,0
759,41,Marc Pubill,DF,2,2,100,0,0,0,0,0,0,0
865,23,Mohanad Ali,FW,2,1,50,0,0,0,0,0,0,0
601,2,Jose Manuel Lopez,FW,2,2,100,0,0,0,1,0,0,0
226,28,Cesar Huerta,FW,2,2,100,0,0,0,0,0,0,0
543,19,Jean Philippe Mateta,FW,2,2,100,0,0,1,0,0,0,0
515,18,Ivan Toney,FW,1,1,100,0,0,0,0,0,0,0
791,35,Matheus Nunes,MF,1,1,100,0,0,0,0,0,0,0
909,20,Nick Woltemade,FW,1,1,100,0,0,0,0,0,0,0
778,30,Marten De Roon,MF,1,1,100,0,0,0,0,0,0,0
949,18,Ollie Watkins,FW,1,1,100,1,0,1,1,100,0,0
1102,48,Sherzod Esanov,MF,1,1,100,0,0,0,0,0,0,0
460,6,Haris Tabakovic,FW,1,1,100,0,0,0,0,0,0,0
1050,14,Roshon Van Eijma,DF,1,1,100,0,0,0,0,0,0,0
136,28,Armando Gonzalez,FW,1,1,100,0,0,0,0,0,0,0
453,46,Haji Wright,FW,1,1,100,0,0,0,0,0,0,0
1040,47,Rodrigo Aguirre,FW,1,0,0,0,0,0,0,0,0,0
887,23,Mustafa Saadoon,DF,1,1,100,0,0,0,0,0,0,0
642,25,Keisuke Goto,FW,1,1,100,0,0,0,1,100,0,0
651,25,Kento Shiogai,FW,1,1,100,0,0,0,0,0,0,0
5,26,Abdallah Alfakhori,GK,0,0,0,0,0,0,0,0,0,0
1068,37,Saleh Alshehri,FW,0,0,0,0,0,0,0,0,0,0
1241,37,Ziyad Aljohani,MF,0,0,0,0,0,0,0,0,0,0
643,25,Keisuke Osako,GK,0,0,0,0,0,0,0,0,0,0
547,37,Jehad Thikri,DF,0,0,0,0,0,0,0,0,0,0
901,37,Nawaf Alaqidi,GK,0,0,0,0,0,0,0,0,0,0
169,27,Bae Junho,MF,0,0,0,0,0,0,0,0,0,0
716,8,Logan Costa,DF,0,0,0,0,0,0,0,0,0,0
697,27,Lee Donggyeong,MF,0,0,0,0,0,0,0,0,0,0
465,37,Hassan Kadish,DF,0,0,0,0,0,0,0,0,0,0
377,23,Fahad Talib,GK,0,0,0,0,0,0,0,0,0,0
28,37,Ahmed Alkassar,GK,0,0,0,0,0,0,0,0,0,0
294,24,Dennis Dargahi,FW,0,0,0,0,0,0,0,0,0,0
661,37,Khalid Alghannam,FW,0,0,0,0,0,0,0,0,0,0
411,11,Gael Kakuta,FW,0,0,0,0,0,0,0,0,0,0
671,27,Kim Taehyeon,DF,0,0,0,0,0,0,0,0,0,0
238,27,Cho Wije,DF,0,0,0,0,0,0,0,0,0,0
266,24,Danial Iri,DF,0,0,0,0,0,0,0,0,0,0
1116,27,Song Bumkeun,GK,0,0,0,0,0,0,0,0,0,0
81,37,Ali Majrashi,DF,0,0,0,0,0,0,0,0,0,0
845,1,Mohamed Amine Tougai,DF,0,0,0,0,0,0,0,0,0,0
1164,25,Tomoki Hayakawa,GK,0,0,0,0,0,0,0,0,0,0
1217,1,Yassine Titraoui,MF,0,0,0,0,0,0,0,0,0,0
105,24,Amirmohammad Razaghinia,MF,0,0,0,0,0,0,0,0,0,0
761,8,Marcio Rosa,GK,0,0,0,0,0,0,0,0,0,0
1131,36,Tahsin Mohammed,FW,0,0,0,0,0,0,0,0,0,0
986,24,Payam Niazmand,GK,0,0,0,0,0,0,0,0,0,0
561,27,Jo Hyeonwoo,GK,0,0,0,0,0,0,0,0,0,0
1005,26,Rajaei Ayed,MF,0,0,0,0,0,0,0,0,0,0
247,8,Cj Dos Santos,GK,0,0,0,0,0,0,0,0,0,0
73,36,Alhashmi Alhussein,DF,0,0,0,0,0,0,0,0,0,0
320,11,Dylan Batubinsika,DF,0,0,0,0,0,0,0,0,0,0
36,37,Aiman Yahya,FW,0,0,0,0,0,0,0,0,0,0
1049,24,Roozbeh Cheshmi,MF,0,0,0,0,0,0,0,0,0,0
488,26,Ibrahim Sadeh,MF,0,0,0,0,0,0,0,0,0,0
726,36,Lucas Mendes,DF,0,0,0,0,0,0,0,0,0,0
1066,36,Salah Zakaria,GK,0,0,0,0,0,0,0,0,0,0
856,26,Mohammad Abughoush,MF,0,0,0,0,0,0,0,0,0,0
2,11,Aaron Tshibola,MF,0,0,0,0,0,0,0,0,0,0
864,36,Mohammed Muntari,FW,0,0,0,0,0,0,0,0,0,0
106,26,Anas Badawi,DF,0,0,0,0,0,0,0,0,0,0
1157,11,Timothy Fayulu,GK,0,0,0,0,0,0,0,0,0,0
823,36,Meshaal Barsham,GK,0,0,0,0,0,0,0,0,0,0
19,1,Achref Abada,DF,0,0,0,0,0,0,0,0,0,0
1126,8,Stopira,DF,0,0,0,0,0,0,0,0,0,0
938,26,Nour Baniateyah,GK,0,0,0,0,0,0,0,0,0,0
476,24,Hossein Hosseini,GK,0,0,0,0,0,0,0,0,0,0
379,1,Fares Ghedjemis,FW,0,0,0,0,0,0,0,0,0,0
816,1,Melvin Mastil,GK,0,0,0,0,0,0,0,0,0,0
802,11,Matthieu Epolo,GK,0,0,0,0,0,0,0,0,0,0
473,42,Hjalmar Ekdal,DF,0,0,0,0,0,0,0,0,0,0
56,31,Alex Paulsen,GK,0,0,0,0,0,0,0,0,0,0
784,41,Martin Zubimendi,MF,0,0,0,0,0,0,0,0,0,0
893,31,Nando Pijnaker,DF,0,0,0,0,0,0,0,0,0,0
55,41,Alex Grimaldo,DF,0,0,0,0,0,0,0,0,0,0
186,48,Botirali Ergashev,GK,0,0,0,0,0,0,0,0,0,0
147,43,Aurele Amenda,DF,0,0,0,0,0,0,0,0,0,0
211,3,Cameron Devlin,MF,0,0,0,0,0,0,0,0,0,0
577,38,John Souttar,DF,0,0,0,0,0,0,0,0,0,0
469,42,Herman Johansson,DF,0,0,0,0,0,0,0,0,0,0
717,31,Logan Rogerson,FW,0,0,0,0,0,0,0,0,0,0
358,41,Eric Garcia,DF,0,0,0,0,0,0,0,0,0,0
292,45,Deniz Gul,FW,0,0,0,0,0,0,0,0,0,0
185,41,Borja Iglesias,FW,0,0,0,0,0,0,0,0,0,0
1051,38,Ross Stewart,FW,0,0,0,0,0,0,0,0,0,0
479,15,Hugo Sochurek,MF,0,0,0,0,0,0,0,0,0,0
559,15,Jindrich Stanek,GK,0,0,0,0,0,0,0,0,0,0
178,31,Ben Waine,FW,0,0,0,0,0,0,0,0,0,0
562,41,Joan Garcia,GK,0,0,0,0,0,0,0,0,0,0
677,31,Kosta Barbarouses,FW,0,0,0,0,0,0,0,0,0,0
311,38,Dominic Hyam,DF,0,0,0,0,0,0,0,0,0,0
1231,43,Yvon Mvogo,GK,0,0,0,0,0,0,0,0,0,0
276,15,David Jurasek,DF,0,0,0,0,0,0,0,0,0,0
785,43,Marvin Keller,GK,0,0,0,0,0,0,0,0,0,0
1185,42,Viktor Johansson,GK,0,0,0,0,0,0,0,0,0,0
92,45,Altay Bayindir,GK,0,0,0,0,0,0,0,0,0,0
828,31,Michael Woud,GK,0,0,0,0,0,0,0,0,0,0
1174,38,Tyler Fletcher,MF,0,0,0,0,0,0,0,0,0,0
923,6,Nihad Mujakic,DF,0,0,0,0,0,0,0,0,0,0
793,3,Mathew Ryan,GK,0,0,0,0,0,0,0,0,0,0
280,41,David Raya,GK,0,0,0,0,0,0,0,0,0,0
820,45,Mert Gunok,GK,0,0,0,0,0,0,0,0,0,0
532,15,Jan Kuchta,FW,0,0,0,0,0,0,0,0,0,0
982,3,Paul Izzo,GK,0,0,0,0,0,0,0,0,0,0
57,31,Alex Rufer,MF,0,0,0,0,0,0,0,0,0,0
709,38,Liam Kelly,GK,0,0,0,0,0,0,0,0,0,0
686,31,Lachlan Bayliss,MF,0,0,0,0,0,0,0,0,0,0
418,38,George Hirst,FW,0,0,0,0,0,0,0,0,0,0
1074,45,Samet Akaydin,DF,0,0,0,0,0,0,0,0,0,0
1178,48,Umar Eshmurodov,DF,0,0,0,0,0,0,0,0,0,0
359,42,Eric Smith,DF,0,0,0,0,0,0,0,0,0,0
839,3,Milos Degenek,DF,0,0,0,0,0,0,0,0,0,0
1183,41,Victor Munoz,FW,0,0,0,0,0,0,0,0,0,0
738,15,Lukas Hornicek,GK,0,0,0,0,0,0,0,0,0,0
150,48,Avazbek Ulmasaliyev,DF,0,0,0,0,0,0,0,0,0,0
1204,22,Woodensky Pierre,MF,0,0,0,0,0,0,0,0,0,0
883,44,Moutaz Neffati,DF,0,0,0,0,0,0,0,0,0,0
67,22,Alexandre Pierre,GK,0,0,0,0,0,0,0,0,0,0
146,21,Augustine Boakye,MF,0,0,0,0,0,0,0,0,0,0
214,22,Carl Sainte,MF,0,0,0,0,0,0,0,0,0,0
34,29,Ahmed Reda Tagnaouti,GK,0,0,0,0,0,0,0,0,0,0
1226,29,Youssef Belammari,DF,0,0,0,0,0,0,0,0,0,0
126,39,Antoine Mendy,DF,0,0,0,0,0,0,0,0,0,0
950,40,Olwethu Makhanya,DF,0,0,0,0,0,0,0,0,0,0
1079,40,Samukele Kabini,DF,0,0,0,0,0,0,0,0,0,0
773,22,Markhus Lacroix,DF,0,0,0,0,0,0,0,0,0,0
1002,44,Raed Chikhaoui,DF,0,0,0,0,0,0,0,0,0,0
1198,22,Wilguens Paugain,DF,0,0,0,0,0,0,0,0,0,0
1062,44,Sabri Ben Hessen,GK,0,0,0,0,0,0,0,0,0,0
236,39,Cherif Ndiaye,FW,0,0,0,0,0,0,0,0,0,0
1220,39,Yehvann Diouf,GK,0,0,0,0,0,0,0,0,0,0
1136,17,Tarek Alaa,DF,0,0,0,0,0,0,0,0,0,0
21,44,Adam Arous,DF,0,0,0,0,0,0,0,0,0,0
665,40,Khulumani Ndamane,DF,0,0,0,0,0,0,0,0,0,0
10,21,Abdul Mumin,DF,0,0,0,0,0,0,0,0,0,0
283,9,Dayne St Clair,GK,0,0,0,0,0,0,0,0,0,0
189,40,Bradley Cross,DF,0,0,0,0,0,0,0,0,0,0
604,21,Joseph Anang,GK,0,0,0,0,0,0,0,0,0,0
72,9,Alfie Jones,DF,0,0,0,0,0,0,0,0,0,0
1142,40,Thabang Matuludi,DF,0,0,0,0,0,0,0,0,0,0
889,17,Nabil Donga,MF,0,0,0,0,0,0,0,0,0,0
843,17,Mohamed Alaa,GK,0,0,0,0,0,0,0,0,0,0
847,17,Mohamed Elshenawy,GK,0,0,0,0,0,0,0,0,0,0
967,9,Owen Goodman,GK,0,0,0,0,0,0,0,0,0,0
611,22,Josue Duverger,GK,0,0,0,0,0,0,0,0,0,0
751,39,Mamadou Sarr,DF,0,0,0,0,0,0,0,0,0,0
46,12,Alban Lafont,GK,0,0,0,0,0,0,0,0,0,0
744,17,Mahdy Soliman,GK,0,0,0,0,0,0,0,0,0,0
885,29,Munir El Kajoui,GK,0,0,0,0,0,0,0,0,0,0
1026,40,Ricardo Goss,GK,0,0,0,0,0,0,0,0,0,0
662,44,Khalil Ayari,MF,0,0,0,0,0,0,0,0,0,0
851,12,Mohamed Kone,GK,0,0,0,0,0,0,0,0,0,0
645,8,Kelvin Pires,DF,0,0,0,0,0,0,0,0,0,0
245,21,Christopher Bonsu Baah,FW,0,0,0,0,0,0,0,0,0,0
413,22,Garven Metusala,DF,0,0,0,0,0,0,0,0,0,0
572,9,Joel Waterman,DF,0,0,0,0,0,0,0,0,0,0
1112,40,Sipho Chaine,GK,0,0,0,0,0,0,0,0,0,0
972,12,Parfait Guiagon,MF,0,0,0,0,0,0,0,0,0,0
1018,44,Rayan Elloumi,FW,0,0,0,0,0,0,0,0,0,0
168,21,Baba Rahman,DF,0,0,0,0,0,0,0,0,0,0
366,12,Evan Ndicka,DF,0,0,0,0,0,0,0,0,0,0
834,5,Mike Penders,GK,0,0,0,0,0,0,0,0,0,0
771,30,Mark Flekken,GK,0,0,0,0,0,0,0,0,0,0
799,30,Mats Wieffer,DF,0,0,0,0,0,0,0,0,0,0
740,30,Lutsharel Geertruida,DF,0,0,0,0,0,0,0,0,0,0
1037,30,Robin Roefs,GK,0,0,0,0,0,0,0,0,0,0
273,4,David Affengruber,DF,0,0,0,0,0,0,0,0,0,0
395,4,Florian Wiegele,GK,0,0,0,0,0,0,0,0,0,0
827,4,Michael Svoboda,DF,0,0,0,0,0,0,0,0,0,0
142,20,Assan Ouedraogo,MF,0,0,0,0,0,0,0,0,0,0
675,5,Koni De Winter,DF,0,0,0,0,0,0,0,0,0,0
62,20,Alexander Nuebel,GK,0,0,0,0,0,0,0,0,0,0
1237,5,Zeno Debast,DF,0,0,0,0,0,0,0,0,0,0
948,20,Oliver Baumann,GK,0,0,0,0,0,0,0,0,0,0
202,19,Brice Samba,GK,0,0,0,0,0,0,0,0,0,0
1036,19,Robin Risser,GK,0,0,0,0,0,0,0,0,0,0
1081,32,Sander Tangvik,GK,0,0,0,0,0,0,0,0,0,0
288,4,Dejan Ljubicic,MF,0,0,0,0,0,0,0,0,0,0
724,19,Lucas Hernandez,DF,0,0,0,0,0,0,0,0,0,0
603,35,Jose Sa,GK,0,0,0,0,0,0,0,0,0,0
431,35,Goncalo Guedes,FW,0,0,0,0,0,0,0,0,0,0
978,4,Patrick Pentz,GK,0,0,0,0,0,0,0,0,0,0
768,19,Marcus Thuram,FW,0,0,0,0,0,0,0,0,0,0
908,19,Ngolo Kante,MF,0,0,0,0,0,0,0,0,0,0
319,13,Duje Caleta Car,DF,0,0,0,0,0,0,0,0,0,0
527,18,James Trafford,GK,0,0,0,0,0,0,0,0,0,0
672,18,Kobbie Mainoo,MF,0,0,0,0,0,0,0,0,0,0
780,13,Martin Erlic,DF,0,0,0,0,0,0,0,0,0,0
926,13,Nikola Moro,MF,0,0,0,0,0,0,0,0,0,0
432,35,Goncalo Inacio,DF,0,0,0,0,0,0,0,0,0,0
1167,18,Trevoh Chalobah,DF,0,0,0,0,0,0,0,0,0,0
1056,35,Rui Silva,GK,0,0,0,0,0,0,0,0,0,0
51,4,Alessandro Schoepf,MF,0,0,0,0,0,0,0,0,0,0
285,18,Dean Henderson,GK,0,0,0,0,0,0,0,0,0,0
681,13,Kristijan Jakic,DF,0,0,0,0,0,0,0,0,0,0
250,38,Craig Gordon,GK,0,0,0,0,0,0,0,0,0,0
516,13,Ivor Pandur,GK,0,0,0,0,0,0,0,0,0,0
1165,13,Toni Fruk,MF,0,0,0,0,0,0,0,0,0,0
312,13,Dominik Kotarski,GK,0,0,0,0,0,0,0,0,0,0
1085,47,Santiago Mele,GK,0,0,0,0,0,0,0,0,0,0
1196,7,Weverton,GK,0,0,0,0,0,0,0,0,0,0
1047,47,Ronald Araujo,DF,0,0,0,0,0,0,0,0,0,0
384,16,Felix Torres,DF,0,0,0,0,0,0,0,0,0,0
1038,33,Roderick Miller,DF,0,0,0,0,0,0,0,0,0,0
239,46,Chris Brady,GK,0,0,0,0,0,0,0,0,0,0
591,10,Jorge Carrascal,MF,0,0,0,0,0,0,0,0,0,0
289,16,Denil Castillo,MF,0,0,0,0,0,0,0,0,0,0
415,34,Gatito Fernandez,GK,0,0,0,0,0,0,0,0,0,0
550,16,Jeremy Arevalo,FW,0,0,0,0,0,0,0,0,0,0
94,10,Alvaro Montero,GK,0,0,0,0,0,0,0,0,0,0
349,47,Emiliano Martinez,MF,0,0,0,0,0,0,0,0,0,0
252,46,Cristian Roldan,MF,0,0,0,0,0,0,0,0,0,0
870,16,Moises Ramirez,GK,0,0,0,0,0,0,0,0,0,0
229,33,Cesar Yanis,MF,0,0,0,0,0,0,0,0,0,0
1199,10,Willer Ditta,DF,0,0,0,0,0,0,0,0,0,0
705,7,Leo Pereira,DF,0,0,0,0,0,0,0,0,0,0
125,16,Anthony Valencia,MF,0,0,0,0,0,0,0,0,0,0
1083,47,Santiago Bueno,DF,0,0,0,0,0,0,0,0,0,0
1043,47,Rodrigo Zalazar,MF,0,0,0,0,0,0,0,0,0,0
567,47,Joaquin Piquerez,MF,0,0,0,0,0,0,0,0,0,0
371,34,Fabian Balbuena,DF,0,0,0,0,0,0,0,0,0,0
602,47,Jose Maria Gimenez,DF,0,0,0,0,0,0,0,0,0,0
20,33,Adalberto Carrasquilla,MF,0,0,0,0,0,0,0,0,0,0
376,47,Facundo Pellistri,FW,0,0,0,0,0,0,0,0,0,0
196,7,Bremer,DF,0,0,0,0,0,0,0,0,0,0
641,22,Keeto Thermoncy,DF,0,0,0,0,0,0,0,0,0,0
436,16,Gonzalo Valle,GK,0,0,0,0,0,0,0,0,0,0
112,10,Andres Gomez,FW,0,0,0,0,0,0,0,0,0,0
419,2,Geronimo Rulli,GK,0,0,0,0,0,0,0,0,0,0
217,28,Carlos Acevedo,GK,0,0,0,0,0,0,0,0,0,0
617,10,Juan Portilla,MF,0,0,0,0,0,0,0,0,0,0
426,47,Giorgian De Arrascaeta,MF,0,0,0,0,0,0,0,0,0,0
414,34,Gaston Olveira,GK,0,0,0,0,0,0,0,0,0,0
278,10,David Ospina,GK,0,0,0,0,0,0,0,0,0,0
327,33,Edgardo Farina,DF,0,0,0,0,0,0,0,0,0,0
228,33,Cesar Samudio,GK,0,0,0,0,0,0,0,0,0,0
324,7,Ederson,GK,0,0,0,0,0,0,0,0,0,0
730,33,Luis Mejia,GK,0,0,0,0,0,0,0,0,0,0
616,2,Juan Musso,GK,0,0,0,0,0,0,0,0,0,0
805,46,Max Arfsten,DF,0,0,0,0,0,0,0,0,0,0
1168,14,Trevor Doornbusch,GK,0,0,0,0,0,0,0,0,0,0
841,6,Mladen Jurkas,GK,0,0,0,0,0,0,0,0,0,0
657,14,Kevin Felida,MF,0,0,0,0,0,0,0,0,0,0
135,14,Arjany Martha,MF,0,0,0,0,0,0,0,0,0,0
783,6,Martin Zlomislic,GK,0,0,0,0,0,0,0,0,0,0
1176,14,Tyrick Bodak,GK,0,0,0,0,0,0,0,0,0,0
