player_id,team_id,player_name,position,fouls_against,fouls_for,yellow_cards,red_cards,indirect_red_cards,offsides
903,29,Neil El Aynaoui,MF,15,7,0,0,0,0
111,34,Andres Cubas,MF,14,3,1,0,0,0
49,20,Aleksandar Pavlovic,MF,13,4,1,0,0,0
920,5,Nicolas Raskin,MF,12,3,0,0,0,0
689,41,Lamine Yamal,FW,12,8,0,0,0,7
1028,43,Ricardo Rodriguez,DF,11,2,0,0,0,0
362,6,Ermedin Demirovic,FW,11,3,1,0,0,1
24,19,Adrien Rabiot,MF,11,3,1,0,0,1
1029,10,Richard Rios,MF,10,4,1,0,0,0
797,34,Matias Galarza,MF,10,9,2,0,0,0
253,2,Cristian Romero,DF,9,3,1,0,0,0
448,10,Gustavo Puerta,DF,9,8,1,0,0,0
614,34,Juan Jose Caceres,DF,9,6,1,0,0,0
267,10,Daniel Munoz,DF,9,1,0,0,0,3
353,2,Enzo Fernandez,MF,9,5,0,0,0,1
342,18,Elliot Anderson,MF,9,13,1,0,0,0
193,5,Brandon Mechele,DF,9,2,1,0,0,0
619,18,Jude Bellingham,MF,9,16,1,0,0,1
1151,5,Thomas Meunier,DF,9,0,0,0,0,0
195,43,Breel Embolo,FW,9,11,2,1,1,4
1039,41,Rodri,MF,9,6,0,0,0,1
53,41,Alex Baena,MF,9,7,1,0,0,2
1023,43,Remo Freuler,MF,8,3,0,0,0,1
462,3,Harry Souttar,DF,8,1,1,0,0,0
175,48,Behruzjon Karimov,DF,8,4,0,0,0,0
337,48,Eldor Shomurodov,FW,8,4,0,0,0,1
218,33,Carlos Harvey,DF,8,3,1,0,0,0
1195,46,Weston Mckennie,MF,8,2,1,0,0,0
691,2,Lautaro Martinez,FW,8,5,1,0,0,2
622,2,Julian Alvarez,FW,8,3,0,0,0,2
240,46,Chris Richards,DF,8,3,1,0,0,0
1078,11,Samuel Moutoussamy,MF,8,1,1,0,0,0
505,29,Ismael Saibari,MF,8,3,0,0,0,3
719,9,Luc De Fougerolles,DF,8,8,2,0,0,0
1030,9,Richie Laryea,DF,8,13,1,0,0,1
756,17,Marawan Attia,MF,8,1,2,0,0,0
461,18,Harry Kane,FW,8,9,0,0,0,2
277,32,David Moller Wolfe,DF,7,2,0,0,0,0
1156,5,Timothy Castagne,DF,7,2,1,0,0,0
809,5,Maxim De Cuyper,DF,7,2,1,0,0,0
994,13,Petar Sucic,MF,7,6,1,0,0,1
1224,5,Youri Tielemans,MF,7,10,0,0,0,1
370,18,Ezri Konsa,DF,7,11,0,0,0,0
1120,4,Stefan Posch,DF,7,3,2,0,0,0
699,27,Lee Hanbeom,DF,7,3,0,0,0,0
1065,24,Saeid Ezatolahi,MF,7,4,2,0,0,0
538,36,Jassem Gaber,DF,7,0,1,0,0,0
472,25,Hiroki Ito,DF,7,0,0,0,0,0
894,37,Nasser Aldawsari,MF,7,2,1,0,0,0
722,42,Lucas Bergvall,MF,7,4,1,0,0,0
990,41,Pedro Porro,DF,7,6,0,0,0,0
757,41,Marc Cucurella,DF,7,2,1,0,0,3
514,6,Ivan Sunjic,MF,7,0,0,0,0,0
269,7,Danilo,DF,7,1,2,0,0,1
25,47,Agustin Canobbio,MF,7,5,0,1,0,1
732,10,Luis Suarez,FW,7,8,1,0,0,1
44,16,Alan Franco,MF,7,0,2,0,0,0
1013,28,Raul Jimenez,FW,7,2,0,0,0,2
1041,47,Rodrigo Bentancur,MF,7,5,1,0,0,0
555,28,Jesus Gallardo,DF,7,3,0,0,0,0
729,10,Luis Diaz,FW,7,9,0,0,0,9
401,12,Franck Kessie,MF,7,2,1,0,0,1
18,29,Achraf Hakimi,DF,7,16,1,0,0,0
585,21,Jordan Ayew,FW,7,7,0,0,0,1
781,22,Martin Experience,DF,7,6,0,0,0,0
207,21,Caleb Yirenkyi,MF,7,3,2,0,0,0
684,21,Kwasi Sibo,MF,7,1,0,0,0,0
440,12,Guela Doue,DF,6,5,1,0,0,0
127,21,Antoine Semenyo,MF,6,4,0,0,0,4
1214,17,Yasser Ibrahim,DF,6,3,2,0,0,0
1025,22,Ricardo Ade,DF,6,4,0,0,0,0
786,21,Marvin Senaya,DF,6,4,0,0,0,0
703,22,Lenny Joseph,FW,6,1,0,0,0,0
878,17,Mostafa Zico,MF,6,5,0,0,0,2
4,48,Abbosbek Fayzullaev,MF,6,4,0,0,0,0
687,15,Ladislav Krejci,DF,6,2,1,0,0,0
1091,6,Sead Kolasinac,DF,6,4,0,0,0,0
1035,15,Robin Hranac,DF,6,0,0,0,0,0
8,48,Abdukodir Khusanov,DF,6,0,2,0,0,0
1055,43,Ruben Vargas,FW,6,6,0,0,0,2
97,6,Amar Dedic,DF,6,3,1,0,0,0
65,32,Alexander Sorloth,FW,6,2,0,0,0,2
624,32,Julian Ryerson,FW,6,1,0,0,0,0
1052,35,Ruben Dias,DF,6,3,1,0,0,0
121,13,Ante Budimir,FW,6,4,0,0,0,0
912,18,Nico Oreilly,DF,6,4,1,0,0,0
896,5,Nathan Ngoy,DF,6,1,0,1,0,0
296,30,Denzel Dumfries,DF,6,3,0,0,0,1
752,19,Manu Kone,MF,6,7,1,0,0,0
1206,4,Xaver Schlager,MF,6,0,0,0,0,0
284,19,Dayot Upamecano,DF,6,4,0,0,0,0
676,4,Konrad Laimer,MF,6,3,1,0,0,3
406,30,Frenkie De Jong,MF,6,6,0,0,0,0
1080,32,Sander Berge,MF,6,2,0,0,0,0
563,35,Joao Cancelo,DF,6,2,0,0,0,1
621,19,Jules Kounde,DF,6,5,0,0,0,1
685,19,Kylian Mbappe,FW,6,9,1,0,0,5
154,25,Ayase Ueda,FW,6,4,0,0,0,1
132,25,Ao Tanaka,MF,6,2,0,0,0,0
1032,25,Ritsu Doan,MF,6,5,0,0,0,0
1016,1,Rayan Ait Nouri,DF,6,4,0,0,0,0
714,2,Lisandro Martinez,DF,6,4,1,0,0,0
282,10,Davinson Sanchez,DF,6,5,1,0,0,1
429,2,Giuliano Simeone,FW,6,1,0,0,0,1
69,2,Alexis Mac Allister,MF,6,10,0,0,0,0
546,10,Jefferson Lerma,MF,6,5,1,0,0,0
220,7,Casemiro,MF,6,6,2,0,0,0
626,14,Juninho Bacuna,MF,6,3,2,0,0,0
1137,6,Tarik Muharemovic,DF,5,2,0,1,0,0
1059,30,Ryan Gravenberch,MF,5,3,0,0,0,0
1024,35,Renato Veiga,DF,5,3,2,0,0,0
361,32,Erling Haaland,FW,5,3,0,0,0,0
405,32,Fredrik Aursnes,MF,5,3,0,0,0,0
873,18,Morgan Rogers,MF,5,3,0,0,0,2
767,18,Marcus Rashford,FW,5,1,0,0,0,1
831,30,Micky Van De Ven,DF,5,1,1,0,0,0
525,20,Jamal Musiala,MF,5,11,1,0,0,0
723,19,Lucas Digne,DF,5,2,0,0,0,0
584,20,Jonathan Tah,DF,5,1,0,0,0,0
928,13,Nikola Vlasic,MF,5,0,0,0,0,2
853,17,Mohamed Salah,FW,5,13,0,0,0,1
924,9,Niko Sigur,DF,5,1,1,0,0,0
1119,40,Sphephelo Sithole,MF,5,1,0,1,0,0
582,9,Jonathan David,FW,5,5,1,0,0,0
1132,9,Tajon Buchanan,FW,5,8,0,0,0,2
216,22,Carlens Arcus,DF,5,3,1,0,0,2
866,17,Mohanad Lashin,MF,5,3,2,0,0,0
258,9,Cyle Larin,FW,5,1,2,0,0,3
1118,29,Soufiane Rahimi,FW,5,6,0,0,0,2
1135,9,Tani Oluwaseyi,FW,5,5,0,0,0,1
271,22,Danley Jean Jacques,MF,5,3,1,0,0,0
898,9,Nathan Saliba,MF,5,2,1,0,0,0
89,9,Alistair Johnston,DF,5,4,1,0,0,0
658,8,Kevin Pina,MF,5,3,1,0,0,0
403,22,Frantzdy Pierrot,FW,5,4,1,0,0,2
184,29,Bilal El Khannouss,MF,5,5,1,0,0,0
688,39,Lamine Camara,MF,5,3,1,0,0,0
388,41,Ferran Torres,FW,5,2,1,0,0,2
708,38,Lewis Ferguson,MF,5,10,0,0,0,0
309,43,Djibril Sow,MF,5,4,0,0,0,0
264,43,Dan Ndoye,FW,5,16,0,0,0,4
408,42,Gabriel Gudmundsson,DF,5,7,1,0,0,0
14,48,Abdulla Abdullaev,DF,5,1,0,0,0,0
693,38,Lawrence Shankland,FW,5,3,0,0,0,1
265,41,Dani Olmo,FW,5,8,0,0,0,0
50,3,Alessandro Circati,DF,5,4,1,0,0,0
835,41,Mikel Merino,MF,5,5,0,0,0,0
910,43,Nico Elvedi,DF,5,6,1,0,0,0
1235,43,Zeki Amdouni,FW,5,4,0,0,0,0
598,33,Jose Cordoba,DF,5,1,0,0,0,0
303,34,Diego Gomez,MF,5,1,2,0,0,0
435,16,Gonzalo Plata,FW,5,4,1,0,0,0
251,33,Cristian Martinez,MF,5,5,0,0,0,1
558,10,Jhon Lucumi,DF,5,0,1,0,0,0
332,28,Edson Alvarez,DF,5,2,1,0,0,0
1027,46,Ricardo Pepi,FW,5,2,0,0,0,2
623,28,Julian Quinones,FW,5,7,0,0,0,1
998,16,Piero Hincapie,DF,5,4,1,1,0,0
869,16,Moises Caicedo,MF,5,4,1,0,0,0
1015,7,Rayan,FW,5,4,0,0,0,1
1092,46,Sebastian Berhalter,MF,5,7,1,0,0,0
695,2,Leandro Paredes,MF,5,2,1,0,0,0
593,28,Jorge Sanchez,DF,5,1,1,0,0,1
556,10,Jhon Arias,MF,5,2,1,0,0,0
200,28,Brian Gutierrez,MF,5,3,1,0,0,0
1172,46,Tyler Adams,MF,5,6,1,0,0,0
1134,25,Takehiro Tomiyasu,DF,5,2,0,0,0,0
850,37,Mohamed Kanno,MF,5,0,1,0,0,0
1223,11,Yoane Wissa,FW,5,9,0,0,0,1
330,11,Edo Kayembe,MF,5,3,0,0,0,0
931,26,Nizar Alrashdan,MF,5,4,0,0,0,0
746,26,Mahmoud Almardi,FW,4,2,0,0,0,0
329,36,Edmilson Junior,FW,4,2,0,0,0,1
1088,37,Saud Abdulhamid,DF,4,2,1,0,0,0
1218,26,Yazan Alarab,DF,4,0,1,0,0,0
899,11,Nathanael Mbuku,MF,4,8,1,0,0,0
1105,24,Shoja Khalilzadeh,DF,4,0,1,0,0,1
1007,1,Ramiz Zerrouki,MF,4,0,1,0,0,0
530,8,Jamiro Monteiro,MF,4,2,0,0,0,0
471,1,Hicham Boudaoui,MF,4,1,1,0,0,0
1202,8,Willy Semedo,MF,4,2,0,0,0,0
474,36,Homam Ahmed,DF,4,0,0,1,0,0
635,25,Kaishu Sano,MF,4,1,1,0,0,0
1004,1,Rafik Belghali,DF,4,2,0,0,0,0
298,8,Deroy Duarte,MF,4,1,0,0,0,0
74,44,Ali Abdi,DF,4,2,0,0,0,0
544,22,Jean Ricner Bellegarde,MF,4,5,1,0,0,0
1144,40,Thapelo Maseko,FW,4,10,0,0,0,0
297,9,Derek Cornelius,DF,4,3,1,0,0,0
679,39,Krepin Diatta,DF,4,6,0,0,0,0
970,39,Pape Gueye,MF,4,2,1,0,0,0
1000,9,Promise David,FW,4,2,0,0,0,0
939,29,Noussair Mazraoui,DF,4,6,0,0,0,0
1063,39,Sadio Mane,FW,4,10,0,0,0,3
1143,40,Thalente Mbatha,MF,4,0,1,0,0,0
458,44,Hannibal Mejbri,MF,4,15,0,0,0,0
510,29,Issa Diop,DF,4,1,3,0,0,0
664,40,Khuliso Mudau,DF,4,10,0,0,0,1
145,40,Aubrey Modiba,DF,4,6,1,0,0,2
1113,29,Sofyan Amrabat,MF,4,2,0,0,0,0
1210,44,Yan Valery,DF,4,1,0,0,0,1
999,21,Prince Adu,FW,4,0,0,0,0,0
715,14,Livano Comenencia,MF,4,1,1,0,0,0
630,14,Jurien Gaari,DF,4,1,1,0,0,0
653,6,Kerim Alajbegovic,FW,4,6,0,0,0,1
925,6,Nikola Katic,DF,4,0,1,0,0,0
826,19,Michael Olise,FW,4,16,1,0,0,0
1188,35,Vitinha,MF,4,5,0,0,0,0
989,35,Pedro Neto,FW,4,3,0,0,0,0
1200,19,William Saliba,DF,4,0,0,0,0,0
807,19,Maxence Lacroix,DF,4,0,0,0,0,1
533,30,Jan Paul Van Hecke,DF,4,2,0,0,0,0
198,30,Brian Brobbey,FW,4,3,0,0,0,2
148,19,Aurelien Tchouameni,MF,4,3,1,0,0,0
696,5,Leandro Trossard,FW,4,8,0,0,0,1
551,5,Jeremy Doku,FW,4,18,0,0,0,0
900,20,Nathaniel Brown,DF,4,1,0,0,0,0
734,13,Luka Modric,MF,4,3,1,0,0,0
205,18,Bukayo Saka,FW,4,7,0,0,0,3
984,4,Paul Wanner,MF,4,1,0,0,0,0
977,32,Patrick Berg,MF,4,2,1,0,0,0
513,13,Ivan Perisic,FW,4,1,2,0,0,0
123,18,Anthony Gordon,FW,4,10,0,0,0,0
492,13,Igor Matanovic,FW,4,3,0,0,0,1
599,33,Jose Fajardo,FW,4,3,1,0,0,1
929,16,Nilson Angulo,FW,4,3,0,0,0,0
1186,7,Vinicius Junior,FW,4,10,0,0,0,3
911,2,Nico Gonzalez,MF,4,2,0,0,0,1
374,7,Fabinho,MF,4,0,1,0,0,0
352,16,Enner Valencia,FW,4,7,0,0,0,2
227,28,Cesar Montes,DF,4,4,0,1,0,0
204,7,Bruno Guimaraes,MF,4,7,0,0,0,0
410,7,Gabriel Martinelli,FW,4,4,0,0,0,0
600,33,Jose Luis Rodriguez,MF,4,2,0,0,0,0
922,2,Nicolas Tagliafico,DF,4,13,0,0,0,2
128,46,Antonee Robinson,DF,4,1,1,0,0,0
110,33,Andres Andrade,DF,4,0,1,0,0,0
610,22,Josue Casimir,FW,4,4,1,0,0,0
1213,42,Yasin Ayari,MF,4,8,1,0,0,0
291,43,Denis Zakaria,MF,4,0,2,0,0,1
854,3,Mohamed Toure,FW,4,2,0,0,0,1
753,43,Manuel Akanji,DF,4,4,0,0,0,0
391,31,Finn Surman,DF,4,1,0,0,0,0
1184,42,Viktor Gyokeres,FW,4,7,1,0,0,1
22,15,Adam Hlozek,FW,4,4,0,0,0,0
776,31,Marko Stamenic,MF,4,0,1,0,0,0
224,43,Cedric Itten,FW,4,2,0,0,0,0
586,3,Jordan Bos,DF,4,4,1,0,0,0
61,42,Alexander Isak,FW,4,1,0,0,0,5
905,3,Nestory Irankunda,FW,4,5,0,0,0,0
209,31,Callum Mccowatt,MF,4,1,1,0,0,0
437,43,Granit Xhaka,MF,4,12,2,0,0,0
234,38,Che Adams,FW,4,2,0,0,0,0
1189,15,Vladimir Coufal,DF,4,3,0,0,0,1
157,41,Aymeric Laporte,DF,4,2,1,0,0,0
981,41,Pau Cubarsi,DF,4,2,1,0,0,0
172,45,Baris Alper Yilmaz,FW,4,1,0,0,0,2
987,41,Pedri,MF,3,5,1,0,0,1
343,42,Elliot Stroud,DF,3,1,0,0,0,0
573,43,Johan Manzambi,MF,3,3,0,0,0,1
983,3,Paul Okon Engstler,MF,3,2,0,0,0,0
1061,31,Ryan Thomas,MF,3,3,0,0,0,0
720,43,Luca Jaquez,DF,3,1,0,0,0,0
1163,15,Tomas Soucek,MF,3,1,0,0,0,2
518,3,Jackson Irvine,MF,3,3,1,0,0,0
836,41,Mikel Oyarzabal,FW,3,4,0,0,0,0
569,31,Joe Bell,MF,3,0,0,0,0,0
133,45,Arda Guler,FW,3,10,0,0,0,2
340,31,Elijah Just,MF,3,2,1,0,0,0
968,45,Ozan Kabak,DF,3,0,0,0,0,0
1140,3,Tete Yengi,FW,3,0,0,0,0,0
1090,38,Scott Mctominay,MF,3,0,0,0,0,0
1182,42,Victor Lindelof,DF,3,0,0,0,0,0
500,42,Isak Hien,DF,3,3,1,0,0,0
176,38,Ben Gannon Doak,FW,3,1,0,0,0,0
1103,48,Sherzod Nasrullaev,DF,3,2,1,0,0,0
372,43,Fabian Rieder,MF,3,6,0,0,0,0
553,42,Jesper Karlstrom,MF,3,0,0,0,0,0
737,15,Lukas Cerv,MF,3,3,0,0,0,0
180,42,Benjamin Nygren,MF,3,0,0,0,0,0
830,43,Michel Aebischer,MF,3,2,0,0,0,0
181,6,Benjamin Tahirovic,MF,3,2,0,0,0,0
1130,14,Tahith Chong,MF,3,13,0,0,0,0
694,14,Leandro Bacuna,MF,3,3,1,0,0,0
98,6,Amar Memic,MF,3,3,0,0,0,0
620,14,Juergen Locadia,FW,3,4,0,0,0,2
814,24,Mehdi Taremi,FW,3,5,0,0,0,2
82,24,Ali Nemati,DF,3,0,1,0,0,1
1072,24,Saman Ghoddos,MF,3,0,0,0,0,1
101,23,Amir Alammari,MF,3,0,2,0,0,0
852,36,Mohamed Manai,FW,3,0,0,0,0,0
818,23,Merchas Doski,DF,3,8,1,0,0,0
644,25,Keito Nakamura,MF,3,1,0,0,0,1
378,1,Fares Chaibi,MF,3,2,1,0,0,1
485,23,Ibrahim Bayesh,MF,3,5,0,0,0,0
1228,25,Yukinari Sugawara,DF,3,1,0,0,0,0
1070,37,Salem Aldawsari,FW,3,4,1,0,0,1
1233,23,Zaid Tahseen,DF,3,2,1,0,0,0
221,27,Castrop Jens,DF,3,0,0,0,0,0
334,26,Ehsan Haddad,DF,3,1,0,0,0,0
907,11,Ngalayel Mukau,MF,3,4,0,0,0,1
702,27,Lee Taeseok,DF,3,1,0,0,0,0
152,11,Axel Tuanzebe,DF,3,3,0,0,0,0
1054,22,Ruben Providence,FW,3,4,0,0,0,0
710,9,Liam Millar,MF,3,1,1,0,0,0
1022,40,Relebohile Mofokeng,FW,3,2,0,0,0,0
812,40,Mbekezeli Mbokazi,DF,3,4,0,0,0,1
190,29,Brahim Diaz,FW,3,10,0,0,0,0
1011,44,Rani Khedira,MF,3,0,1,0,0,0
242,12,Christ Inao Oulai,MF,3,5,0,0,0,0
1203,22,Wilson Isidor,FW,3,2,0,0,0,1
718,22,Louicius Deedson,FW,3,1,0,0,0,1
1020,29,Redouane Halhal,DF,3,5,1,0,0,1
162,29,Ayyoub Bouaddi,MF,3,6,0,0,0,0
107,29,Anass Salah Eddine,DF,3,2,0,0,0,0
1010,17,Ramy Rabia,DF,3,2,0,0,0,0
1197,12,Wilfried Singo,DF,3,1,0,0,0,0
952,17,Omar Marmoush,FW,3,8,0,0,0,0
1169,17,Trezeguet,FW,3,2,0,0,0,0
455,17,Hamdy Fathy,MF,3,2,1,0,0,1
1138,40,Teboho Mokoena,MF,3,6,2,0,0,0
167,29,Azzedine Ounahi,MF,3,7,1,0,0,0
844,44,Mohamed Amine Ben Hmida,DF,3,1,0,0,0,0
882,39,Moussa Niakhate,DF,3,6,0,0,0,0
360,28,Erik Lira,MF,3,4,0,0,0,0
892,2,Nahuel Molina,DF,3,0,0,0,0,1
375,2,Facundo Medina,DF,3,2,1,0,0,1
424,28,Gilberto Mora,MF,3,3,0,0,0,0
992,16,Pervis Estupinan,DF,3,0,0,0,0,0
918,2,Nicolas Otamendi,DF,3,0,0,0,0,1
627,34,Junior Alonso,DF,3,3,1,0,0,1
397,46,Folarin Balogun,FW,3,8,1,1,0,3
326,33,Edgar Yoel Barcenas,MF,3,3,1,0,0,0
1201,16,Willian Pacho,DF,3,2,0,0,0,0
727,7,Lucas Paqueta,MF,3,6,0,0,0,0
794,47,Mathias Olivera,DF,3,0,1,0,0,0
447,34,Gustavo Gomez,DF,3,2,0,0,0,1
382,47,Federico Vinas,FW,3,3,0,0,0,3
804,34,Mauricio,MF,3,3,0,0,0,0
625,34,Julio Enciso,FW,3,10,0,0,0,0
434,2,Gonzalo Montiel,DF,3,0,1,0,0,0
441,28,Guillermo Martinez,FW,3,1,0,0,0,0
659,16,Kevin Rodriguez,FW,3,1,0,0,0,0
317,7,Douglas Santos,DF,3,2,1,0,0,1
774,4,Marko Arnautovic,FW,3,1,1,0,0,5
1162,33,Tomas Rodriguez,FW,3,1,0,0,0,0
1034,28,Roberto Alvarado,FW,3,5,0,0,0,1
749,46,Malik Tillman,MF,3,14,1,0,0,0
1193,20,Waldemar Anton,DF,3,1,0,0,0,1
979,4,Patrick Wimmer,FW,3,1,0,0,0,0
564,35,Joao Felix,FW,3,6,0,0,0,0
113,38,Andy Robertson,DF,3,1,1,0,0,0
1141,30,Teun Koopmeiners,MF,3,0,0,0,0,0
769,13,Marin Pongracic,DF,3,0,0,0,0,0
182,35,Bernardo Silva,MF,3,0,2,0,0,0
789,13,Mateo Kovacic,MF,3,3,0,0,0,0
301,19,Desire Doue,FW,3,6,0,0,0,0
782,32,Martin Odegaard,MF,3,4,0,0,0,0
383,20,Felix Nmecha,MF,3,3,0,0,0,0
758,18,Marc Guehi,DF,3,12,1,0,0,0
286,18,Declan Rice,MF,3,0,2,0,0,1
293,20,Deniz Undav,FW,3,0,0,0,0,0
1021,18,Reece James,DF,3,1,0,0,0,0
394,4,Florian Grillitsch,MF,3,1,0,0,0,0
666,38,Kieran Tierney,DF,3,2,0,0,0,0
766,32,Marcus Holmgren Pedersen,DF,3,1,0,0,0,0
188,19,Bradley Barcola,FW,3,1,1,0,0,1
1045,4,Romano Schmid,MF,3,4,0,0,0,0
633,20,Kai Havertz,FW,3,4,1,0,0,1
941,35,Nuno Mendes,DF,3,12,0,0,0,1
707,20,Leroy Sane,MF,3,2,0,0,0,1
248,30,Cody Gakpo,FW,3,3,0,0,0,3
1148,19,Theo Hernandez,DF,2,4,0,0,0,0
124,38,Anthony Ralston,DF,2,0,0,0,0,0
279,20,David Raum,DF,2,0,0,0,0,0
256,30,Crysencio Summerville,FW,2,5,1,0,0,1
576,38,John Mcginn,MF,2,11,0,0,0,0
219,4,Carney Chukwuemeka,MF,2,2,0,0,0,0
1046,5,Romelu Lukaku,FW,2,0,1,0,0,1
914,20,Nico Schlotterbeck,DF,2,1,0,0,0,0
680,32,Kristian Thorstvedt,MF,2,1,0,0,0,0
895,30,Nathan Ake,DF,2,2,0,0,0,0
232,5,Charles De Ketelaere,FW,2,3,0,0,0,2
682,32,Kristoffer Ajer,DF,2,1,1,0,0,0
770,13,Mario Pasalic,MF,2,0,0,0,0,1
936,18,Noni Madueke,FW,2,3,0,0,0,1
656,5,Kevin De Bruyne,MF,2,4,1,0,0,0
704,32,Leo Ostigard,DF,2,2,0,0,0,0
108,32,Andreas Schjelderup,MF,2,3,0,0,0,0
760,4,Marcel Sabitzer,MF,2,3,1,0,0,1
153,5,Axel Witsel,MF,2,1,1,0,0,0
608,13,Josip Sutalo,DF,2,1,0,0,0,0
750,19,Malo Gusto,DF,2,0,0,0,0,0
609,13,Josko Gvardiol,DF,2,3,0,0,0,0
904,35,Nelson Semedo,DF,2,2,1,0,0,0
304,5,Diego Moreira,MF,2,1,0,0,0,1
203,35,Bruno Fernandes,MF,2,8,0,0,0,1
255,35,Cristiano Ronaldo,FW,2,5,0,0,0,6
1017,19,Rayan Cherki,MF,2,1,0,0,0,0
1087,4,Sasa Kalajdzic,FW,2,2,0,0,0,0
1166,32,Torbjorn Heggem,DF,2,0,0,0,0,0
1187,30,Virgil Van Dijk,DF,2,2,0,0,0,0
867,26,Mohannad Abutaha,MF,2,2,1,0,0,0
305,8,Diney Borges,DF,2,0,1,0,0,0
144,36,Assim Madibo,MF,2,1,0,1,0,0
199,11,Brian Cipenga,FW,2,1,0,0,0,1
385,37,Feras Albrikan,FW,2,3,1,0,0,0
30,36,Ahmed Fathy,MF,2,1,2,0,0,0
156,23,Aymen Hussein,FW,2,1,0,0,0,0
223,11,Cedric Bakambu,FW,2,1,0,0,0,4
1006,24,Ramin Rezaeian,DF,2,3,0,0,0,1
335,24,Ehsan Hajisafi,DF,2,1,1,0,0,0
87,24,Alireza Jahanbakhsh,MF,2,0,0,0,0,0
1123,11,Steve Kapuadi,DF,2,0,0,0,0,0
1108,8,Sidny Lopes Cabral,DF,2,9,2,0,0,0
629,25,Junya Ito,MF,2,5,0,0,0,0
259,25,Daichi Kamada,MF,2,4,1,0,0,1
1232,23,Zaid Ismael,MF,2,0,0,0,0,0
943,26,Odeh Fakhoury,FW,2,4,0,0,0,1
15,37,Abdullah Alhamddan,FW,2,0,0,0,0,0
233,11,Charles Pickel,MF,2,1,1,0,0,0
887,23,Mustafa Saadoon,DF,2,0,0,0,0,0
480,26,Husam Abudahab,DF,2,1,1,0,0,0
73,36,Alhashmi Alhussein,DF,2,2,0,0,0,0
881,26,Mousa Altamari,FW,2,3,0,0,0,1
261,25,Daizen Maeda,MF,2,1,0,0,0,1
628,25,Junnosuke Suzuki,DF,2,0,1,0,0,0
187,36,Boualem Khoukhi,DF,2,1,0,0,0,0
1104,25,Shogo Taniguchi,DF,2,1,1,0,0,0
668,27,Kim Minjae,DF,2,0,0,0,0,0
888,1,Nabil Bentaleb,MF,2,3,0,0,0,0
822,11,Meschack Elia,FW,2,0,0,0,0,0
860,24,Mohammad Ghorbani,MF,2,1,0,0,0,0
698,27,Lee Gihyuk,MF,2,2,1,0,0,0
1127,36,Sultan Albrake,DF,2,0,0,0,0,0
402,23,Frans Putros,DF,2,0,0,0,0,0
862,37,Mohammed Abu Alshamat,DF,2,1,0,0,0,0
813,24,Mehdi Ghayedi,FW,2,1,0,0,0,0
935,11,Noah Sadiki,MF,2,3,2,0,0,0
512,6,Ivan Basic,MF,2,3,0,0,0,0
1154,31,Tim Payne,DF,2,2,0,0,0,0
241,31,Chris Wood,FW,2,1,0,0,0,4
824,31,Michael Boxall,DF,2,2,0,0,0,0
819,45,Merih Demiral,DF,2,1,0,0,0,3
1109,43,Silvan Widmer,DF,2,0,0,0,0,0
1221,41,Yeremy Pino,FW,2,0,0,0,0,1
663,48,Khojiakbar Alijonov,DF,2,1,0,0,0,0
897,38,Nathan Patterson,DF,2,0,0,0,0,0
985,15,Pavel Sulc,FW,2,1,0,0,0,1
1086,31,Sarpreet Singh,MF,2,2,1,0,0,0
1,38,Aaron Hickey,DF,2,4,1,0,0,0
134,43,Ardon Jashari,MF,2,1,0,0,0,0
1173,31,Tyler Bindon,DF,2,1,0,0,0,0
416,41,Gavi,MF,2,1,0,0,0,0
1161,15,Tomas Holes,DF,2,2,0,0,0,0
454,45,Hakan Calhanoglu,MF,2,1,0,0,0,0
35,3,Aiden Oneill,MF,2,8,0,0,0,0
1160,15,Tomas Chory,FW,2,1,0,0,0,0
292,45,Deniz Gul,FW,2,0,0,0,0,0
962,48,Otabek Shukurov,MF,2,5,0,0,0,0
537,3,Jason Geria,DF,2,0,0,0,0,0
356,45,Eren Elmali,DF,2,1,1,0,0,0
764,41,Marcos Llorente,DF,2,1,0,0,0,0
507,45,Ismail Yuksek,MF,2,0,0,0,0,0
1058,38,Ryan Christie,MF,2,1,1,0,0,0
166,48,Azizjon Ganiev,MF,2,1,0,0,0,0
1229,45,Yunus Akgun,FW,2,1,1,0,0,0
647,45,Kenan Yildiz,FW,2,4,0,0,0,0
956,45,Orkun Kokcu,MF,2,4,0,0,0,0
1071,45,Salih Ozcan,MF,2,2,0,0,0,0
742,38,Lyndon Dykes,FW,2,0,0,0,0,0
725,3,Lucas Herrington,DF,2,0,0,0,0,0
739,15,Lukas Provod,MF,2,1,0,0,0,1
60,42,Alexander Bernhardsson,DF,2,5,0,0,0,0
1101,14,Sherel Floranus,DF,2,0,0,0,0,1
1031,14,Riechedly Bazoer,DF,2,0,0,0,0,0
302,14,Deveron Fonville,DF,2,3,0,0,0,0
420,14,Gervane Kastaneer,FW,2,0,2,0,0,0
449,34,Gustavo Velazquez,DF,2,0,0,0,0,0
1098,46,Sergino Dest,DF,2,4,0,0,0,0
501,34,Isidro Pitta,FW,2,0,0,0,0,2
1149,2,Thiago Almada,FW,2,2,1,0,0,2
1158,46,Timothy Weah,FW,2,0,0,0,0,2
149,46,Auston Trusty,DF,2,0,0,0,0,0
916,47,Nicolas De La Cruz,MF,2,3,1,0,0,0
913,2,Nico Paz,FW,2,1,0,0,0,0
991,16,Pedro Vite,MF,2,5,0,0,0,0
838,46,Miles Robinson,DF,2,0,0,0,0,0
832,34,Miguel Almiron,MF,2,7,1,1,0,0
1042,2,Rodrigo De Paul,MF,2,4,1,0,0,1
197,46,Brenden Aaronson,FW,2,1,0,0,0,0
519,16,Jackson Porozo,DF,2,0,1,0,0,0
951,34,Omar Alderete,DF,2,3,0,0,0,0
808,47,Maxi Araujo,MF,2,7,0,0,0,6
590,16,Jordy Caicedo,FW,2,0,0,0,0,0
494,7,Igor Thiago,FW,2,0,0,0,0,0
274,4,David Alaba,DF,2,0,0,0,0,0
446,34,Gustavo Caballero,MF,2,2,0,0,0,1
560,33,Jiovany Ramos,DF,2,1,0,0,0,0
225,33,Cesar Blackman,DF,2,2,1,0,0,1
1044,7,Roger Ibanez,DF,2,1,1,0,0,0
1093,47,Sebastian Caceres,DF,2,2,0,0,0,0
529,10,Jaminton Campaz,FW,2,3,0,0,0,2
712,2,Lionel Messi,FW,2,16,0,0,0,5
246,12,Christopher Operi,DF,2,0,0,0,0,0
341,21,Elisha Owusu,MF,2,0,0,0,0,0
1209,12,Yan Diomande,FW,2,7,0,0,0,0
364,21,Ernest Nuamah,FW,2,2,0,0,0,0
456,17,Hamza Abdelkarim,FW,2,0,0,0,0,0
452,17,Haissem Hassan,FW,2,2,2,0,0,0
848,44,Mohamed Hadj Mahmoud,MF,2,0,0,0,0,0
917,39,Nicolas Jackson,FW,2,0,0,0,0,5
747,17,Mahmoud Saber,MF,2,1,1,0,0,0
495,39,Iliman Ndiaye,FW,2,1,0,0,0,0
506,39,Ismail Jakobs,DF,2,0,0,0,0,0
491,39,Idrissa Gana Gueye,MF,2,2,0,0,0,0
868,9,Moise Bombito,DF,2,0,0,0,0,0
849,17,Mohamed Hany,DF,2,1,0,0,0,0
336,39,El Hadji Malick Diouf,DF,2,0,0,0,0,0
466,44,Hazem Mastouri,FW,2,2,0,0,0,0
347,17,Emam Ashour,MF,2,13,0,0,0,0
521,9,Jacob Shaffelburg,MF,2,1,0,0,0,0
421,29,Gessime Yassine,MF,2,3,0,0,0,0
1152,21,Thomas Partey,MF,2,5,0,0,0,0
489,12,Ibrahim Sangare,MF,2,4,0,0,0,0
1122,9,Stephen Eustaquio,MF,2,6,0,0,0,0
637,21,Kamaldeen Sulemana,FW,2,1,0,0,0,1
552,21,Jerome Opoku,DF,2,4,0,0,0,0
423,21,Gideon Mensah,DF,2,2,0,0,0,0
1242,17,Zizo,FW,2,1,0,0,0,0
497,21,Inaki Williams,FW,2,1,1,0,0,1
451,39,Habib Diarra,MF,2,2,0,0,0,0
31,17,Ahmed Fatouh,DF,2,3,1,0,0,0
541,22,Jean Kevin Duverne,DF,2,1,0,0,0,1
339,44,Elias Saad,FW,1,3,0,0,0,1
392,44,Firas Chaouat,FW,1,2,0,0,0,3
114,12,Ange Yoan Bonny,FW,1,3,0,0,0,1
842,17,Mohamed Abdelmoneim,DF,1,0,0,0,0,0
7,39,Abdoulaye Seck,DF,1,1,1,0,0,0
810,9,Maxime Crepeau,GK,1,1,0,0,0,0
75,9,Ali Ahmed,FW,1,5,0,0,0,0
971,39,Pape Matar Sarr,MF,1,0,0,0,0,0
260,8,Dailon Livramento,FW,1,1,0,0,0,2
9,21,Abdul Fatawu,FW,1,8,1,0,0,0
640,17,Karim Hafez,DF,1,2,0,0,0,0
85,21,Alidu Seidu,DF,1,0,1,0,0,0
872,44,Montassar Talbi,DF,1,1,0,0,0,0
498,40,Iqraam Rayners,FW,1,1,0,0,0,2
160,29,Ayoube Amaimouni,FW,1,0,0,0,0,0
1192,8,Wagner Pina,DF,1,3,1,0,0,0
1212,8,Yannick Semedo,MF,1,1,0,0,0,0
932,40,Nkosinathi Sibisi,DF,1,0,1,0,0,0
321,44,Dylan Bronn,DF,1,0,0,0,0,0
368,40,Evidence Makgopa,FW,1,1,0,0,0,2
581,21,Jonas Adjetey,DF,1,0,0,0,0,0
795,9,Mathieu Choiniere,MF,1,1,0,0,0,0
975,39,Pathe Ciss,MF,1,0,0,0,0,0
1234,29,Zakaria El Ouahdi,DF,1,1,0,0,0,0
1170,40,Tshepang Moremi,FW,1,1,0,0,0,0
638,40,Kamogelo Sebelebele,FW,1,0,0,0,0,0
961,40,Oswin Appollis,FW,1,2,0,0,0,0
367,12,Evann Guessand,FW,1,0,0,0,0,0
673,21,Kojo Peprah Oppong,DF,1,0,1,0,0,0
504,9,Ismael Kone,MF,1,3,0,0,0,0
496,40,Ime Okon,DF,1,1,0,0,0,0
300,21,Derrick Luckassen,DF,1,2,0,0,0,0
1146,40,Themba Zwane,MF,1,0,0,1,0,0
1094,44,Sebastian Tounekti,MF,1,0,0,0,0,0
508,39,Ismaila Sarr,FW,1,9,0,0,0,2
919,12,Nicolas Pepe,FW,1,1,1,0,0,1
457,22,Hannes Delcroix,DF,1,2,0,0,0,0
612,8,Jovane Cabral,MF,1,2,0,0,0,0
1095,12,Seko Fofana,MF,1,0,1,0,0,0
159,29,Ayoub El Kaabi,FW,1,1,0,0,0,3
475,17,Hossam Abdelmaguid,DF,1,0,0,0,0,0
871,15,Mojmir Chytil,FW,1,0,0,0,0,0
1236,45,Zeki Celik,DF,1,0,0,0,0,0
295,6,Dennis Hadzikadunic,DF,1,0,0,0,0,0
840,43,Miro Muheim,DF,1,3,1,0,0,0
328,6,Edin Dzeko,FW,1,2,1,0,0,0
1121,15,Stepan Chaloupek,DF,1,0,0,0,0,0
373,41,Fabian Ruiz,MF,1,3,0,0,0,0
164,3,Aziz Behich,DF,1,4,0,0,0,0
316,48,Dostonbek Khamdamov,MF,1,0,0,0,0,1
517,38,Jack Hendry,DF,1,3,0,0,0,0
980,15,Patrik Schick,FW,1,3,0,0,0,0
13,45,Abdulkerim Bardakci,DF,1,3,0,0,0,0
249,3,Connor Metcalfe,MF,1,0,0,0,0,0
930,3,Nishan Velupillay,FW,1,0,0,0,0,0
944,48,Odiljon Xamrobekov,MF,1,1,1,0,0,0
444,42,Gustaf Lagerbielke,DF,1,3,0,0,0,1
390,38,Findlay Curtis,FW,1,0,1,0,0,0
183,42,Besfort Zeneli,MF,1,0,0,0,0,0
650,38,Kenny Mclean,MF,1,1,1,0,0,0
254,3,Cristian Volpato,FW,1,2,0,0,0,0
1057,48,Rustam Ashurmatov,DF,1,0,0,0,0,0
365,6,Esmir Bajraktarevic,FW,1,2,0,0,0,0
711,31,Liberato Cacace,DF,1,5,0,0,0,0
792,3,Mathew Leckie,FW,1,1,0,0,0,0
39,3,Ajdin Hrustic,FW,1,0,0,0,0,0
821,45,Mert Muldur,DF,1,2,0,0,0,0
1003,35,Rafael Leao,FW,1,2,0,0,0,0
399,35,Francisco Conceicao,FW,1,1,0,0,0,1
308,18,Djed Spence,DF,1,3,0,0,0,0
543,19,Jean Philippe Mateta,FW,1,0,0,0,0,0
825,4,Michael Gregoritsch,FW,1,1,0,0,0,2
438,38,Grant Hanley,DF,1,0,0,0,0,1
396,20,Florian Wirtz,MF,1,3,0,0,0,1
655,4,Kevin Danso,DF,1,2,0,0,0,0
1194,19,Warren Zaire Emery,MF,1,0,0,0,0,0
129,32,Antonio Nusa,FW,1,5,1,0,0,2
130,20,Antonio Ruediger,DF,1,0,0,0,0,0
779,13,Martin Baturina,MF,1,14,0,0,0,0
996,4,Phillip Mwene,DF,1,1,0,0,0,0
1159,35,Tomas Araujo,DF,1,0,1,0,0,0
96,5,Amadou Onana,MF,1,3,0,0,0,0
263,18,Dan Burn,DF,1,0,0,0,0,0
535,18,Jarell Quansah,DF,1,0,1,1,0,0
748,20,Malick Thiaw,DF,1,1,0,0,0,0
921,4,Nicolas Seiwald,MF,1,1,0,0,0,0
993,13,Petar Musa,FW,1,1,0,0,0,0
323,18,Eberechi Eze,MF,1,3,0,0,0,1
974,20,Pascal Gross,MF,1,0,0,0,0,0
811,20,Maximilian Beier,FW,1,1,0,0,0,0
736,13,Luka Vuskovic,DF,1,1,0,0,0,0
1205,30,Wout Weghorst,FW,1,2,0,0,0,0
875,32,Morten Thorsby,MF,1,0,0,0,0,0
565,35,Joao Neves,MF,1,4,0,0,0,0
817,30,Memphis Depay,FW,1,1,1,0,0,0
578,18,John Stones,DF,1,1,0,0,0,0
959,32,Oscar Bobb,MF,1,4,0,0,0,0
310,5,Dodi Lukebakio,FW,1,2,0,0,0,0
140,5,Arthur Theate,DF,1,0,0,0,0,0
483,27,Hwang Inbeom,MF,1,1,0,0,0,0
1097,27,Seol Youngwoo,DF,1,2,0,0,0,4
1033,1,Riyad Mahrez,FW,1,7,0,0,0,1
27,36,Ahmed Alganehi,MF,1,0,0,0,0,0
6,26,Abdallah Nasib,DF,1,1,0,0,0,0
78,26,Ali Azaizeh,FW,1,1,0,0,0,0
158,36,Ayoub Aloui,DF,1,0,0,0,0,0
1111,11,Simon Banza,FW,1,0,0,0,0,0
77,24,Ali Alipour,FW,1,1,0,0,0,0
482,27,Hwang Heechan,MF,1,2,0,0,0,0
1019,23,Rebin Sulaka,DF,1,0,0,1,0,0
3,11,Aaron Wan Bissaka,DF,1,1,0,0,0,1
969,27,Paik Seungho,MF,1,2,1,0,0,0
861,24,Mohammad Mohebbi,MF,1,1,0,0,0,0
674,25,Koki Ogawa,FW,1,0,0,0,0,0
837,24,Milad Mohammadi,DF,1,1,0,0,0,2
11,36,Abdulaziz Hatem,MF,1,0,0,0,0,0
231,11,Chancel Mbemba,DF,1,2,1,0,0,0
99,26,Amer Jamous,MF,1,0,0,0,0,0
84,23,Ali Yousif,FW,1,0,0,0,0,0
1230,36,Yusuf Abdurisag,FW,1,2,0,0,0,0
1067,26,Saleem Obaid,DF,1,0,0,0,0,0
678,25,Kou Itakura,DF,1,0,0,0,0,0
83,26,Ali Olwan,FW,1,4,0,0,0,1
161,25,Ayumu Seko,DF,1,0,0,0,0,0
745,36,Mahmoud Abunada,GK,1,1,1,0,0,0
478,1,Houssem Aouar,MF,1,2,0,0,0,0
1238,23,Zidane Iqbal,MF,1,2,0,0,0,0
700,27,Lee Jaesung,MF,1,4,0,0,0,1
463,36,Hassan Alhaydos,FW,1,1,0,0,0,0
1060,8,Ryan Mendes,FW,1,2,0,0,0,2
100,1,Amine Gouiri,FW,1,1,0,0,0,0
76,23,Ali Alhamadi,FW,1,5,0,0,0,0
660,23,Kevin Yakob,MF,1,0,0,0,0,0
988,36,Pedro Miguel,DF,1,7,0,0,0,0
393,11,Fiston Mayele,FW,1,1,0,0,0,1
1128,37,Sultan Mandash,FW,1,2,0,0,0,0
902,37,Nawaf Bu Washl,DF,1,1,0,0,0,0
481,23,Hussein Ali,DF,1,0,0,0,0,1
846,1,Mohamed Amoura,FW,1,0,0,0,0,0
79,23,Ali Jasim,FW,1,0,0,0,0,0
1211,27,Yang Hyunjun,MF,1,0,0,0,0,1
886,37,Musab Aljuwayr,MF,1,1,0,0,0,2
1107,25,Shuto Machino,FW,1,0,0,0,0,0
1009,1,Ramy Bensebaini,DF,1,5,0,0,0,0
486,1,Ibrahim Maza,MF,1,5,0,0,0,0
26,36,Ahmed Alaaeldin,FW,1,1,0,0,0,0
937,26,Noor Alrawabdeh,MF,1,0,0,0,0,0
12,37,Abdulelah Alamri,DF,1,0,1,0,0,0
701,27,Lee Kangin,MF,1,7,1,0,0,0
237,27,Cho Guesung,FW,1,0,1,0,0,0
467,8,Helio Varela,MF,1,2,0,0,0,1
858,26,Mohammad Abuzraiq,FW,1,0,1,0,0,0
477,24,Hossein Kanani,DF,1,0,1,0,0,0
1133,25,Takefusa Kubo,MF,1,1,0,0,0,0
1100,24,Shahriyar Moghanloo,FW,1,1,0,0,0,1
52,34,Alex Arce,FW,1,0,1,0,0,0
262,34,Damian Bobadilla,MF,1,1,0,0,0,0
1082,10,Santiago Arias,DF,1,0,0,0,0,0
287,10,Deiver Machado,DF,1,2,0,0,0,0
592,33,Jorge Gutierrez,DF,1,2,0,0,0,0
409,7,Gabriel Magalhaes,DF,1,3,0,0,0,0
942,28,Obed Vargas,MF,1,0,0,0,0,0
427,2,Giovani Lo Celso,MF,1,1,0,0,0,1
407,34,Gabriel Avalos,FW,1,2,0,0,0,0
1208,16,Yaimar Medina,DF,1,0,0,0,0,0
1084,28,Santiago Gimenez,FW,1,3,0,0,0,0
615,47,Juan Manuel Sanabria,MF,1,0,1,0,0,1
601,2,Jose Manuel Lopez,FW,1,0,1,0,0,0
772,46,Mark Mckenzie,DF,1,1,0,0,0,0
222,33,Cecilio Waterman,FW,1,1,0,0,0,0
755,47,Manuel Ugarte,MF,1,0,0,0,0,0
48,34,Alejandro Romero Gamarra,FW,1,1,0,0,0,0
790,7,Matheus Cunha,FW,1,3,0,0,0,1
509,28,Israel Reyes,DF,1,0,0,0,0,0
244,46,Christian Pulisic,FW,1,6,0,0,0,2
428,46,Giovanni Reyna,MF,1,2,0,0,0,0
1012,7,Raphinha,FW,1,2,0,0,0,2
648,16,Kendry Paez,MF,1,0,1,0,0,0
788,28,Mateo Chavez,DF,1,1,0,0,0,0
597,34,Jose Canale,DF,1,2,0,0,0,0
351,7,Endrick,FW,1,1,0,0,0,1
589,16,Jordy Alcivar,MF,1,0,1,0,0,0
131,34,Antonio Sanabria,FW,1,2,0,0,0,0
1014,28,Raul Rangel,GK,1,0,0,0,0,0
369,2,Exequiel Palacios,MF,1,1,0,0,0,0
389,33,Fidel Escobar,DF,1,0,0,0,0,0
574,10,Johan Mojica,DF,1,7,1,0,0,1
272,47,Darwin Nunez,FW,1,1,0,0,0,2
314,22,Dominique Simon,MF,1,1,0,0,0,0
731,28,Luis Romo,MF,1,3,0,0,0,0
58,7,Alex Sandro,DF,1,0,0,0,0,0
54,46,Alex Freeman,DF,1,1,0,0,0,0
906,7,Neymar Jr,FW,1,1,1,0,0,0
325,7,Ederson Silva,MF,1,0,0,0,0,0
571,16,Joel Ordonez,DF,1,1,0,0,0,0
136,28,Armando Gonzalez,FW,1,0,0,0,0,0
728,28,Luis Chavez,MF,1,0,0,0,0,0
163,33,Azarias Londono,FW,1,0,0,0,0,0
443,47,Guillermo Varela,DF,1,1,1,0,0,0
381,47,Federico Valverde,MF,1,0,0,0,0,0
557,10,Jhon Cordoba,FW,1,2,0,0,0,2
103,33,Amir Murillo,DF,1,7,0,0,0,1
47,33,Alberto Quintero,MF,1,0,0,0,0,0
59,46,Alex Zendejas,FW,1,0,0,0,0,0
613,6,Jovo Lukic,FW,1,0,1,0,0,0
1125,6,Stjepan Radeljic,DF,1,3,1,0,0,0
363,6,Ermin Mahmic,MF,1,1,1,0,0,0
137,14,Armando Obispo,DF,1,0,0,0,0,1
1073,6,Samed Bazdar,FW,1,1,0,0,0,0
138,6,Armin Gigovic,MF,0,1,0,0,0,0
1050,14,Roshon Van Eijma,DF,0,0,0,0,0,0
430,14,Godfried Roemeratoe,MF,0,0,0,0,0,0
545,14,Jearl Margaritha,FW,0,0,0,0,0,0
649,14,Kenji Gorre,FW,0,0,0,0,0,0
605,14,Joshua Brenet,DF,0,1,0,0,0,1
657,14,Kevin Felida,MF,0,0,0,0,0,0
1176,14,Tyrick Bodak,GK,0,0,0,0,0,0
192,14,Brandley Kuwas,FW,0,0,0,0,0,0
460,6,Haris Tabakovic,FW,0,0,0,0,0,0
841,6,Mladen Jurkas,GK,0,0,0,0,0,0
345,14,Eloy Room,GK,0,0,0,0,0,0
1106,14,Shurandy Sambo,DF,0,0,0,0,0,0
1168,14,Trevor Doornbusch,GK,0,0,0,0,0,0
1175,14,Tyrese Noslin,FW,0,2,0,0,0,0
135,14,Arjany Martha,MF,0,0,0,0,0,0
783,6,Martin Zlomislic,GK,0,0,0,0,0,0
549,14,Jeremy Antonisse,FW,0,0,0,0,0,0
1117,14,Sontje Hansen,FW,0,0,0,0,0,0
891,20,Nadiem Amiri,MF,0,0,0,0,0,0
459,5,Hans Vanaken,MF,0,6,0,0,0,0
273,4,David Affengruber,DF,0,0,0,0,0,0
315,30,Donyell Malen,FW,0,2,0,0,0,0
908,19,Ngolo Kante,MF,0,0,0,0,0,0
588,18,Jordan Pickford,GK,0,4,0,0,0,0
142,20,Assan Ouedraogo,MF,0,0,0,0,0,0
1077,35,Samu Costa,DF,0,0,0,0,0,0
827,4,Michael Svoboda,DF,0,0,0,0,0,0
109,13,Andrej Kramaric,FW,0,0,0,0,0,1
1001,30,Quinten Timber,MF,0,2,0,0,0,0
568,5,Joaquin Seys,DF,0,0,0,0,0,0
763,13,Marco Pasalic,FW,0,2,0,0,0,2
70,5,Alexis Saelemaekers,MF,0,2,0,0,0,2
173,30,Bart Verbruggen,GK,0,0,0,0,0,0
468,32,Henrik Falchener,DF,0,0,0,0,0,0
771,30,Mark Flekken,GK,0,0,0,0,0,0
433,35,Goncalo Ramos,FW,0,0,0,0,0,0
1237,5,Zeno Debast,DF,0,0,0,0,0,0
1056,35,Rui Silva,GK,0,0,0,0,0,0
312,13,Dominik Kotarski,GK,0,0,0,0,0,0
780,13,Martin Erlic,DF,0,0,0,0,0,0
400,35,Francisco Trincao,FW,0,0,0,0,0,0
594,32,Jorgen Strand Larsen,FW,0,2,0,0,0,1
306,35,Diogo Costa,GK,0,1,0,0,0,0
1165,13,Toni Fruk,MF,0,0,0,0,0,0
1115,32,Sondre Langas,DF,0,0,0,0,0,0
768,19,Marcus Thuram,FW,0,0,0,0,0,0
1053,35,Ruben Neves,MF,0,0,0,0,0,0
672,18,Kobbie Mainoo,MF,0,0,0,0,0,0
516,13,Ivor Pandur,GK,0,0,0,0,0,0
1167,18,Trevoh Chalobah,DF,0,0,0,0,0,0
587,18,Jordan Henderson,MF,0,1,1,0,0,0
548,32,Jens Petter Hauge,MF,0,0,0,0,0,0
51,4,Alessandro Schoepf,MF,0,0,0,0,0,0
778,30,Marten De Roon,MF,0,0,0,0,0,0
603,35,Jose Sa,GK,0,0,0,0,0,0
395,4,Florian Wiegele,GK,0,0,0,0,0,0
740,30,Lutsharel Geertruida,DF,0,0,0,0,0,0
250,38,Craig Gordon,GK,0,0,0,0,0,0
515,18,Ivan Toney,FW,0,0,0,0,0,0
995,4,Philipp Lienhart,DF,0,0,0,0,0,0
834,5,Mike Penders,GK,0,0,0,0,0,0
63,4,Alexander Prass,MF,0,0,0,0,0,0
743,19,Maghnes Akliouche,MF,0,0,0,0,0,0
490,19,Ibrahima Konate,DF,0,0,0,0,0,0
432,35,Goncalo Inacio,DF,0,0,0,0,0,0
1096,5,Senne Lammens,GK,0,0,0,0,0,0
431,35,Goncalo Guedes,FW,0,0,0,0,0,0
404,32,Fredrik Andre Bjorkan,DF,0,0,0,0,0,0
681,13,Kristijan Jakic,DF,0,0,0,0,0,0
933,30,Noa Lang,FW,0,1,0,0,0,0
964,19,Ousmane Dembele,FW,0,3,0,0,0,2
1153,30,Tijjani Reijnders,MF,0,3,0,0,0,1
319,13,Duje Caleta Car,DF,0,0,0,0,0,0
202,19,Brice Samba,GK,0,0,0,0,0,0
926,13,Nikola Moro,MF,0,0,0,0,0,0
978,4,Patrick Pentz,GK,0,0,0,0,0,0
909,20,Nick Woltemade,FW,0,0,0,0,0,0
948,20,Oliver Baumann,GK,0,0,0,0,0,0
675,5,Koni De Winter,DF,0,0,0,0,0,0
333,32,Egil Selvik,GK,0,0,0,0,0,0
762,4,Marco Friedl,DF,0,0,0,0,0,0
288,4,Dejan Ljubicic,MF,0,0,0,0,0,0
735,13,Luka Sucic,MF,0,0,0,0,0,0
450,30,Guus Til,MF,0,0,0,0,0,0
724,19,Lucas Hernandez,DF,0,0,0,0,0,0
833,19,Mike Maignan,GK,0,2,0,0,0,0
62,20,Alexander Nuebel,GK,0,0,0,0,0,0
528,20,Jamie Leweling,MF,0,0,0,0,0,0
631,30,Justin Kluivert,MF,0,2,0,0,0,0
307,35,Diogo Dalot,DF,0,1,0,0,0,0
1036,19,Robin Risser,GK,0,0,0,0,0,0
1150,5,Thibaut Courtois,GK,0,0,0,0,0,0
706,20,Leon Goretzka,MF,0,0,0,0,0,0
799,30,Mats Wieffer,DF,0,0,0,0,0,0
754,20,Manuel Neuer,GK,0,2,0,0,0,0
796,5,Matias Fernandez Pardo,FW,0,0,0,0,0,0
285,18,Dean Henderson,GK,0,0,0,0,0,0
606,20,Joshua Kimmich,DF,0,7,0,0,0,0
527,18,James Trafford,GK,0,0,0,0,0,0
1037,30,Robin Roefs,GK,0,0,0,0,0,0
1145,32,Thelo Aasgaard,MF,0,3,0,0,0,0
955,32,Orjan Nyland,GK,0,0,0,0,0,0
607,13,Josip Stanisic,DF,0,3,0,0,0,0
791,35,Matheus Nunes,MF,0,0,0,0,0,0
949,18,Ollie Watkins,FW,0,0,0,0,0,0
64,4,Alexander Schlager,GK,0,1,0,0,0,0
313,13,Dominik Livakovic,GK,0,1,0,0,0,0
596,30,Jorrel Hato,DF,0,0,0,0,0,0
116,20,Angelo Stiller,MF,0,0,0,0,0,0
1081,32,Sander Tangvik,GK,0,0,0,0,0,0
542,12,Jean Michael Seri,MF,0,0,0,0,0,0
611,22,Josue Duverger,GK,0,0,0,0,0,0
214,22,Carl Sainte,MF,0,0,0,0,0,0
230,29,Chadi Riad,DF,0,1,0,0,0,0
10,21,Abdul Mumin,DF,0,0,0,0,0,0
1002,44,Raed Chikhaoui,DF,0,0,0,0,0,0
1216,29,Yassine Bounou,GK,0,4,0,0,0,0
422,12,Ghislain Konan,DF,0,1,0,0,0,0
95,12,Amad Diallo,FW,0,2,0,0,0,1
346,12,Elye Wahi,FW,0,0,0,0,0,0
692,21,Lawrence Ati Zigi,GK,0,1,0,0,0,0
751,39,Mamadou Sarr,DF,0,0,0,0,0,0
1136,17,Tarek Alaa,DF,0,0,0,0,0,0
350,12,Emmanuel Agbadou,DF,0,0,0,0,0,0
484,17,Ibrahim Adel,FW,0,0,0,0,0,0
318,22,Duckens Nazon,FW,0,1,1,0,0,0
189,40,Bradley Cross,DF,0,0,0,0,0,0
179,21,Benjamin Asare,GK,0,1,0,0,0,0
876,39,Mory Diaw,GK,0,2,0,0,0,0
645,8,Kelvin Pires,DF,0,0,0,0,0,0
155,44,Aymen Dahmen,GK,0,1,0,0,0,0
425,8,Gilson Benchimol,FW,0,1,0,0,0,0
366,12,Evan Ndicka,DF,0,0,0,0,0,0
883,44,Moutaz Neffati,DF,0,0,0,0,0,0
851,12,Mohamed Kone,GK,0,0,0,0,0,0
572,9,Joel Waterman,DF,0,0,0,0,0,0
1198,22,Wilguens Paugain,DF,0,0,0,0,0,0
843,17,Mohamed Alaa,GK,0,0,0,0,0,0
245,21,Christopher Bonsu Baah,FW,0,0,0,0,0,0
338,44,Elias Achouri,FW,0,1,0,0,0,1
604,21,Joseph Anang,GK,0,0,0,0,0,0
487,39,Ibrahim Mbaye,FW,0,2,0,0,0,0
744,17,Mahdy Soliman,GK,0,0,0,0,0,0
91,9,Alphonso Davies,DF,0,0,0,0,0,0
1062,44,Sabri Ben Hessen,GK,0,0,0,0,0,0
67,22,Alexandre Pierre,GK,0,0,0,0,0,0
662,44,Khalil Ayari,MF,0,0,0,0,0,0
950,40,Olwethu Makhanya,DF,0,0,0,0,0,0
877,17,Mostafa Shoubir,GK,0,5,1,0,0,0
566,8,Joao Paulo,MF,0,4,0,0,0,0
46,12,Alban Lafont,GK,0,0,0,0,0,0
503,44,Ismael Gharbi,MF,0,2,0,0,0,0
885,29,Munir El Kajoui,GK,0,0,0,0,0,0
170,39,Bamba Dieng,FW,0,0,0,0,0,0
1018,44,Rayan Elloumi,FW,0,0,0,0,0,0
580,22,Johny Placide,GK,0,0,1,0,0,0
143,39,Assane Diao,FW,0,0,0,0,0,0
1142,40,Thabang Matuludi,DF,0,0,0,0,0,0
945,12,Odilon Kossounou,DF,0,1,0,0,0,0
1139,8,Telmo Arcanjo,MF,0,1,0,0,0,0
344,44,Ellyes Skhiri,MF,0,1,0,0,0,0
146,21,Augustine Boakye,MF,0,0,0,0,0,0
539,40,Jayden Adams,MF,0,0,0,0,0,0
889,17,Nabil Donga,MF,0,0,0,0,0,0
1110,12,Simon Adingra,FW,0,0,0,0,0,0
773,22,Markhus Lacroix,DF,0,0,0,0,0,0
741,40,Lyle Foster,FW,0,1,0,0,0,0
1204,22,Woodensky Pierre,MF,0,0,0,0,0,0
967,9,Owen Goodman,GK,0,0,0,0,0,0
34,29,Ahmed Reda Tagnaouti,GK,0,0,0,0,0,0
171,39,Bara Sapoko Ndiaye,MF,0,2,0,0,0,0
168,21,Baba Rahman,DF,0,0,0,0,0,0
1076,29,Samir El Mourabet,MF,0,1,0,0,0,0
236,39,Cherif Ndiaye,FW,0,0,0,0,0,0
972,12,Parfait Guiagon,MF,0,0,0,0,0,0
963,12,Oumar Diakite,FW,0,0,0,0,0,0
331,39,Edouard Mendy,GK,0,0,0,0,0,0
120,44,Anis Slimane,MF,0,0,0,0,0,2
1112,40,Sipho Chaine,GK,0,0,0,0,0,0
72,9,Alfie Jones,DF,0,0,0,0,0,0
299,22,Derrick Etienne,FW,0,0,0,0,0,0
665,40,Khulumani Ndamane,DF,0,0,0,0,0,0
880,44,Mouhib Chamakh,GK,0,0,0,0,0,0
1220,39,Yehvann Diouf,GK,0,0,0,0,0,0
283,9,Dayne St Clair,GK,0,0,0,0,0,0
413,22,Garven Metusala,DF,0,0,0,0,0,0
583,9,Jonathan Osorio,MF,0,1,0,0,0,0
21,44,Adam Arous,DF,0,0,0,0,0,0
874,44,Mortadha Ben Ouanes,DF,0,1,0,0,0,0
126,39,Antoine Mendy,DF,0,0,0,0,0,0
540,9,Jayden Nelson,FW,0,0,0,0,0,0
1207,12,Yahia Fofana,GK,0,3,0,0,0,0
1226,29,Youssef Belammari,DF,0,0,0,0,0,0
1048,40,Ronwen Williams,GK,0,0,0,0,0,0
636,39,Kalidou Koulibaly,DF,0,0,0,0,0,0
1079,40,Samukele Kabini,DF,0,0,0,0,0,0
965,12,Ousmane Diomande,DF,0,0,0,0,0,0
194,21,Brandon Thomas Asante,FW,0,1,0,0,0,1
1026,40,Ricardo Goss,GK,0,0,0,0,0,0
953,44,Omar Rekik,DF,0,1,0,0,0,1
847,17,Mohamed Elshenawy,GK,0,0,0,0,0,0
690,8,Laros Duarte,MF,0,2,0,0,0,0
174,12,Bazoumana Toure,FW,0,1,0,0,0,0
235,29,Chemsdine Talbi,MF,0,0,0,0,0,0
686,31,Lachlan Bayliss,MF,0,0,0,0,0,0
165,48,Azizbek Amonov,FW,0,0,0,0,0,0
122,42,Anthony Elanga,FW,0,7,0,0,0,1
57,31,Alex Rufer,MF,0,0,0,0,0,0
358,41,Eric Garcia,DF,0,0,0,0,0,0
1180,48,Utkir Yusupov,GK,0,1,0,0,0,0
17,48,Abduvohid Nematov,GK,0,0,0,0,0,0
473,42,Hjalmar Ekdal,DF,0,0,0,0,0,0
275,15,David Doudera,DF,0,1,0,0,0,0
322,6,Dzenis Burnic,MF,0,0,0,0,0,0
717,31,Logan Rogerson,FW,0,0,0,0,0,0
398,31,Francis De Vries,DF,0,0,0,0,0,0
536,15,Jaroslav Zeleny,DF,0,2,0,0,0,0
522,42,Jacob Widell Zetterstrom,GK,0,0,0,0,0,0
646,42,Ken Sema,MF,0,1,0,0,0,0
1074,45,Samet Akaydin,DF,0,0,0,0,0,0
893,31,Nando Pijnaker,DF,0,0,0,0,0,0
531,48,Jamshid Iskanderov,MF,0,0,0,0,0,0
41,48,Akmal Mozgovoy,MF,0,3,0,0,0,0
380,48,Farrukh Sayfiev,DF,0,2,0,0,0,0
1177,45,Ugurcan Cakir,GK,0,0,0,0,0,0
709,38,Liam Kelly,GK,0,0,0,0,0,0
1179,41,Unai Simon,GK,0,3,0,0,0,0
1051,38,Ross Stewart,FW,0,0,0,0,0,0
92,45,Altay Bayindir,GK,0,0,0,0,0,0
738,15,Lukas Hornicek,GK,0,0,0,0,0,0
311,38,Dominic Hyam,DF,0,0,0,0,0,0
946,45,Oguz Aydin,FW,0,2,0,0,0,0
178,31,Ben Waine,FW,0,0,0,0,0,0
1178,48,Umar Eshmurodov,DF,0,0,0,0,0,0
1089,38,Scott Mckenna,DF,0,0,0,0,0,0
1183,41,Victor Munoz,FW,0,0,0,0,0,0
102,6,Amir Hadziahmetovic,MF,0,0,0,0,0,0
577,38,John Souttar,DF,0,0,0,0,0,0
839,3,Milos Degenek,DF,0,0,0,0,0,0
55,41,Alex Grimaldo,DF,0,0,0,0,0,0
976,3,Patrick Beach,GK,0,0,0,0,0,0
186,48,Botirali Ergashev,GK,0,0,0,0,0,0
210,3,Cameron Burgess,DF,0,0,0,0,0,0
829,15,Michal Sadilek,MF,0,3,0,0,0,0
439,43,Gregor Kobel,GK,0,3,0,0,0,0
117,38,Angus Gunn,GK,0,0,0,0,0,0
445,42,Gustaf Nilsson,FW,0,0,0,0,0,0
185,41,Borja Iglesias,FW,0,0,0,0,0,0
151,3,Awer Mabil,FW,0,1,0,0,0,0
211,3,Cameron Devlin,MF,0,0,0,0,0,0
923,6,Nihad Mujakic,DF,0,0,0,0,0,0
290,15,Denis Visinsky,FW,0,1,0,0,0,0
960,48,Oston Urunov,MF,0,0,0,0,0,0
276,15,David Jurasek,DF,0,0,0,0,0,0
803,42,Mattias Svanberg,MF,0,1,0,0,0,0
1174,38,Tyler Fletcher,MF,0,0,0,0,0,0
634,3,Kai Trewin,DF,0,1,0,0,0,0
562,41,Joan Garcia,GK,0,0,0,0,0,0
479,15,Hugo Sochurek,MF,0,0,0,0,0,0
215,42,Carl Starfelt,DF,0,0,0,0,0,0
683,42,Kristoffer Nordfeldt,GK,0,0,0,0,0,0
1185,42,Viktor Johansson,GK,0,0,0,0,0,0
820,45,Mert Gunok,GK,0,0,0,0,0,0
1129,42,Taha Ali,FW,0,2,0,0,0,0
386,45,Ferdi Kadioglu,DF,0,3,0,0,0,0
359,42,Eric Smith,DF,0,0,0,0,0,0
787,15,Matej Kovar,GK,0,0,0,0,0,0
243,43,Christian Fassnacht,FW,0,0,0,0,0,0
268,42,Daniel Svensson,DF,0,0,0,0,0,1
982,3,Paul Izzo,GK,0,0,0,0,0,0
469,42,Herman Johansson,DF,0,0,0,0,0,0
523,48,Jakhongir Urozov,DF,0,0,0,0,0,0
177,31,Ben Old,MF,0,1,0,0,0,0
632,45,Kaan Ayhan,MF,0,0,0,0,0,0
784,41,Martin Zubimendi,MF,0,0,0,0,0,0
56,31,Alex Paulsen,GK,0,0,0,0,0,0
280,41,David Raya,GK,0,0,0,0,0,0
652,45,Kerem Akturkoglu,FW,0,2,0,0,0,0
281,15,David Zima,DF,0,0,0,0,0,0
213,45,Can Uzun,FW,0,1,0,0,0,0
150,48,Avazbek Ulmasaliyev,DF,0,0,0,0,0,0
208,31,Callan Elliot,DF,0,0,0,0,0,0
493,48,Igor Sergeev,FW,0,0,0,0,0,1
677,31,Kosta Barbarouses,FW,0,0,0,0,0,0
147,43,Aurele Amenda,DF,0,0,0,0,0,0
1102,48,Sherzod Esanov,MF,0,0,0,0,0,0
785,43,Marvin Keller,GK,0,0,0,0,0,0
499,45,Irfan Can Kahveci,FW,0,0,0,0,0,0
1231,43,Yvon Mvogo,GK,0,0,0,0,0,0
759,41,Marc Pubill,DF,0,0,0,0,0,0
934,43,Noah Okafor,FW,0,0,0,0,0,0
927,6,Nikola Vasilj,GK,0,0,0,0,0,0
559,15,Jindrich Stanek,GK,0,0,0,0,0,0
806,31,Max Crocombe,GK,0,1,0,0,0,0
1190,15,Vladimir Darida,MF,0,1,0,0,0,0
793,3,Mathew Ryan,GK,0,0,0,0,0,0
915,41,Nico Williams,FW,0,1,0,0,0,0
554,31,Jesse Randall,FW,0,1,0,0,0,0
520,3,Jacob Italiano,DF,0,0,1,0,0,0
206,45,Caglar Soyuncu,DF,0,0,0,0,0,0
828,31,Michael Woud,GK,0,0,0,0,0,0
418,38,George Hirst,FW,0,0,0,0,0,0
532,15,Jan Kuchta,FW,0,0,0,0,0,0
66,15,Alexandr Sojka,MF,0,2,0,0,0,0
355,43,Eray Coemert,DF,0,0,0,0,0,0
550,16,Jeremy Arevalo,FW,0,0,0,0,0,0
1038,33,Roderick Miller,DF,0,0,0,0,0,0
252,46,Cristian Roldan,MF,0,0,0,0,0,0
357,33,Eric Davis,DF,0,1,0,0,0,0
641,22,Keeto Thermoncy,DF,0,0,0,0,0,0
112,10,Andres Gomez,FW,0,0,0,0,0,0
426,47,Giorgian De Arrascaeta,MF,0,0,0,0,0,0
765,2,Marcos Senesi,DF,0,2,0,0,0,0
419,2,Geronimo Rulli,GK,0,0,0,0,0,0
387,47,Fernando Muslera,GK,0,0,0,0,0,0
954,28,Orbelin Pineda,MF,0,2,0,0,0,0
654,10,Kevin Castano,MF,0,0,0,0,0,0
229,33,Cesar Yanis,MF,0,0,0,0,0,0
278,10,David Ospina,GK,0,0,0,0,0,0
270,7,Danilo Santos,MF,0,0,0,0,0,0
191,34,Braian Ojeda,MF,0,0,0,0,0,0
415,34,Gatito Fernandez,GK,0,0,0,0,0,0
730,33,Luis Mejia,GK,0,0,0,0,0,0
567,47,Joaquin Piquerez,MF,0,0,0,0,0,0
602,47,Jose Maria Gimenez,DF,0,0,0,0,0,0
324,7,Ederson,GK,0,0,0,0,0,0
1008,34,Ramon Sosa,MF,0,1,0,0,0,0
957,34,Orlando Gill,GK,0,3,0,0,0,0
453,46,Haji Wright,FW,0,0,0,0,0,1
20,33,Adalberto Carrasquilla,MF,0,0,0,0,0,0
45,16,Alan Minda,MF,0,1,0,0,0,0
348,2,Emiliano Martinez,GK,0,1,0,0,0,0
798,47,Matias Vina,DF,0,1,0,0,0,1
958,33,Orlando Mosquera,GK,0,0,0,0,0,0
1047,47,Ronald Araujo,DF,0,0,0,0,0,0
442,28,Guillermo Ochoa,GK,0,0,0,0,0,0
88,7,Alisson,GK,0,0,0,0,0,0
436,16,Gonzalo Valle,GK,0,0,0,0,0,0
414,34,Gaston Olveira,GK,0,0,0,0,0,0
115,16,Angelo Preciado,DF,0,1,0,0,0,0
575,28,Johan Vasquez,DF,0,2,1,0,0,0
118,33,Anibal Godoy,MF,0,1,0,0,0,0
1043,47,Rodrigo Zalazar,MF,0,0,0,0,0,0
579,16,John Yeboah,FW,0,4,0,0,0,0
217,28,Carlos Acevedo,GK,0,0,0,0,0,0
289,16,Denil Castillo,MF,0,0,0,0,0,0
71,28,Alexis Vega,FW,0,0,0,0,0,0
94,10,Alvaro Montero,GK,0,0,0,0,0,0
1040,47,Rodrigo Aguirre,FW,0,0,0,0,0,0
327,33,Edgardo Farina,DF,0,0,0,0,0,0
705,7,Leo Pereira,DF,0,0,0,0,0,0
196,7,Bremer,DF,0,0,0,0,0,0
801,46,Matt Turner,GK,0,0,0,0,0,0
1222,10,Yerry Mina,DF,0,1,0,0,0,0
226,28,Cesar Huerta,FW,0,0,0,0,0,0
1155,46,Tim Ream,DF,0,2,0,0,0,0
526,10,James Rodriguez,MF,0,5,0,0,0,0
616,2,Juan Musso,GK,0,0,0,0,0,0
1085,47,Santiago Mele,GK,0,0,0,0,0,0
470,16,Hernan Galindez,GK,0,0,0,0,0,0
239,46,Chris Brady,GK,0,0,0,0,0,0
376,47,Facundo Pellistri,FW,0,0,0,0,0,0
1083,47,Santiago Bueno,DF,0,0,0,0,0,0
1215,22,Yassin Fortune,FW,0,1,0,0,0,0
201,47,Brian Rodriguez,FW,0,1,0,0,0,0
502,33,Ismael Diaz,MF,0,0,0,0,0,2
1196,7,Weverton,GK,0,0,0,0,0,0
371,34,Fabian Balbuena,DF,0,0,0,0,0,0
570,46,Joe Scally,DF,0,2,0,0,0,1
870,16,Moises Ramirez,GK,0,0,0,0,0,0
617,10,Juan Portilla,MF,0,0,0,0,0,0
1199,10,Willer Ditta,DF,0,0,0,0,0,0
384,16,Felix Torres,DF,0,0,0,0,0,0
228,33,Cesar Samudio,GK,0,0,0,0,0,0
777,7,Marquinhos,DF,0,2,0,0,0,1
68,34,Alexandro Maidana,DF,0,0,0,0,0,0
349,47,Emiliano Martinez,MF,0,0,0,0,0,0
212,10,Camilo Vargas,GK,0,0,0,0,0,0
93,28,Alvaro Fidalgo,MF,0,2,0,0,0,0
800,46,Matt Freese,GK,0,2,0,0,0,0
733,7,Luiz Henrique,FW,0,1,0,0,0,0
591,10,Jorge Carrascal,MF,0,0,0,0,0,0
257,10,Cucho Hernandez,FW,0,1,0,0,0,0
1099,47,Sergio Rochet,GK,0,0,0,0,0,0
125,16,Anthony Valencia,MF,0,0,0,0,0,0
618,10,Juan Quintero,MF,0,1,0,0,0,0
805,46,Max Arfsten,DF,0,0,0,0,0,0
1181,2,Valentin Barco,MF,0,1,0,0,0,0
761,8,Marcio Rosa,GK,0,0,0,0,0,0
377,23,Fahad Talib,GK,0,0,0,0,0,0
671,27,Kim Taehyeon,DF,0,0,0,0,0,0
32,23,Ahmed Maknazi,DF,0,0,0,0,0,0
1227,25,Yuito Suzuki,MF,0,0,0,0,0,0
1241,37,Ziyad Aljohani,MF,0,0,0,0,0,0
104,24,Amirhossein Hosseinzadeh,FW,0,0,0,0,0,0
465,37,Hassan Kadish,DF,0,0,0,0,0,0
33,23,Ahmed Qasem,FW,0,1,0,0,0,0
1114,27,Son Heungmin,FW,0,4,0,0,0,2
721,1,Luca Zidane,GK,0,0,0,0,0,0
412,8,Garry Rodrigues,MF,0,0,0,0,0,2
697,27,Lee Donggyeong,MF,0,0,0,0,0,0
823,36,Meshaal Barsham,GK,0,0,0,0,0,0
2,11,Aaron Tshibola,MF,0,0,0,0,0,0
81,37,Ali Majrashi,DF,0,0,0,0,0,0
105,24,Amirmohammad Razaghinia,MF,0,0,0,0,0,0
29,23,Ahmed Basil,GK,0,1,0,0,0,0
857,26,Mohammad Abuhasheesh,DF,0,0,0,0,0,0
1126,8,Stopira,DF,0,0,0,0,0,0
238,27,Cho Wije,DF,0,0,0,0,0,0
476,24,Hossein Hosseini,GK,0,0,0,0,0,0
23,1,Adil Boulbina,FW,0,0,0,0,0,1
266,24,Danial Iri,DF,0,0,0,0,0,0
901,37,Nawaf Alaqidi,GK,0,0,0,0,0,0
511,36,Issa Laye,DF,0,3,0,0,0,0
802,11,Matthieu Epolo,GK,0,0,0,0,0,0
547,37,Jehad Thikri,DF,0,0,0,0,0,0
524,23,Jalal Hassan,GK,0,1,0,0,0,0
947,27,Oh Hyeongyu,FW,0,1,0,0,0,0
36,37,Aiman Yahya,FW,0,0,0,0,0,0
42,36,Akram Afif,FW,0,4,0,0,0,2
651,25,Kento Shiogai,FW,0,0,0,0,0,0
863,37,Mohammed Alowais,GK,0,1,0,0,0,0
1225,23,Youssef Amyn,MF,0,0,0,0,0,0
1064,26,Saed Alrosan,DF,0,0,0,0,0,0
37,23,Aimar Sher,MF,0,0,0,0,0,0
966,1,Oussama Benbot,GK,0,1,0,0,0,0
973,27,Park Jinseob,DF,0,1,0,0,0,0
1131,36,Tahsin Mohammed,FW,0,0,0,0,0,0
940,8,Nuno Da Costa,MF,0,3,0,0,0,0
411,11,Gael Kakuta,FW,0,0,0,0,0,0
379,1,Fares Ghedjemis,FW,0,0,0,0,0,0
865,23,Mohanad Ali,FW,0,0,0,0,0,0
106,26,Anas Badawi,DF,0,0,0,0,0,0
639,36,Karim Boudiaf,MF,0,2,0,0,0,0
716,8,Logan Costa,DF,0,0,0,0,0,0
417,11,Gedeon Kalulu,DF,0,0,0,0,0,0
890,1,Nadhir Benbouali,FW,0,0,0,0,0,0
561,27,Jo Hyeonwoo,GK,0,0,0,0,0,0
16,37,Abdullah Alkhaibari,MF,0,2,0,0,0,0
661,37,Khalid Alghannam,FW,0,0,0,0,0,0
669,27,Kim Moonhwan,DF,0,0,0,0,0,0
90,36,Almoez Ali,FW,0,0,0,0,0,0
815,24,Mehdi Torabi,MF,0,0,0,0,0,0
1124,8,Steven Moreira,DF,0,2,0,0,0,0
139,11,Arthur Masuaku,DF,0,4,0,0,0,0
1049,24,Roozbeh Cheshmi,MF,0,0,0,0,0,0
1005,26,Rajaei Ayed,MF,0,0,0,0,0,0
294,24,Dennis Dargahi,FW,0,0,0,0,0,0
986,24,Payam Niazmand,GK,0,0,0,0,0,0
1171,25,Tsuyoshi Watanabe,DF,0,1,0,0,0,0
642,25,Keisuke Goto,FW,0,1,0,0,0,0
1068,37,Saleh Alshehri,FW,0,0,0,0,0,0
19,1,Achref Abada,DF,0,0,0,0,0,0
643,25,Keisuke Osako,GK,0,0,0,0,0,0
879,37,Moteb Alharbi,DF,0,4,0,0,0,0
1075,1,Samir Chergui,DF,0,0,0,0,0,0
816,1,Melvin Mastil,GK,0,0,0,0,0,0
884,23,Munaf Younus,DF,0,0,0,0,0,0
859,26,Mohammad Aldaoud,MF,0,0,0,0,0,0
1219,26,Yazeed Abulaila,GK,0,0,0,0,0,0
247,8,Cj Dos Santos,GK,0,0,0,0,0,0
320,11,Dylan Batubinsika,DF,0,0,0,0,0,0
670,27,Kim Seunggyu,GK,0,0,0,0,0,0
40,23,Akam Hashim,DF,0,3,0,0,0,0
856,26,Mohammad Abughoush,MF,0,0,0,0,0,0
997,8,Pico Lopes,DF,0,3,0,0,0,0
845,1,Mohamed Amine Tougai,DF,0,0,0,0,0,0
595,11,Joris Kayembe,DF,0,1,0,0,0,0
1116,27,Song Bumkeun,GK,0,0,0,0,0,0
169,27,Bae Junho,MF,0,0,0,0,0,0
86,24,Alireza Beiranvand,GK,0,1,0,0,0,0
726,36,Lucas Mendes,DF,0,0,0,0,0,1
1164,25,Tomoki Hayakawa,GK,0,0,0,0,0,0
141,24,Arya Yousefi,DF,0,1,0,0,0,0
1239,1,Zineddine Belaid,DF,0,0,0,0,0,1
1240,25,Zion Suzuki,GK,0,1,0,0,0,0
1147,11,Theo Bongonda,MF,0,1,0,0,0,0
1069,24,Saleh Hardani,DF,0,2,0,0,0,0
1191,8,Vozinha,GK,0,3,0,0,0,0
464,37,Hassan Altambakti,DF,0,1,0,0,0,0
43,37,Ala Alhajji,MF,0,0,0,0,0,0
864,36,Mohammed Muntari,FW,0,0,0,0,0,0
1066,36,Salah Zakaria,GK,0,0,0,0,0,0
667,27,Kim Jingyu,MF,0,1,0,0,0,0
855,26,Mohammad Abualnadi,DF,0,0,0,0,0,0
38,1,Aissa Mandi,DF,0,5,0,0,0,0
119,1,Anis Hadj Moussa,FW,0,2,0,0,0,0
534,1,Jaouen Hadjam,DF,0,0,0,0,0,0
28,37,Ahmed Alkassar,GK,0,0,0,0,0,0
5,26,Abdallah Alfakhori,GK,0,0,0,0,0,0
775,23,Marko Farji,FW,0,2,0,0,0,0
1157,11,Timothy Fayulu,GK,0,0,0,0,0,0
1217,1,Yassine Titraoui,MF,0,0,0,0,0,0
354,27,Eom Jisung,MF,0,1,0,0,0,0
80,37,Ali Lajami,DF,0,2,0,0,0,0
488,26,Ibrahim Sadeh,MF,0,0,0,0,0,0
713,11,Lionel Mpasi,GK,0,0,0,0,0,0
938,26,Nour Baniateyah,GK,0,0,0,0,0,0
