player_id,team_id,player_name,position,assists,attempts_on_target,attempts_at_goal,attempts_at_goal_conv_rate,attempts_inside_penalty,attempts_outside_penalty,headed_attempts_at_goal,xg,xg_efficiency,corners
826,19,Michael Olise,FW,5,5,17,0,8,9,0,1.84,0x,24
782,32,Martin Odegaard,MF,4,3,9,0,5,4,0,0.72,0x,12
190,29,Brahim Diaz,FW,4,1,6,0,4,2,0,0.31,0x,1
712,2,Lionel Messi,FW,4,19,34,24,16,18,0,6.16,1.3x,34
204,7,Bruno Guimaraes,MF,4,2,8,0,5,3,1,1.02,0x,8
1034,28,Roberto Alvarado,FW,3,0,5,0,2,3,0,0.28,0x,14
123,18,Anthony Gordon,FW,3,4,6,17,6,0,2,0.7,1.43x,0
685,19,Kylian Mbappe,FW,3,19,33,24,21,12,0,5.37,1.49x,4
205,18,Bukayo Saka,FW,3,3,8,0,7,1,1,0.5,0x,4
108,32,Andreas Schjelderup,MF,3,2,3,33,3,0,0,0.2,5.12x,0
396,20,Florian Wirtz,MF,3,1,10,0,5,5,0,0.97,0x,5
61,42,Alexander Isak,FW,3,6,8,13,5,3,1,0.68,1.48x,0
757,41,Marc Cucurella,DF,2,3,4,0,3,1,1,0.3,0x,0
265,41,Dani Olmo,FW,2,1,11,0,6,5,1,0.76,0x,0
573,43,Johan Manzambi,MF,2,3,6,50,4,2,0,0.63,4.73x,0
1184,42,Viktor Gyokeres,FW,2,6,12,8,9,3,0,1.39,0.72x,0
241,31,Chris Wood,FW,2,2,5,0,3,2,2,0.47,0x,0
195,43,Breel Embolo,FW,2,5,10,20,8,2,2,2.58,0.78x,0
920,5,Nicolas Raskin,MF,2,1,2,0,2,0,1,0.13,0x,0
293,20,Deniz Undav,FW,2,4,6,50,5,1,0,1.43,2.1x,0
459,5,Hans Vanaken,MF,2,1,5,20,4,1,0,0.64,1.56x,0
1059,30,Ryan Gravenberch,MF,2,0,5,0,2,3,0,0.25,0x,0
964,19,Ousmane Dembele,FW,2,8,18,28,11,7,1,1.6,3.13x,17
296,30,Denzel Dumfries,DF,2,2,5,0,4,1,2,0.44,0x,0
606,20,Joshua Kimmich,DF,2,1,5,0,1,4,0,0.15,0x,15
256,30,Crysencio Summerville,FW,2,2,2,100,1,1,0,0.16,12.33x,3
977,32,Patrick Berg,MF,2,0,3,0,0,3,0,0.29,0x,10
696,5,Leandro Trossard,FW,2,4,17,12,10,7,0,1.67,1.2x,0
478,1,Houssem Aouar,MF,2,1,3,0,1,2,0,0.24,0x,0
625,34,Julio Enciso,FW,2,1,8,13,6,2,1,0.74,1.36x,2
898,9,Nathan Saliba,MF,2,1,3,33,1,2,1,0.3,3.36x,0
18,29,Achraf Hakimi,DF,2,4,14,7,6,8,0,0.96,1.04x,21
458,44,Hannibal Mejbri,MF,2,1,3,0,0,3,0,0.06,0x,4
853,17,Mohamed Salah,FW,2,4,9,11,7,2,1,0.95,1.05x,15
495,39,Iliman Ndiaye,FW,2,2,3,33,2,1,0,0.21,4.76x,0
849,17,Mohamed Hany,DF,1,0,4,0,0,4,0,0.09,0x,0
878,17,Mostafa Zico,MF,1,3,8,25,7,1,2,1.1,1.82x,0
1197,12,Wilfried Singo,DF,1,0,2,0,2,0,0,0.14,0x,0
1063,39,Sadio Mane,FW,1,3,6,0,4,2,0,0.58,0x,1
364,21,Ernest Nuamah,FW,1,0,0,0,0,0,0,0,0x,0
230,29,Chadi Riad,DF,1,0,1,0,1,0,1,0.12,0x,0
1000,9,Promise David,FW,1,3,5,20,3,2,1,0.75,1.34x,0
882,39,Moussa Niakhate,DF,1,0,1,0,1,0,1,0.06,0x,0
541,22,Jean Kevin Duverne,DF,1,0,1,0,1,0,0,0.03,0x,0
917,39,Nicolas Jackson,FW,1,3,7,0,6,1,2,0.56,0x,0
508,39,Ismaila Sarr,FW,1,6,17,24,15,2,2,3.68,1.09x,0
919,12,Nicolas Pepe,FW,1,3,6,33,5,1,0,1.42,1.41x,6
1118,29,Soufiane Rahimi,FW,1,4,6,33,5,1,2,1.59,1.26x,0
235,29,Chemsdine Talbi,MF,1,0,2,0,1,1,0,0.05,0x,0
452,17,Haissem Hassan,FW,1,0,1,0,1,0,0,0.09,0x,0
688,39,Lamine Camara,MF,1,0,3,0,0,3,0,0.14,0x,5
7,39,Abdoulaye Seck,DF,1,0,2,0,1,1,1,0.05,0x,0
640,17,Karim Hafez,DF,1,0,1,0,0,1,0,0.01,0x,0
1209,12,Yan Diomande,FW,1,0,4,0,3,1,1,0.26,0x,11
1170,40,Tshepang Moremi,FW,1,0,0,0,0,0,0,0,0x,0
1169,17,Trezeguet,FW,1,3,8,13,6,2,3,0.71,1.4x,0
970,39,Pape Gueye,MF,1,3,8,25,1,7,0,0.37,5.4x,0
756,17,Marawan Attia,MF,1,1,4,0,1,3,0,0.05,0x,0
1212,8,Yannick Semedo,MF,1,0,1,0,0,1,0,0.01,0x,2
194,21,Brandon Thomas Asante,FW,1,0,0,0,0,0,0,0,0x,0
489,12,Ibrahim Sangare,MF,1,0,1,0,0,1,0,0,0x,0
483,27,Hwang Inbeom,MF,1,2,4,25,2,2,0,0.37,2.74x,0
1033,1,Riyad Mahrez,FW,1,3,6,33,4,2,0,1.49,1.34x,5
1133,25,Takefusa Kubo,MF,1,0,1,0,0,1,0,0.01,0x,0
101,23,Amir Alammari,MF,1,0,0,0,0,0,0,0,0x,3
1060,8,Ryan Mendes,FW,1,0,6,0,3,3,0,0.07,0x,0
154,25,Ayase Ueda,FW,1,4,9,22,5,4,2,0.63,3.15x,0
1032,25,Ritsu Doan,MF,1,0,1,0,0,1,0,0.02,0x,1
139,11,Arthur Masuaku,DF,1,0,0,0,0,0,0,0,0x,6
937,26,Noor Alrawabdeh,MF,1,0,1,0,0,1,0,0.03,0x,0
678,25,Kou Itakura,DF,1,0,0,0,0,0,0,0,0x,0
1006,24,Ramin Rezaeian,DF,1,2,4,50,4,0,0,0.97,2.06x,7
334,26,Ehsan Haddad,DF,1,0,1,0,1,0,0,0.03,0x,0
635,25,Kaishu Sano,MF,1,1,1,100,0,1,0,0.09,11.52x,0
701,27,Lee Kangin,MF,1,1,4,0,1,3,0,0.15,0x,9
231,11,Chancel Mbemba,DF,1,0,1,0,1,0,0,0.05,0x,0
644,25,Keito Nakamura,MF,1,2,5,20,2,3,0,0.17,5.98x,0
674,25,Koki Ogawa,FW,1,0,3,0,3,0,2,0.22,0x,0
329,36,Edmilson Junior,FW,1,2,3,0,3,0,0,0.43,0x,0
881,26,Mousa Altamari,FW,1,3,8,13,4,4,0,1.13,0.89x,0
822,11,Meschack Elia,FW,1,2,2,0,0,2,0,0.05,0x,0
1154,31,Tim Payne,DF,1,0,1,0,0,1,0,0.02,0x,3
157,41,Aymeric Laporte,DF,1,1,4,0,2,2,2,0.15,0x,0
388,41,Ferran Torres,FW,1,2,11,0,10,1,4,2.28,0x,0
1055,43,Ruben Vargas,FW,1,4,6,33,4,2,0,1.31,1.53x,11
41,48,Akmal Mozgovoy,MF,1,0,1,0,1,0,0,0.08,0x,0
53,41,Alex Baena,MF,1,4,11,9,4,7,0,0.4,2.49x,24
295,6,Dennis Hadzikadunic,DF,1,0,0,0,0,0,0,0,0x,0
764,41,Marcos Llorente,DF,1,0,0,0,0,0,0,0,0x,0
1091,6,Sead Kolasinac,DF,1,0,0,0,0,0,0,0,0x,0
956,45,Orkun Kokcu,MF,1,0,3,0,2,1,0,0.56,0x,2
512,6,Ivan Basic,MF,1,0,4,0,0,4,0,0.15,0x,5
172,45,Baris Alper Yilmaz,FW,1,0,1,100,0,1,0,0.06,16.87x,0
66,15,Alexandr Sojka,MF,1,0,0,0,0,0,0,0,0x,1
983,3,Paul Okon Engstler,MF,1,0,0,0,0,0,0,0,0x,1
1028,43,Ricardo Rodriguez,DF,1,0,1,0,0,1,0,0.02,0x,4
836,41,Mikel Oyarzabal,FW,1,11,22,23,16,6,5,4.29,1.17x,0
722,42,Lucas Bergvall,MF,1,0,2,0,2,0,1,0.68,0x,0
1189,15,Vladimir Coufal,DF,1,0,1,0,1,0,1,0.02,0x,9
203,35,Bruno Fernandes,MF,1,3,9,0,5,4,0,0.95,0x,8
461,18,Harry Kane,FW,1,11,23,26,18,5,5,3.69,1.63x,0
619,18,Jude Bellingham,MF,1,11,17,35,14,3,4,3.36,1.79x,0
1156,5,Timothy Castagne,DF,1,1,3,0,2,1,1,0.14,0x,0
286,18,Declan Rice,MF,1,2,5,0,3,2,1,0.24,0x,27
789,13,Mateo Kovacic,MF,1,4,5,0,1,4,0,0.46,0x,0
817,30,Memphis Depay,FW,1,0,0,0,0,0,0,0,0x,1
825,4,Michael Gregoritsch,FW,1,0,1,0,1,0,1,0.18,0x,0
607,13,Josip Stanisic,DF,1,0,0,0,0,0,0,0,0x,0
342,18,Elliot Anderson,MF,1,1,7,0,3,4,2,0.38,0x,3
1187,30,Virgil Van Dijk,DF,1,2,2,50,2,0,2,0.14,7.26x,0
513,13,Ivan Perisic,FW,1,2,2,50,2,0,1,0.32,3.15x,2
188,19,Bradley Barcola,FW,1,4,8,25,6,2,1,1.43,1.4x,0
301,19,Desire Doue,FW,1,8,13,8,4,9,1,0.71,1.41x,2
1206,4,Xaver Schlager,MF,1,0,1,0,0,1,0,0.02,0x,0
24,19,Adrien Rabiot,MF,1,1,8,0,3,5,2,0.83,0x,0
900,20,Nathaniel Brown,DF,1,2,3,33,3,0,0,0.21,4.87x,11
383,20,Felix Nmecha,MF,1,3,8,13,3,5,0,0.49,2.04x,0
994,13,Petar Sucic,MF,1,2,3,33,1,2,0,0.14,7.07x,0
277,32,David Moller Wolfe,DF,1,0,0,0,0,0,0,0,0x,0
248,30,Cody Gakpo,FW,1,6,10,30,8,2,2,1.35,2.23x,1
1003,35,Rafael Leao,FW,1,1,4,25,3,1,0,0.33,3.07x,3
1046,5,Romelu Lukaku,FW,1,3,6,50,6,0,2,0.77,3.91x,0
1153,30,Tijjani Reijnders,MF,1,2,4,0,3,1,0,0.48,0x,10
734,13,Luka Modric,MF,1,0,1,0,1,0,1,0.05,0x,7
873,18,Morgan Rogers,MF,1,1,2,0,0,2,0,0.02,0x,0
891,20,Nadiem Amiri,MF,1,1,2,0,1,1,0,0.26,0x,0
232,5,Charles De Ketelaere,FW,1,5,6,50,6,0,3,1.51,1.98x,0
148,19,Aurelien Tchouameni,MF,1,0,3,0,1,2,0,0.11,0x,0
1151,5,Thomas Meunier,DF,1,1,2,0,1,1,0,0.11,0x,0
676,4,Konrad Laimer,MF,1,0,1,0,0,1,0,0.01,0x,0
989,35,Pedro Neto,FW,1,0,1,0,0,1,0,0,0x,0
563,35,Joao Cancelo,DF,1,0,3,0,1,2,0,0.06,0x,1
434,2,Gonzalo Montiel,DF,1,0,1,0,1,0,0,0.15,0x,0
691,2,Lautaro Martinez,FW,1,4,10,30,9,1,2,2.17,1.38x,0
1092,46,Sebastian Berhalter,MF,1,1,3,33,0,3,0,0.1,10.14x,12
593,28,Jorge Sanchez,DF,1,1,1,0,1,0,0,0.04,0x,0
911,2,Nico Gonzalez,MF,1,1,7,0,7,0,4,0.48,0x,0
659,16,Kevin Rodriguez,FW,1,1,6,0,6,0,2,0.68,0x,0
618,10,Juan Quintero,MF,1,0,4,0,0,4,0,0.13,0x,6
1186,7,Vinicius Junior,FW,1,11,17,24,14,3,1,3.24,1.23x,2
797,34,Matias Galarza,MF,1,1,2,50,0,2,0,0.07,13.75x,0
808,47,Maxi Araujo,MF,1,3,4,50,3,1,2,1.09,1.83x,10
623,28,Julian Quinones,FW,1,6,14,29,8,6,2,2.27,1.76x,0
714,2,Lisandro Martinez,DF,1,2,4,25,2,2,0,0.2,5.09x,0
1042,2,Rodrigo De Paul,MF,1,1,2,0,0,2,0,0.06,0x,1
601,2,Jose Manuel Lopez,FW,1,0,1,0,1,0,0,0.04,0x,0
731,28,Luis Romo,MF,1,1,3,33,1,2,0,0.1,10.05x,0
727,7,Lucas Paqueta,MF,1,1,5,0,2,3,1,0.24,0x,1
448,10,Gustavo Puerta,DF,1,5,14,0,3,11,0,0.53,0x,0
1015,7,Rayan,FW,1,2,5,0,3,2,1,0.76,0x,1
409,7,Gabriel Magalhaes,DF,1,0,1,0,1,0,0,0.03,0x,0
729,10,Luis Diaz,FW,1,7,19,5,15,4,0,1.47,0.68x,3
274,4,David Alaba,DF,1,0,2,0,0,2,0,0.02,0x,1
732,10,Luis Suarez,FW,1,0,9,0,7,2,2,0.96,0x,0
244,46,Christian Pulisic,FW,1,2,4,0,2,2,0,0.42,0x,1
257,10,Cucho Hernandez,FW,1,0,1,0,1,0,1,0.04,0x,0
360,28,Erik Lira,MF,1,0,0,0,0,0,0,0,0x,0
54,46,Alex Freeman,DF,1,1,4,25,4,0,3,0.78,1.28x,0
991,16,Pedro Vite,MF,1,1,4,0,1,3,0,0.23,0x,2
69,2,Alexis Mac Allister,MF,1,4,13,8,10,3,9,1.92,0.52x,0
375,2,Facundo Medina,DF,1,0,0,0,0,0,0,0,0x,0
749,46,Malik Tillman,MF,1,4,8,25,5,3,0,0.73,2.75x,10
1013,28,Raul Jimenez,FW,0,7,18,17,13,5,7,3,1x,0
805,46,Max Arfsten,DF,0,0,0,0,0,0,0,0,0x,0
509,28,Israel Reyes,DF,0,0,2,0,2,0,1,0.06,0x,0
218,33,Carlos Harvey,DF,0,0,5,0,4,1,2,0.29,0x,0
112,10,Andres Gomez,FW,0,0,0,0,0,0,0,0,0x,0
705,7,Leo Pereira,DF,0,0,0,0,0,0,0,0,0x,0
220,7,Casemiro,MF,0,2,4,25,2,2,2,0.66,1.51x,0
557,10,Jhon Cordoba,FW,0,1,2,0,2,0,1,0.32,0x,0
88,7,Alisson,GK,0,0,0,0,0,0,0,0,0x,0
617,10,Juan Portilla,MF,0,0,0,0,0,0,0,0,0x,0
384,16,Felix Torres,DF,0,0,0,0,0,0,0,0,0x,0
1029,10,Richard Rios,MF,0,1,5,0,2,3,1,0.37,0x,0
374,7,Fabinho,MF,0,0,1,0,1,0,1,0.02,0x,0
349,47,Emiliano Martinez,MF,0,0,0,0,0,0,0,0,0x,0
1014,28,Raul Rangel,GK,0,0,0,0,0,0,0,0,0x,0
410,7,Gabriel Martinelli,FW,0,1,2,50,1,1,0,0.49,2.04x,0
397,46,Folarin Balogun,FW,0,5,14,21,14,0,2,2.02,1.49x,0
387,47,Fernando Muslera,GK,0,0,0,0,0,0,0,0,0x,0
251,33,Cristian Martinez,MF,0,0,1,0,1,0,0,0.24,0x,4
501,34,Isidro Pitta,FW,0,0,0,0,0,0,0,0,0x,0
371,34,Fabian Balbuena,DF,0,0,0,0,0,0,0,0,0x,0
798,47,Matias Vina,DF,0,0,0,0,0,0,0,0,0x,0
1162,33,Tomas Rodriguez,FW,0,1,1,0,0,1,0,0.06,0x,0
326,33,Edgar Yoel Barcenas,MF,0,0,2,0,0,2,0,0.05,0x,3
597,34,Jose Canale,DF,0,0,0,0,0,0,0,0,0x,0
324,7,Ederson,GK,0,0,0,0,0,0,0,0,0x,0
453,46,Haji Wright,FW,0,0,0,0,0,0,0,0,0x,0
590,16,Jordy Caicedo,FW,0,0,1,0,1,0,0,0.05,0x,0
1196,7,Weverton,GK,0,0,0,0,0,0,0,0,0x,0
1199,10,Willer Ditta,DF,0,0,0,0,0,0,0,0,0x,0
728,28,Luis Chavez,MF,0,0,0,0,0,0,0,0,0x,0
1093,47,Sebastian Caceres,DF,0,0,3,0,2,1,2,0.13,0x,0
415,34,Gatito Fernandez,GK,0,0,0,0,0,0,0,0,0x,0
772,46,Mark Mckenzie,DF,0,0,0,0,0,0,0,0,0x,0
428,46,Giovanni Reyna,MF,0,1,2,50,2,0,0,0.22,4.61x,0
217,28,Carlos Acevedo,GK,0,0,0,0,0,0,0,0,0x,0
197,46,Brenden Aaronson,FW,0,1,3,0,3,0,0,0.46,0x,0
201,47,Brian Rodriguez,FW,0,1,3,0,1,2,0,0.22,0x,10
376,47,Facundo Pellistri,FW,0,0,0,0,0,0,0,0,0x,0
429,2,Giuliano Simeone,FW,0,0,0,0,0,0,0,0,0x,0
442,28,Guillermo Ochoa,GK,0,0,0,0,0,0,0,0,0x,0
1215,22,Yassin Fortune,FW,0,0,0,0,0,0,0,0,0x,0
227,28,Cesar Montes,DF,0,1,1,0,1,0,1,0.06,0x,0
804,34,Mauricio,MF,0,3,4,25,2,2,0,0.32,3.12x,5
648,16,Kendry Paez,MF,0,0,0,0,0,0,0,0,0x,0
800,46,Matt Freese,GK,0,0,0,0,0,0,0,0,0x,0
592,33,Jorge Gutierrez,DF,0,0,0,0,0,0,0,0,0x,0
832,34,Miguel Almiron,MF,0,0,4,0,1,3,0,0.11,0x,2
598,33,Jose Cordoba,DF,0,0,0,0,0,0,0,0,0x,0
25,47,Agustin Canobbio,MF,0,1,4,25,4,0,1,0.75,1.33x,0
730,33,Luis Mejia,GK,0,0,0,0,0,0,0,0,0x,0
200,28,Brian Gutierrez,MF,0,0,6,0,3,3,0,0.35,0x,3
382,47,Federico Vinas,FW,0,3,6,0,6,0,5,0.39,0x,0
1047,47,Ronald Araujo,DF,0,0,0,0,0,0,0,0,0x,0
149,46,Auston Trusty,DF,0,2,3,33,3,0,1,0.27,3.7x,0
951,34,Omar Alderete,DF,0,0,1,0,0,1,0,0.01,0x,0
1082,10,Santiago Arias,DF,0,0,0,0,0,0,0,0,0x,0
546,10,Jefferson Lerma,MF,0,1,5,0,2,3,0,0.24,0x,0
1181,2,Valentin Barco,MF,0,0,0,0,0,0,0,0,0x,0
1208,16,Yaimar Medina,DF,0,0,1,0,1,0,1,0.04,0x,0
424,28,Gilberto Mora,MF,0,0,5,0,3,2,0,0.13,0x,2
579,16,John Yeboah,FW,0,3,8,0,4,4,0,0.72,0x,3
1084,28,Santiago Gimenez,FW,0,1,2,0,2,0,0,0.34,0x,0
449,34,Gustavo Velazquez,DF,0,0,0,0,0,0,0,0,0x,0
389,33,Fidel Escobar,DF,0,0,0,0,0,0,0,0,0x,0
226,28,Cesar Huerta,FW,0,0,0,0,0,0,0,0,0x,0
110,33,Andres Andrade,DF,0,0,0,0,0,0,0,0,0x,0
794,47,Mathias Olivera,DF,0,0,1,0,1,0,1,0.05,0x,0
289,16,Denil Castillo,MF,0,0,0,0,0,0,0,0,0x,0
348,2,Emiliano Martinez,GK,0,0,0,0,0,0,0,0,0x,0
426,47,Giorgian De Arrascaeta,MF,0,0,0,0,0,0,0,0,0x,0
270,7,Danilo Santos,MF,0,1,2,0,2,0,1,0.19,0x,0
838,46,Miles Robinson,DF,0,0,1,0,1,0,1,0.06,0x,0
526,10,James Rodriguez,MF,0,3,6,0,2,4,0,0.24,0x,11
922,2,Nicolas Tagliafico,DF,0,0,0,0,0,0,0,0,0x,0
556,10,Jhon Arias,MF,0,4,9,11,7,2,0,0.94,1.07x,4
327,33,Edgardo Farina,DF,0,0,0,0,0,0,0,0,0x,0
191,34,Braian Ojeda,MF,0,0,0,0,0,0,0,0,0x,0
733,7,Luiz Henrique,FW,0,0,0,0,0,0,0,0,0x,0
240,46,Chris Richards,DF,0,0,1,0,1,0,1,0.06,0x,0
622,2,Julian Alvarez,FW,0,5,11,9,7,4,0,1.39,0.72x,0
916,47,Nicolas De La Cruz,MF,0,2,4,0,1,3,0,0.11,0x,4
93,28,Alvaro Fidalgo,MF,0,2,3,33,2,1,0,0.35,2.85x,0
1083,47,Santiago Bueno,DF,0,0,0,0,0,0,0,0,0x,0
777,7,Marquinhos,DF,0,0,2,0,2,0,1,0.21,0x,0
992,16,Pervis Estupinan,DF,0,0,0,0,0,0,0,0,0x,0
269,7,Danilo,DF,0,0,1,0,1,0,0,0.04,0x,0
44,16,Alan Franco,MF,0,0,0,0,0,0,0,0,0x,0
58,7,Alex Sandro,DF,0,0,0,0,0,0,0,0,0x,0
575,28,Johan Vasquez,DF,0,0,1,0,1,0,1,0.22,0x,0
103,33,Amir Murillo,DF,0,1,5,0,4,1,0,0.37,0x,0
600,33,Jose Luis Rodriguez,MF,0,1,3,0,1,2,0,0.24,0x,3
441,28,Guillermo Martinez,FW,0,0,0,0,0,0,0,0,0x,0
287,10,Deiver Machado,DF,0,0,0,0,0,0,0,0,0x,0
352,16,Enner Valencia,FW,0,6,10,0,9,1,2,1.53,0x,0
317,7,Douglas Santos,DF,0,0,2,0,2,0,0,0.2,0x,0
654,10,Kevin Castano,MF,0,0,0,0,0,0,0,0,0x,0
1044,7,Roger Ibanez,DF,0,0,0,0,0,0,0,0,0x,0
282,10,Davinson Sanchez,DF,0,2,6,0,5,1,4,0.54,0x,0
20,33,Adalberto Carrasquilla,MF,0,0,0,0,0,0,0,0,0x,0
906,7,Neymar Jr,FW,0,2,3,33,3,0,0,0.82,1.22x,5
115,16,Angelo Preciado,DF,0,0,0,0,0,0,0,0,0x,0
599,33,Jose Fajardo,FW,0,0,1,0,1,0,1,0.25,0x,0
1040,47,Rodrigo Aguirre,FW,0,0,0,0,0,0,0,0,0x,0
68,34,Alexandro Maidana,DF,0,0,0,0,0,0,0,0,0x,0
59,46,Alex Zendejas,FW,0,0,1,0,1,0,0,0,0x,0
550,16,Jeremy Arevalo,FW,0,0,0,0,0,0,0,0,0x,0
957,34,Orlando Gill,GK,0,0,0,0,0,0,0,0,0x,0
574,10,Johan Mojica,DF,0,2,3,0,1,2,1,0.13,0x,0
954,28,Orbelin Pineda,MF,0,0,1,0,1,0,0,0.09,0x,0
52,34,Alex Arce,FW,0,0,0,0,0,0,0,0,0x,0
125,16,Anthony Valencia,MF,0,0,0,0,0,0,0,0,0x,0
229,33,Cesar Yanis,MF,0,0,0,0,0,0,0,0,0x,0
616,2,Juan Musso,GK,0,0,0,0,0,0,0,0,0x,0
1099,47,Sergio Rochet,GK,0,0,0,0,0,0,0,0,0x,0
94,10,Alvaro Montero,GK,0,0,0,0,0,0,0,0,0x,0
998,16,Piero Hincapie,DF,0,0,3,0,3,0,3,0.4,0x,1
801,46,Matt Turner,GK,0,0,0,0,0,0,0,0,0x,0
357,33,Eric Davis,DF,0,0,1,0,0,1,0,0,0x,2
71,28,Alexis Vega,FW,0,0,0,0,0,0,0,0,0x,0
1085,47,Santiago Mele,GK,0,0,0,0,0,0,0,0,0x,0
567,47,Joaquin Piquerez,MF,0,0,0,0,0,0,0,0,0x,0
436,16,Gonzalo Valle,GK,0,0,0,0,0,0,0,0,0x,0
892,2,Nahuel Molina,DF,0,0,1,0,0,1,0,0.02,0x,0
869,16,Moises Caicedo,MF,0,1,4,0,1,3,1,0.19,0x,8
1012,7,Raphinha,FW,0,2,3,0,1,2,0,0.34,0x,7
351,7,Endrick,FW,0,0,3,0,2,1,0,0.68,0x,0
591,10,Jorge Carrascal,MF,0,0,0,0,0,0,0,0,0x,0
303,34,Diego Gomez,MF,0,0,6,0,2,4,0,0.25,0x,1
755,47,Manuel Ugarte,MF,0,1,3,0,0,3,0,0.09,0x,0
788,28,Mateo Chavez,DF,0,1,1,100,1,0,0,0.49,2.04x,0
1201,16,Willian Pacho,DF,0,1,1,0,1,0,1,0.11,0x,0
1043,47,Rodrigo Zalazar,MF,0,0,0,0,0,0,0,0,0x,0
1149,2,Thiago Almada,FW,0,2,5,0,2,3,0,0.25,0x,0
614,34,Juan Jose Caceres,DF,0,1,2,0,1,1,0,0.07,0x,0
560,33,Jiovany Ramos,DF,0,0,2,0,1,1,0,0.15,0x,0
228,33,Cesar Samudio,GK,0,0,0,0,0,0,0,0,0x,0
765,2,Marcos Senesi,DF,0,0,2,0,2,0,1,0.84,0x,0
555,28,Jesus Gallardo,DF,0,0,4,0,2,2,0,0.12,0x,0
1098,46,Sergino Dest,DF,0,1,3,0,1,2,0,0.21,0x,0
163,33,Azarias Londono,FW,0,0,1,0,0,1,0,0.01,0x,0
262,34,Damian Bobadilla,MF,0,0,0,0,0,0,0,0,0x,0
314,22,Dominique Simon,MF,0,1,1,0,0,1,0,0.01,0x,1
222,33,Cecilio Waterman,FW,0,1,2,0,2,0,0,0.05,0x,0
443,47,Guillermo Varela,DF,0,0,2,0,0,2,0,0.01,0x,0
774,4,Marko Arnautovic,FW,0,3,3,67,3,0,0,1.31,1.53x,0
470,16,Hernan Galindez,GK,0,0,0,0,0,0,0,0,0x,0
1158,46,Timothy Weah,FW,0,0,2,0,1,1,0,0.05,0x,0
353,2,Enzo Fernandez,MF,0,4,12,17,4,8,2,0.9,2.22x,0
414,34,Gaston Olveira,GK,0,0,0,0,0,0,0,0,0x,0
870,16,Moises Ramirez,GK,0,0,0,0,0,0,0,0,0x,0
272,47,Darwin Nunez,FW,0,0,2,0,1,1,1,0.2,0x,0
558,10,Jhon Lucumi,DF,0,0,2,0,2,0,2,0.11,0x,0
278,10,David Ospina,GK,0,0,0,0,0,0,0,0,0x,0
1222,10,Yerry Mina,DF,0,0,0,0,0,0,0,0,0x,0
45,16,Alan Minda,MF,0,0,2,0,1,1,0,0.44,0x,0
918,2,Nicolas Otamendi,DF,0,0,1,0,1,0,1,0.07,0x,0
48,34,Alejandro Romero Gamarra,FW,0,0,0,0,0,0,0,0,0x,0
615,47,Juan Manuel Sanabria,MF,0,0,3,0,2,1,0,0.09,0x,0
1041,47,Rodrigo Bentancur,MF,0,0,4,0,3,1,3,0.32,0x,0
913,2,Nico Paz,FW,0,0,1,0,0,1,0,0.08,0x,0
519,16,Jackson Porozo,DF,0,0,0,0,0,0,0,0,0x,0
1027,46,Ricardo Pepi,FW,0,0,5,0,5,0,2,0.38,0x,0
118,33,Anibal Godoy,MF,0,0,0,0,0,0,0,0,0x,0
446,34,Gustavo Caballero,MF,0,1,1,0,1,0,1,0.07,0x,0
1195,46,Weston Mckennie,MF,0,1,5,0,4,1,2,0.6,0x,0
212,10,Camilo Vargas,GK,0,0,0,0,0,0,0,0,0x,0
47,33,Alberto Quintero,MF,0,0,0,0,0,0,0,0,0x,0
253,2,Cristian Romero,DF,0,2,3,33,3,0,3,0.41,2.45x,0
571,16,Joel Ordonez,DF,0,0,2,0,2,0,1,0.26,0x,0
695,2,Leandro Paredes,MF,0,1,4,0,0,4,0,0.07,0x,1
958,33,Orlando Mosquera,GK,0,0,0,0,0,0,0,0,0x,0
494,7,Igor Thiago,FW,0,1,2,0,2,0,1,0.4,0x,0
529,10,Jaminton Campaz,FW,0,3,6,17,3,3,1,0.64,1.56x,0
502,33,Ismael Diaz,MF,0,2,6,0,4,2,2,0.39,0x,0
369,2,Exequiel Palacios,MF,0,0,0,0,0,0,0,0,0x,0
627,34,Junior Alonso,DF,0,1,3,0,1,2,0,0.2,0x,0
589,16,Jordy Alcivar,MF,0,0,1,0,1,0,0,0.04,0x,0
128,46,Antonee Robinson,DF,0,0,0,0,0,0,0,0,0x,3
1172,46,Tyler Adams,MF,0,0,0,0,0,0,0,0,0x,0
610,22,Josue Casimir,FW,0,0,1,0,0,1,0,0.01,0x,0
332,28,Edson Alvarez,DF,0,0,2,0,1,1,1,0.19,0x,0
267,10,Daniel Munoz,DF,0,2,3,67,3,0,0,0.64,3.11x,0
1008,34,Ramon Sosa,MF,0,0,0,0,0,0,0,0,0x,0
790,7,Matheus Cunha,FW,0,4,10,30,5,5,1,1.21,2.49x,3
136,28,Armando Gonzalez,FW,0,0,0,0,0,0,0,0,0x,0
381,47,Federico Valverde,MF,0,2,10,0,3,7,0,0.5,0x,2
239,46,Chris Brady,GK,0,0,0,0,0,0,0,0,0x,0
929,16,Nilson Angulo,FW,0,2,2,50,0,2,0,0.04,25.98x,7
419,2,Geronimo Rulli,GK,0,0,0,0,0,0,0,0,0x,0
225,33,Cesar Blackman,DF,0,1,2,0,2,0,0,0.08,0x,0
252,46,Cristian Roldan,MF,0,0,0,0,0,0,0,0,0x,0
570,46,Joe Scally,DF,0,0,0,0,0,0,0,0,0x,0
407,34,Gabriel Avalos,FW,0,0,1,0,1,0,0,0.05,0x,0
435,16,Gonzalo Plata,FW,0,5,8,13,4,4,1,1.16,0.86x,4
131,34,Antonio Sanabria,FW,0,0,0,0,0,0,0,0,0x,0
111,34,Andres Cubas,MF,0,0,1,0,0,1,0,0.02,0x,0
325,7,Ederson Silva,MF,0,0,2,0,1,1,0,0.34,0x,0
447,34,Gustavo Gomez,DF,0,0,2,0,2,0,2,0.07,0x,0
1038,33,Roderick Miller,DF,0,0,0,0,0,0,0,0,0x,0
427,2,Giovani Lo Celso,MF,0,1,1,100,0,1,0,0.15,6.61x,1
602,47,Jose Maria Gimenez,DF,0,0,0,0,0,0,0,0,0x,0
196,7,Bremer,DF,0,0,0,0,0,0,0,0,0x,0
1155,46,Tim Ream,DF,0,0,0,0,0,0,0,0,0x,0
942,28,Obed Vargas,MF,0,1,1,0,0,1,0,0.02,0x,0
290,15,Denis Visinsky,FW,0,0,3,0,2,1,0,0.26,0x,0
985,15,Pavel Sulc,FW,0,0,2,0,0,2,0,0.03,0x,0
215,42,Carl Starfelt,DF,0,0,0,0,0,0,0,0,0x,0
234,38,Che Adams,FW,0,1,1,0,1,0,0,0.15,0x,0
683,42,Kristoffer Nordfeldt,GK,0,0,0,0,0,0,0,0,0x,0
830,43,Michel Aebischer,MF,0,1,2,0,2,0,1,0.34,0x,5
1161,15,Tomas Holes,DF,0,0,0,0,0,0,0,0,0x,0
1179,41,Unai Simon,GK,0,0,0,0,0,0,0,0,0x,0
362,6,Ermedin Demirovic,FW,0,4,4,0,1,3,0,0.08,0x,0
586,3,Jordan Bos,DF,0,2,5,0,3,2,0,0.42,0x,0
910,43,Nico Elvedi,DF,0,0,3,0,3,0,2,0.3,0x,0
276,15,David Jurasek,DF,0,0,0,0,0,0,0,0,0x,0
577,38,John Souttar,DF,0,0,0,0,0,0,0,0,0x,0
243,43,Christian Fassnacht,FW,0,0,0,0,0,0,0,0,0x,0
709,38,Liam Kelly,GK,0,0,0,0,0,0,0,0,0x,0
416,41,Gavi,MF,0,0,1,0,1,0,0,0.01,0x,0
398,31,Francis De Vries,DF,0,0,0,0,0,0,0,0,0x,2
328,6,Edin Dzeko,FW,0,0,3,0,3,0,0,0.2,0x,0
1121,15,Stepan Chaloupek,DF,0,0,0,0,0,0,0,0,0x,0
677,31,Kosta Barbarouses,FW,0,0,0,0,0,0,0,0,0x,0
386,45,Ferdi Kadioglu,DF,0,0,1,0,0,1,0,0.04,0x,0
686,31,Lachlan Bayliss,MF,0,0,0,0,0,0,0,0,0x,0
518,3,Jackson Irvine,MF,0,1,3,0,3,0,1,0.21,0x,0
708,38,Lewis Ferguson,MF,0,1,2,0,0,2,0,0.09,0x,8
687,15,Ladislav Krejci,DF,0,1,5,20,5,0,5,0.54,1.85x,0
35,3,Aiden Oneill,MF,0,0,2,0,1,1,0,0.07,0x,4
316,48,Dostonbek Khamdamov,MF,0,0,2,0,1,1,1,0.08,0x,2
711,31,Liberato Cacace,DF,0,1,1,0,1,0,0,0.02,0x,2
365,6,Esmir Bajraktarevic,FW,0,2,3,0,1,2,0,0.11,0x,1
1229,45,Yunus Akgun,FW,0,0,0,0,0,0,0,0,0x,0
185,41,Borja Iglesias,FW,0,0,0,0,0,0,0,0,0x,0
821,45,Mert Muldur,DF,0,0,3,0,3,0,3,0.22,0x,0
554,31,Jesse Randall,FW,0,0,1,0,0,1,0,0.01,0x,3
1058,38,Ryan Christie,MF,0,0,2,0,1,1,0,0.15,0x,0
57,31,Alex Rufer,MF,0,0,0,0,0,0,0,0,0x,0
355,43,Eray Coemert,DF,0,0,0,0,0,0,0,0,0x,0
211,3,Cameron Devlin,MF,0,0,0,0,0,0,0,0,0x,0
268,42,Daniel Svensson,DF,0,0,1,0,0,1,0,0.01,0x,1
359,42,Eric Smith,DF,0,0,0,0,0,0,0,0,0x,0
968,45,Ozan Kabak,DF,0,0,0,0,0,0,0,0,0x,0
1174,38,Tyler Fletcher,MF,0,0,0,0,0,0,0,0,0x,0
151,3,Awer Mabil,FW,0,0,1,0,0,1,0,0.03,0x,0
8,48,Abdukodir Khusanov,DF,0,0,0,0,0,0,0,0,0x,0
960,48,Oston Urunov,MF,0,0,0,0,0,0,0,0,0x,0
13,45,Abdulkerim Bardakci,DF,0,0,3,0,1,2,0,0.07,0x,0
264,43,Dan Ndoye,FW,0,8,16,13,15,1,1,0.86,2.31x,0
930,3,Nishan Velupillay,FW,0,0,0,0,0,0,0,0,0x,0
175,48,Behruzjon Karimov,DF,0,0,2,0,0,2,0,0.03,0x,0
14,48,Abdulla Abdullaev,DF,0,0,0,0,0,0,0,0,0x,0
915,41,Nico Williams,FW,0,0,1,0,1,0,0,0.03,0x,1
829,15,Michal Sadilek,MF,0,3,7,14,5,2,1,0.7,1.42x,5
209,31,Callum Mccowatt,MF,0,3,4,0,3,1,1,0.21,0x,0
1089,38,Scott Mckenna,DF,0,0,0,0,0,0,0,0,0x,0
97,6,Amar Dedic,DF,0,1,2,0,0,2,0,0.06,0x,0
652,45,Kerem Akturkoglu,FW,0,1,3,0,2,1,0,0.59,0x,0
1023,43,Remo Freuler,MF,0,1,2,0,1,1,0,0.07,0x,0
380,48,Farrukh Sayfiev,DF,0,0,0,0,0,0,0,0,0x,0
322,6,Dzenis Burnic,MF,0,0,1,0,0,1,0,0.02,0x,0
720,43,Luca Jaquez,DF,0,0,0,0,0,0,0,0,0x,0
725,3,Lucas Herrington,DF,0,0,0,0,0,0,0,0,0x,0
177,31,Ben Old,MF,0,0,0,0,0,0,0,0,0x,0
562,41,Joan Garcia,GK,0,0,0,0,0,0,0,0,0x,0
990,41,Pedro Porro,DF,0,3,7,29,4,3,1,1.1,1.82x,0
905,3,Nestory Irankunda,FW,0,3,6,17,4,2,1,0.81,1.23x,0
1103,48,Sherzod Nasrullaev,DF,0,1,1,0,1,0,0,0.08,0x,0
1129,42,Taha Ali,FW,0,0,0,0,0,0,0,0,0x,0
934,43,Noah Okafor,FW,0,0,1,0,1,0,0,0.18,0x,0
839,3,Milos Degenek,DF,0,0,0,0,0,0,0,0,0x,0
537,3,Jason Geria,DF,0,0,0,0,0,0,0,0,0x,0
275,15,David Doudera,DF,0,0,4,0,1,3,0,0.05,0x,0
1035,15,Robin Hranac,DF,0,0,0,0,0,0,0,0,0x,0
22,15,Adam Hlozek,FW,0,1,3,0,2,1,0,0.31,0x,0
854,3,Mohamed Toure,FW,0,1,4,0,4,0,1,0.26,0x,0
522,42,Jacob Widell Zetterstrom,GK,0,0,0,0,0,0,0,0,0x,0
514,6,Ivan Sunjic,MF,0,1,1,0,0,1,0,0.09,0x,0
717,31,Logan Rogerson,FW,0,0,0,0,0,0,0,0,0x,0
390,38,Findlay Curtis,FW,0,0,0,0,0,0,0,0,0x,0
17,48,Abduvohid Nematov,GK,0,0,0,0,0,0,0,0,0x,0
742,38,Lyndon Dykes,FW,0,0,1,0,1,0,1,0.15,0x,0
56,31,Alex Paulsen,GK,0,0,0,0,0,0,0,0,0x,0
871,15,Mojmir Chytil,FW,0,0,0,0,0,0,0,0,0x,0
1177,45,Ugurcan Cakir,GK,0,0,0,0,0,0,0,0,0x,0
183,42,Besfort Zeneli,MF,0,1,1,0,0,1,0,0.01,0x,0
793,3,Mathew Ryan,GK,0,0,0,0,0,0,0,0,0x,0
254,3,Cristian Volpato,FW,0,1,4,0,2,2,0,0.28,0x,7
1086,31,Sarpreet Singh,MF,0,2,4,0,2,2,0,0.22,0x,0
1231,43,Yvon Mvogo,GK,0,0,0,0,0,0,0,0,0x,0
927,6,Nikola Vasilj,GK,0,0,0,0,0,0,0,0,0x,0
178,31,Ben Waine,FW,0,0,0,0,0,0,0,0,0x,0
1235,43,Zeki Amdouni,FW,0,0,1,0,0,1,0,0,0x,0
738,15,Lukas Hornicek,GK,0,0,0,0,0,0,0,0,0x,0
759,41,Marc Pubill,DF,0,0,0,0,0,0,0,0,0x,0
632,45,Kaan Ayhan,MF,0,1,1,100,1,0,0,0.68,1.48x,0
1061,31,Ryan Thomas,MF,0,0,0,0,0,0,0,0,0x,0
92,45,Altay Bayindir,GK,0,0,0,0,0,0,0,0,0x,0
164,3,Aziz Behich,DF,0,1,1,0,1,0,0,0.02,0x,0
650,38,Kenny Mclean,MF,0,0,1,0,0,1,0,0.01,0x,0
806,31,Max Crocombe,GK,0,0,0,0,0,0,0,0,0x,0
280,41,David Raya,GK,0,0,0,0,0,0,0,0,0x,0
820,45,Mert Gunok,GK,0,0,0,0,0,0,0,0,0x,0
1190,15,Vladimir Darida,MF,0,0,1,0,1,0,0,0.01,0x,0
460,6,Haris Tabakovic,FW,0,0,0,0,0,0,0,0,0x,0
281,15,David Zima,DF,0,0,0,0,0,0,0,0,0x,0
55,41,Alex Grimaldo,DF,0,0,0,0,0,0,0,0,0x,0
944,48,Odiljon Xamrobekov,MF,0,0,1,0,1,0,0,0.16,0x,0
50,3,Alessandro Circati,DF,0,0,3,0,2,1,2,0.13,0x,0
1213,42,Yasin Ayari,MF,0,3,7,29,1,6,0,0.44,4.59x,9
553,42,Jesper Karlstrom,MF,0,0,1,0,1,0,0,0.05,0x,0
439,43,Gregor Kobel,GK,0,0,0,0,0,0,0,0,0x,0
1051,38,Ross Stewart,FW,0,0,0,0,0,0,0,0,0x,0
897,38,Nathan Patterson,DF,0,0,0,0,0,0,0,0,0x,0
1180,48,Utkir Yusupov,GK,0,0,0,0,0,0,0,0,0x,0
946,45,Oguz Aydin,FW,0,0,0,0,0,0,0,0,0x,0
824,31,Michael Boxall,DF,0,0,0,0,0,0,0,0,0x,0
180,42,Benjamin Nygren,MF,0,0,1,0,0,1,0,0.03,0x,3
454,45,Hakan Calhanoglu,MF,0,2,11,0,2,9,0,0.4,0x,8
408,42,Gabriel Gudmundsson,DF,0,0,0,0,0,0,0,0,0x,1
646,42,Ken Sema,MF,0,0,1,0,1,0,0,0.06,0x,0
828,31,Michael Woud,GK,0,0,0,0,0,0,0,0,0x,0
737,15,Lukas Cerv,MF,0,2,3,0,1,2,0,0.06,0x,0
819,45,Merih Demiral,DF,0,2,6,0,3,3,2,0.24,0x,0
753,43,Manuel Akanji,DF,0,1,1,0,1,0,0,0.18,0x,0
249,3,Connor Metcalfe,MF,0,2,5,20,1,4,0,0.11,9.21x,3
337,48,Eldor Shomurodov,FW,0,2,4,25,4,0,0,0.17,5.79x,0
210,3,Cameron Burgess,DF,0,0,0,0,0,0,0,0,0x,0
437,43,Granit Xhaka,MF,0,2,9,11,1,8,0,1.16,0.86x,0
923,6,Nihad Mujakic,DF,0,0,0,0,0,0,0,0,0x,0
479,15,Hugo Sochurek,MF,0,0,0,0,0,0,0,0,0x,0
987,41,Pedri,MF,0,1,4,0,1,3,0,0.37,0x,8
507,45,Ismail Yuksek,MF,0,0,5,0,3,2,1,0.32,0x,0
520,3,Jacob Italiano,DF,0,0,1,0,0,1,0,0.03,0x,0
893,31,Nando Pijnaker,DF,0,0,0,0,0,0,0,0,0x,0
208,31,Callan Elliot,DF,0,0,0,0,0,0,0,0,0x,0
1183,41,Victor Munoz,FW,0,0,0,0,0,0,0,0,0x,0
787,15,Matej Kovar,GK,0,0,0,0,0,0,0,0,0x,0
1057,48,Rustam Ashurmatov,DF,0,0,0,0,0,0,0,0,0x,0
102,6,Amir Hadziahmetovic,MF,0,0,0,0,0,0,0,0,0x,1
531,48,Jamshid Iskanderov,MF,0,0,0,0,0,0,0,0,0x,1
224,43,Cedric Itten,FW,0,0,0,0,0,0,0,0,0x,0
1071,45,Salih Ozcan,MF,0,0,0,0,0,0,0,0,0x,0
213,45,Can Uzun,FW,0,1,4,0,3,1,0,0.39,0x,0
166,48,Azizjon Ganiev,MF,0,0,1,0,0,1,0,0.01,0x,1
462,3,Harry Souttar,DF,0,1,1,0,1,0,1,0.05,0x,0
517,38,Jack Hendry,DF,0,0,0,0,0,0,0,0,0x,0
785,43,Marvin Keller,GK,0,0,0,0,0,0,0,0,0x,0
559,15,Jindrich Stanek,GK,0,0,0,0,0,0,0,0,0x,0
176,38,Ben Gannon Doak,FW,0,0,4,0,2,2,0,0.14,0x,0
445,42,Gustaf Nilsson,FW,0,0,1,0,1,0,1,0.01,0x,0
373,41,Fabian Ruiz,MF,0,2,8,13,4,4,1,1.33,0.75x,0
532,15,Jan Kuchta,FW,0,0,0,0,0,0,0,0,0x,0
60,42,Alexander Bernhardsson,DF,0,1,1,0,0,1,0,0.05,0x,0
1182,42,Victor Lindelof,DF,0,0,2,0,2,0,2,0.26,0x,0
340,31,Elijah Just,MF,0,5,7,43,5,2,0,0.86,3.48x,0
962,48,Otabek Shukurov,MF,0,0,2,0,0,2,0,0.08,0x,0
206,45,Caglar Soyuncu,DF,0,0,0,0,0,0,0,0,0x,0
39,3,Ajdin Hrustic,FW,0,0,3,0,2,1,0,0.11,0x,1
4,48,Abbosbek Fayzullaev,MF,0,2,3,33,2,1,1,1,1x,5
1236,45,Zeki Celik,DF,0,1,1,0,1,0,0,0.1,0x,1
739,15,Lukas Provod,MF,0,0,1,0,0,1,0,0.05,0x,0
309,43,Djibril Sow,MF,0,1,2,0,1,1,0,0.23,0x,0
693,38,Lawrence Shankland,FW,0,0,4,0,4,0,2,0.35,0x,0
1221,41,Yeremy Pino,FW,0,0,0,0,0,0,0,0,0x,0
500,42,Isak Hien,DF,0,0,0,0,0,0,0,0,0x,0
663,48,Khojiakbar Alijonov,DF,0,0,0,0,0,0,0,0,0x,0
186,48,Botirali Ergashev,GK,0,0,0,0,0,0,0,0,0x,0
1178,48,Umar Eshmurodov,DF,0,0,0,0,0,0,0,0,0x,0
784,41,Martin Zubimendi,MF,0,0,0,0,0,0,0,0,0x,0
536,15,Jaroslav Zeleny,DF,0,0,1,0,1,0,1,0.02,0x,0
372,43,Fabian Rieder,MF,0,2,7,0,4,3,0,1.09,0x,8
1,38,Aaron Hickey,DF,0,0,0,0,0,0,0,0,0x,0
1074,45,Samet Akaydin,DF,0,0,0,0,0,0,0,0,0x,0
1109,43,Silvan Widmer,DF,0,0,0,0,0,0,0,0,0x,0
647,45,Kenan Yildiz,FW,0,1,14,0,11,3,0,0.38,0x,0
358,41,Eric Garcia,DF,0,0,0,0,0,0,0,0,0x,0
343,42,Elliot Stroud,DF,0,0,1,0,1,0,0,0.09,0x,3
147,43,Aurele Amenda,DF,0,0,0,0,0,0,0,0,0x,0
292,45,Deniz Gul,FW,0,1,2,0,2,0,1,0.7,0x,0
150,48,Avazbek Ulmasaliyev,DF,0,0,0,0,0,0,0,0,0x,0
840,43,Miro Muheim,DF,0,0,0,0,0,0,0,0,0x,0
980,15,Patrik Schick,FW,0,1,2,0,2,0,2,0.27,0x,0
1102,48,Sherzod Esanov,MF,0,0,0,0,0,0,0,0,0x,0
1163,15,Tomas Soucek,MF,0,0,1,0,1,0,0,0.12,0x,0
976,3,Patrick Beach,GK,0,0,0,0,0,0,0,0,0x,0
1039,41,Rodri,MF,0,0,6,0,2,4,1,0.2,0x,0
835,41,Mikel Merino,MF,0,3,4,50,4,0,0,1.34,1.49x,0
1185,42,Viktor Johansson,GK,0,0,0,0,0,0,0,0,0x,0
473,42,Hjalmar Ekdal,DF,0,0,0,0,0,0,0,0,0x,0
792,3,Mathew Leckie,FW,0,0,1,0,1,0,0,0.1,0x,0
444,42,Gustaf Lagerbielke,DF,0,1,3,0,3,0,3,0.13,0x,0
1173,31,Tyler Bindon,DF,0,1,2,0,2,0,1,0.33,0x,0
134,43,Ardon Jashari,MF,0,0,2,0,0,2,0,0.03,0x,0
122,42,Anthony Elanga,FW,0,3,3,67,2,1,0,0.53,3.77x,1
418,38,George Hirst,FW,0,0,0,0,0,0,0,0,0x,0
356,45,Eren Elmali,DF,0,0,0,0,0,0,0,0,0x,0
291,43,Denis Zakaria,MF,0,2,5,0,5,0,1,0.61,0x,0
391,31,Finn Surman,DF,0,1,2,50,2,0,2,0.24,4.18x,0
523,48,Jakhongir Urozov,DF,0,0,0,0,0,0,0,0,0x,0
981,41,Pau Cubarsi,DF,0,1,3,0,1,2,1,0.27,0x,0
776,31,Marko Stamenic,MF,0,0,3,0,1,2,0,0.09,0x,0
634,3,Kai Trewin,DF,0,0,1,0,0,1,0,0,0x,0
689,41,Lamine Yamal,FW,0,10,23,4,12,11,0,2.11,0.47x,12
1140,3,Tete Yengi,FW,0,1,1,0,1,0,0,0.1,0x,0
803,42,Mattias Svanberg,MF,0,2,3,33,2,1,0,0.23,4.26x,0
569,31,Joe Bell,MF,0,0,1,0,0,1,0,0.01,0x,0
165,48,Azizbek Amonov,FW,0,0,1,0,0,1,0,0.01,0x,0
469,42,Herman Johansson,DF,0,0,0,0,0,0,0,0,0x,0
1160,15,Tomas Chory,FW,0,0,0,0,0,0,0,0,0x,0
982,3,Paul Izzo,GK,0,0,0,0,0,0,0,0,0x,0
311,38,Dominic Hyam,DF,0,0,0,0,0,0,0,0,0x,0
1090,38,Scott Mctominay,MF,0,3,8,0,8,0,3,0.65,0x,0
133,45,Arda Guler,FW,0,4,12,8,3,9,0,0.75,1.34x,11
493,48,Igor Sergeev,FW,0,0,0,0,0,0,0,0,0x,0
499,45,Irfan Can Kahveci,FW,0,0,0,0,0,0,0,0,0x,0
848,44,Mohamed Hadj Mahmoud,MF,0,0,0,0,0,0,0,0,0x,0
741,40,Lyle Foster,FW,0,0,1,0,1,0,1,0.07,0x,0
1002,44,Raed Chikhaoui,DF,0,0,0,0,0,0,0,0,0x,0
283,9,Dayne St Clair,GK,0,0,0,0,0,0,0,0,0x,0
114,12,Ange Yoan Bonny,FW,0,1,1,0,0,1,0,0.05,0x,0
1198,22,Wilguens Paugain,DF,0,0,0,0,0,0,0,0,0x,0
885,29,Munir El Kajoui,GK,0,0,0,0,0,0,0,0,0x,0
872,44,Montassar Talbi,DF,0,0,1,0,1,0,1,0.08,0x,0
1112,40,Sipho Chaine,GK,0,0,0,0,0,0,0,0,0x,0
246,12,Christopher Operi,DF,0,0,0,0,0,0,0,0,0x,0
539,40,Jayden Adams,MF,0,0,0,0,0,0,0,0,0x,0
874,44,Mortadha Ben Ouanes,DF,0,0,0,0,0,0,0,0,0x,0
679,39,Krepin Diatta,DF,0,0,1,0,0,1,0,0.04,0x,2
703,22,Lenny Joseph,FW,0,0,2,0,2,0,0,0.33,0x,0
1192,8,Wagner Pina,DF,0,0,1,0,1,0,0,0.18,0x,0
710,9,Liam Millar,MF,0,0,1,0,1,0,1,0.04,0x,0
999,21,Prince Adu,FW,0,0,1,0,1,0,0,0.25,0x,0
665,40,Khulumani Ndamane,DF,0,0,0,0,0,0,0,0,0x,0
1018,44,Rayan Elloumi,FW,0,0,0,0,0,0,0,0,0x,0
72,9,Alfie Jones,DF,0,0,0,0,0,0,0,0,0x,0
171,39,Bara Sapoko Ndiaye,MF,0,1,1,0,0,1,0,0.04,0x,0
496,40,Ime Okon,DF,0,0,1,0,1,0,1,0.01,0x,0
475,17,Hossam Abdelmaguid,DF,0,0,0,0,0,0,0,0,0x,0
216,22,Carlens Arcus,DF,0,0,0,0,0,0,0,0,0x,0
1054,22,Ruben Providence,FW,0,1,4,0,4,0,0,0.19,0x,1
1110,12,Simon Adingra,FW,0,0,0,0,0,0,0,0,0x,1
1207,12,Yahia Fofana,GK,0,0,0,0,0,0,0,0,0x,0
961,40,Oswin Appollis,FW,0,1,4,0,0,4,0,0.15,0x,7
10,21,Abdul Mumin,DF,0,0,0,0,0,0,0,0,0x,0
638,40,Kamogelo Sebelebele,FW,0,0,0,0,0,0,0,0,0x,0
155,44,Aymen Dahmen,GK,0,0,0,0,0,0,0,0,0x,0
690,8,Laros Duarte,MF,0,3,3,0,2,1,0,0.7,0x,1
506,39,Ismail Jakobs,DF,0,0,1,0,1,0,0,0.11,0x,9
572,9,Joel Waterman,DF,0,0,0,0,0,0,0,0,0x,0
95,12,Amad Diallo,FW,0,4,8,25,6,2,0,1.44,1.39x,4
258,9,Cyle Larin,FW,0,4,9,22,9,0,3,1.27,1.58x,0
421,29,Gessime Yassine,MF,0,1,2,50,1,1,0,0.45,2.21x,1
299,22,Derrick Etienne,FW,0,0,0,0,0,0,0,0,0x,1
581,21,Jonas Adjetey,DF,0,1,2,0,2,0,2,0.1,0x,0
347,17,Emam Ashour,MF,0,2,10,20,5,5,1,1.06,1.89x,4
747,17,Mahmoud Saber,MF,0,1,3,33,1,2,0,0.16,6.15x,0
1210,44,Yan Valery,DF,0,0,0,0,0,0,0,0,0x,0
160,29,Ayoube Amaimouni,FW,0,1,2,0,2,0,0,0.29,0x,0
455,17,Hamdy Fathy,MF,0,0,0,0,0,0,0,0,0x,0
975,39,Pathe Ciss,MF,0,1,2,0,1,1,1,0.2,0x,0
1079,40,Samukele Kabini,DF,0,0,0,0,0,0,0,0,0x,0
641,22,Keeto Thermoncy,DF,0,0,0,0,0,0,0,0,0x,0
781,22,Martin Experience,DF,0,0,1,0,0,1,0,0.01,0x,0
271,22,Danley Jean Jacques,MF,0,0,0,0,0,0,0,0,0x,0
170,39,Bamba Dieng,FW,0,0,0,0,0,0,0,0,0x,0
611,22,Josue Duverger,GK,0,0,0,0,0,0,0,0,0x,0
718,22,Louicius Deedson,FW,0,0,2,0,1,1,0,0.05,0x,1
422,12,Ghislain Konan,DF,0,0,4,0,3,1,0,0.28,0x,0
346,12,Elye Wahi,FW,0,2,3,0,3,0,0,0.48,0x,0
321,44,Dylan Bronn,DF,0,0,0,0,0,0,0,0,0x,0
120,44,Anis Slimane,MF,0,1,1,0,1,0,1,0.11,0x,2
880,44,Mouhib Chamakh,GK,0,0,0,0,0,0,0,0,0x,0
932,40,Nkosinathi Sibisi,DF,0,0,0,0,0,0,0,0,0x,0
1214,17,Yasser Ibrahim,DF,0,1,1,100,1,0,1,0.12,8.42x,0
544,22,Jean Ricner Bellegarde,MF,0,0,6,0,1,5,1,0.29,0x,5
451,39,Habib Diarra,MF,0,1,3,67,2,1,0,0.54,3.68x,0
440,12,Guela Doue,DF,0,0,1,0,1,0,0,0.01,0x,0
331,39,Edouard Mendy,GK,0,0,0,0,0,0,0,0,0x,0
744,17,Mahdy Soliman,GK,0,0,0,0,0,0,0,0,0x,0
889,17,Nabil Donga,MF,0,0,0,0,0,0,0,0,0x,0
242,12,Christ Inao Oulai,MF,0,0,2,0,1,1,0,0.13,0x,0
684,21,Kwasi Sibo,MF,0,0,0,0,0,0,0,0,0x,0
540,9,Jayden Nelson,FW,0,0,1,0,0,1,0,0.07,0x,0
1025,22,Ricardo Ade,DF,0,1,4,0,2,2,2,0.17,0x,0
866,17,Mohanad Lashin,MF,0,0,2,0,1,1,1,0.12,0x,0
1094,44,Sebastian Tounekti,MF,0,0,0,0,0,0,0,0,0x,0
338,44,Elias Achouri,FW,0,1,3,0,0,3,0,0.13,0x,0
214,22,Carl Sainte,MF,0,0,0,0,0,0,0,0,0x,0
162,29,Ayyoub Bouaddi,MF,0,0,3,0,0,3,0,0.14,0x,0
368,40,Evidence Makgopa,FW,0,3,4,0,4,0,2,0.42,0x,0
503,44,Ismael Gharbi,MF,0,0,3,0,2,1,0,0.26,0x,1
31,17,Ahmed Fatouh,DF,0,1,1,0,1,0,0,0.13,0x,0
126,39,Antoine Mendy,DF,0,0,0,0,0,0,0,0,0x,0
179,21,Benjamin Asare,GK,0,0,0,0,0,0,0,0,0x,0
877,17,Mostafa Shoubir,GK,0,0,0,0,0,0,0,0,0x,0
692,21,Lawrence Ati Zigi,GK,0,0,0,0,0,0,0,0,0x,0
1062,44,Sabri Ben Hessen,GK,0,0,0,0,0,0,0,0,0x,0
1020,29,Redouane Halhal,DF,0,0,0,0,0,0,0,0,0x,0
842,17,Mohamed Abdelmoneim,DF,0,0,0,0,0,0,0,0,0x,0
950,40,Olwethu Makhanya,DF,0,0,0,0,0,0,0,0,0x,0
497,21,Inaki Williams,FW,0,0,3,0,1,2,0,0.06,0x,0
1146,40,Themba Zwane,MF,0,0,0,0,0,0,0,0,0x,0
552,21,Jerome Opoku,DF,0,0,0,0,0,0,0,0,0x,0
159,29,Ayoub El Kaabi,FW,0,2,3,0,3,0,0,0.31,0x,0
583,9,Jonathan Osorio,MF,0,0,1,0,1,0,0,0.04,0x,0
673,21,Kojo Peprah Oppong,DF,0,0,0,0,0,0,0,0,0x,0
612,8,Jovane Cabral,MF,0,0,2,0,0,2,0,0.05,0x,0
658,8,Kevin Pina,MF,0,1,5,20,0,5,0,0.09,11.33x,0
67,22,Alexandre Pierre,GK,0,0,0,0,0,0,0,0,0x,0
168,21,Baba Rahman,DF,0,0,0,0,0,0,0,0,0x,0
945,12,Odilon Kossounou,DF,0,0,0,0,0,0,0,0,0x,0
9,21,Abdul Fatawu,FW,0,0,3,0,1,2,0,0.1,0x,2
143,39,Assane Diao,FW,0,0,0,0,0,0,0,0,0x,0
521,9,Jacob Shaffelburg,MF,0,0,3,0,2,1,0,0.09,0x,0
1136,17,Tarek Alaa,DF,0,0,0,0,0,0,0,0,0x,0
510,29,Issa Diop,DF,0,1,1,100,1,0,1,0.12,8.02x,0
89,9,Alistair Johnston,DF,0,2,5,0,4,1,2,0.18,0x,2
145,40,Aubrey Modiba,DF,0,1,5,0,1,4,0,0.12,0x,2
339,44,Elias Saad,FW,0,0,1,0,0,1,0,0.06,0x,1
1048,40,Ronwen Williams,GK,0,0,0,0,0,0,0,0,0x,0
1095,12,Seko Fofana,MF,0,1,5,0,0,5,0,0.4,0x,0
636,39,Kalidou Koulibaly,DF,0,0,0,0,0,0,0,0,0x,0
189,40,Bradley Cross,DF,0,0,0,0,0,0,0,0,0x,0
1030,9,Richie Laryea,DF,0,1,2,0,1,1,0,0.34,0x,0
1011,44,Rani Khedira,MF,0,0,1,0,0,1,0,0.06,0x,0
74,44,Ali Abdi,DF,0,0,1,0,0,1,0,0.05,0x,1
1216,29,Yassine Bounou,GK,0,0,0,0,0,0,0,0,0x,0
645,8,Kelvin Pires,DF,0,0,0,0,0,0,0,0,0x,0
336,39,El Hadji Malick Diouf,DF,0,0,0,0,0,0,0,0,0x,5
952,17,Omar Marmoush,FW,0,1,11,0,8,3,0,0.91,0x,3
1132,9,Tajon Buchanan,FW,0,3,6,0,3,3,0,0.68,0x,1
484,17,Ibrahim Adel,FW,0,0,0,0,0,0,0,0,0x,0
505,29,Ismael Saibari,MF,0,3,10,30,7,3,1,1.01,2.97x,0
487,39,Ibrahim Mbaye,FW,0,1,4,25,4,0,0,0.29,3.43x,0
167,29,Azzedine Ounahi,MF,0,3,5,40,1,4,0,0.33,6.13x,2
