player_id,team_id,player_name,position,goals,assists,minutes_played
712,2,Lionel Messi,FW,8,4,712
685,19,Kylian Mbappe,FW,8,3,666
361,32,Erling Haaland,FW,7,0,537
619,18,Jude Bellingham,MF,6,1,679
461,18,Harry Kane,FW,6,1,732
964,19,Ousmane Dembele,FW,5,2,595
836,41,Mikel Oyarzabal,FW,5,1,599
508,39,Ismaila Sarr,FW,4,1,419
623,28,Julian Quinones,FW,4,1,440
1186,7,Vinicius Junior,FW,4,1,505
293,20,Deniz Undav,FW,3,2,174
573,43,Johan Manzambi,MF,3,2,220
1046,5,Romelu Lukaku,FW,3,1,279
691,2,Lautaro Martinez,FW,3,1,368
232,5,Charles De Ketelaere,FW,3,1,385
248,30,Cody Gakpo,FW,3,1,394
198,30,Brian Brobbey,FW,3,0,245
340,31,Elijah Just,MF,3,0,291
790,7,Matheus Cunha,FW,3,0,324
397,46,Folarin Balogun,FW,3,0,348
1013,28,Raul Jimenez,FW,3,0,348
633,20,Kai Havertz,FW,3,0,392
1223,11,Yoane Wissa,FW,3,0,409
505,29,Ismael Saibari,MF,3,0,411
582,9,Jonathan David,FW,3,0,475
255,35,Cristiano Ronaldo,FW,3,0,490
256,30,Crysencio Summerville,FW,2,2,282
195,43,Breel Embolo,FW,2,2,531
696,5,Leandro Trossard,FW,2,2,561
1118,29,Soufiane Rahimi,FW,2,1,215
919,12,Nicolas Pepe,FW,2,1,255
970,39,Pape Gueye,MF,2,1,257
808,47,Maxi Araujo,MF,2,1,278
1033,1,Riyad Mahrez,FW,2,1,288
1006,24,Ramin Rezaeian,DF,2,1,309
1055,43,Ruben Vargas,FW,2,1,314
154,25,Ayase Ueda,FW,2,1,349
188,19,Bradley Barcola,FW,2,1,379
878,17,Mostafa Zico,MF,2,1,398
749,46,Malik Tillman,MF,2,1,415
363,6,Ermin Mahmic,MF,2,0,88
451,39,Habib Diarra,MF,2,0,168
774,4,Marko Arnautovic,FW,2,0,173
835,41,Mikel Merino,MF,2,0,200
95,12,Amad Diallo,FW,2,0,211
258,9,Cyle Larin,FW,2,0,224
122,42,Anthony Elanga,FW,2,0,247
259,25,Daichi Kamada,MF,2,0,359
1213,42,Yasin Ayari,MF,2,0,371
347,17,Emam Ashour,MF,2,0,395
264,43,Dan Ndoye,FW,2,0,437
267,10,Daniel Munoz,DF,2,0,451
167,29,Azzedine Ounahi,MF,2,0,477
990,41,Pedro Porro,DF,2,0,499
1224,5,Youri Tielemans,MF,2,0,538
353,2,Enzo Fernandez,MF,2,0,658
108,32,Andreas Schjelderup,MF,1,3,297
61,42,Alexander Isak,FW,1,3,389
123,18,Anthony Gordon,FW,1,3,442
495,39,Iliman Ndiaye,FW,1,2,134
898,9,Nathan Saliba,MF,1,2,206
459,5,Hans Vanaken,MF,1,2,362
1184,42,Viktor Gyokeres,FW,1,2,400
625,34,Julio Enciso,FW,1,2,431
853,17,Mohamed Salah,FW,1,2,469
18,29,Achraf Hakimi,DF,1,2,650
1000,9,Promise David,FW,1,1,105
172,45,Baris Alper Yilmaz,FW,1,1,200
1003,35,Rafael Leao,FW,1,1,203
1169,17,Trezeguet,FW,1,1,204
881,26,Mousa Altamari,FW,1,1,230
1092,46,Sebastian Berhalter,MF,1,1,231
731,28,Luis Romo,MF,1,1,284
483,27,Hwang Inbeom,MF,1,1,286
383,20,Felix Nmecha,MF,1,1,299
635,25,Kaishu Sano,MF,1,1,303
900,20,Nathaniel Brown,DF,1,1,319
644,25,Keito Nakamura,MF,1,1,330
994,13,Petar Sucic,MF,1,1,338
301,19,Desire Doue,FW,1,1,400
513,13,Ivan Perisic,FW,1,1,413
1187,30,Virgil Van Dijk,DF,1,1,432
797,34,Matias Galarza,MF,1,1,439
54,46,Alex Freeman,DF,1,1,442
53,41,Alex Baena,MF,1,1,444
729,10,Luis Diaz,FW,1,1,525
714,2,Lisandro Martinez,DF,1,1,664
69,2,Alexis Mac Allister,MF,1,1,728
632,45,Kaan Ayhan,MF,1,0,11
803,42,Mattias Svanberg,MF,1,0,25
747,17,Mahmoud Saber,MF,1,0,51
890,1,Nadhir Benbouali,FW,1,0,52
906,7,Neymar Jr,FW,1,0,55
393,11,Fiston Mayele,FW,1,0,55
433,35,Goncalo Ramos,FW,1,0,58
427,2,Giovani Lo Celso,MF,1,0,64
463,36,Hassan Alhaydos,FW,1,0,69
613,6,Jovo Lukic,FW,1,0,77
788,28,Mateo Chavez,DF,1,0,81
1087,4,Sasa Kalajdzic,FW,1,0,88
466,44,Hazem Mastouri,FW,1,0,92
529,10,Jaminton Campaz,FW,1,0,98
1145,32,Thelo Aasgaard,MF,1,0,100
421,29,Gessime Yassine,MF,1,0,101
70,5,Alexis Saelemaekers,MF,1,0,107
93,28,Alvaro Fidalgo,MF,1,0,117
993,13,Petar Musa,FW,1,0,119
149,46,Auston Trusty,DF,1,0,123
156,23,Aymen Hussein,FW,1,0,128
467,8,Helio Varela,MF,1,0,130
947,27,Oh Hyeongyu,FW,1,0,145
914,20,Nico Schlotterbeck,DF,1,0,152
428,46,Giovanni Reyna,MF,1,0,155
199,11,Brian Cipenga,FW,1,0,160
121,13,Ante Budimir,FW,1,0,168
410,7,Gabriel Martinelli,FW,1,0,171
704,32,Leo Ostigard,DF,1,0,184
953,44,Omar Rekik,DF,1,0,200
1203,22,Wilson Isidor,FW,1,0,201
487,39,Ibrahim Mbaye,FW,1,0,203
829,15,Michal Sadilek,MF,1,0,204
928,13,Nikola Vlasic,MF,1,0,204
300,21,Derrick Luckassen,DF,1,0,205
804,34,Mauricio,MF,1,0,208
767,18,Marcus Rashford,FW,1,0,209
929,16,Nilson Angulo,FW,1,0,240
4,48,Abbosbek Fayzullaev,MF,1,0,240
629,25,Junya Ito,MF,1,0,242
715,14,Livano Comenencia,MF,1,0,253
1144,40,Thapelo Maseko,FW,1,0,255
25,47,Agustin Canobbio,MF,1,0,261
12,37,Abdulelah Alamri,DF,1,0,268
100,1,Amine Gouiri,FW,1,0,270
261,25,Daizen Maeda,MF,1,0,271
861,24,Mohammad Mohebbi,MF,1,0,271
766,32,Marcus Holmgren Pedersen,DF,1,0,273
576,38,John Mcginn,MF,1,0,277
1045,4,Romano Schmid,MF,1,0,283
905,3,Nestory Irankunda,FW,1,0,285
931,26,Nizar Alrashdan,MF,1,0,289
83,26,Ali Olwan,FW,1,0,297
298,8,Deroy Duarte,MF,1,0,300
687,15,Ladislav Krejci,DF,1,0,301
373,41,Fabian Ruiz,MF,1,0,301
1138,40,Teboho Mokoena,MF,1,0,301
337,48,Eldor Shomurodov,FW,1,0,304
525,20,Jamal Musiala,MF,1,0,305
391,31,Finn Surman,DF,1,0,306
207,21,Caleb Yirenkyi,MF,1,0,307
653,6,Kerim Alajbegovic,FW,1,0,312
133,45,Arda Guler,FW,1,0,313
1108,8,Sidny Lopes Cabral,DF,1,0,324
779,13,Martin Baturina,MF,1,0,344
249,3,Connor Metcalfe,MF,1,0,354
129,32,Antonio Nusa,FW,1,0,357
707,20,Leroy Sane,MF,1,0,360
1004,1,Rafik Belghali,DF,1,0,362
401,12,Franck Kessie,MF,1,0,389
658,8,Kevin Pina,MF,1,0,389
556,10,Jhon Arias,MF,1,0,405
435,16,Gonzalo Plata,FW,1,0,407
760,4,Marcel Sabitzer,MF,1,0,412
656,5,Kevin De Bruyne,MF,1,0,412
220,7,Casemiro,MF,1,0,425
533,30,Jan Paul Van Hecke,DF,1,0,432
1122,9,Stephen Eustaquio,MF,1,0,444
941,35,Nuno Mendes,DF,1,0,447
565,35,Joao Neves,MF,1,0,450
1214,17,Yasser Ibrahim,DF,1,0,533
510,29,Issa Diop,DF,1,0,534
689,41,Lamine Yamal,FW,1,0,557
622,2,Julian Alvarez,FW,1,0,576
253,2,Cristian Romero,DF,1,0,612
437,43,Granit Xhaka,MF,1,0,673
826,19,Michael Olise,FW,0,5,617
204,7,Bruno Guimaraes,MF,0,4,458
190,29,Brahim Diaz,FW,0,4,500
782,32,Martin Odegaard,MF,0,4,537
205,18,Bukayo Saka,FW,0,3,308
396,20,Florian Wirtz,MF,0,3,405
1034,28,Roberto Alvarado,FW,0,3,476
478,1,Houssem Aouar,MF,0,2,191
458,44,Hannibal Mejbri,MF,0,2,298
241,31,Chris Wood,FW,0,2,306
1059,30,Ryan Gravenberch,MF,0,2,374
606,20,Joshua Kimmich,DF,0,2,392
920,5,Nicolas Raskin,MF,0,2,396
296,30,Denzel Dumfries,DF,0,2,432
265,41,Dani Olmo,FW,0,2,456
977,32,Patrick Berg,MF,0,2,519
757,41,Marc Cucurella,DF,0,2,717
601,2,Jose Manuel Lopez,FW,0,1,28
295,6,Dennis Hadzikadunic,DF,0,1,33
1170,40,Tshepang Moremi,FW,0,1,44
1212,8,Yannick Semedo,MF,0,1,46
891,20,Nadiem Amiri,MF,0,1,50
674,25,Koki Ogawa,FW,0,1,56
822,11,Meschack Elia,FW,0,1,59
257,10,Cucho Hernandez,FW,0,1,66
7,39,Abdoulaye Seck,DF,0,1,66
817,30,Memphis Depay,FW,0,1,68
194,21,Brandon Thomas Asante,FW,0,1,70
1133,25,Takefusa Kubo,MF,0,1,77
364,21,Ernest Nuamah,FW,0,1,109
678,25,Kou Itakura,DF,0,1,138
452,17,Haissem Hassan,FW,0,1,138
659,16,Kevin Rodriguez,FW,0,1,146
618,10,Juan Quintero,MF,0,1,146
66,15,Alexandr Sojka,MF,0,1,155
956,45,Orkun Kokcu,MF,0,1,172
434,2,Gonzalo Montiel,DF,0,1,180
541,22,Jean Kevin Duverne,DF,0,1,186
1197,12,Wilfried Singo,DF,0,1,190
640,17,Karim Hafez,DF,0,1,198
512,6,Ivan Basic,MF,0,1,200
825,4,Michael Gregoritsch,FW,0,1,207
722,42,Lucas Bergvall,MF,0,1,207
1153,30,Tijjani Reijnders,MF,0,1,211
983,3,Paul Okon Engstler,MF,0,1,214
764,41,Marcos Llorente,DF,0,1,217
235,29,Chemsdine Talbi,MF,0,1,217
1151,5,Thomas Meunier,DF,0,1,226
329,36,Edmilson Junior,FW,0,1,228
1154,31,Tim Payne,DF,0,1,241
41,48,Akmal Mozgovoy,MF,0,1,243
244,46,Christian Pulisic,FW,0,1,253
727,7,Lucas Paqueta,MF,0,1,255
1206,4,Xaver Schlager,MF,0,1,265
917,39,Nicolas Jackson,FW,0,1,271
388,41,Ferran Torres,FW,0,1,274
911,2,Nico Gonzalez,MF,0,1,275
101,23,Amir Alammari,MF,0,1,279
375,2,Facundo Medina,DF,0,1,283
688,39,Lamine Camara,MF,0,1,287
334,26,Ehsan Haddad,DF,0,1,287
789,13,Mateo Kovacic,MF,0,1,293
1032,25,Ritsu Doan,MF,0,1,295
701,27,Lee Kangin,MF,0,1,300
1189,15,Vladimir Coufal,DF,0,1,301
274,4,David Alaba,DF,0,1,302
489,12,Ibrahim Sangare,MF,0,1,305
873,18,Morgan Rogers,MF,0,1,308
937,26,Noor Alrawabdeh,MF,0,1,309
1015,7,Rayan,FW,0,1,327
139,11,Arthur Masuaku,DF,0,1,340
563,35,Joao Cancelo,DF,0,1,342
734,13,Luka Modric,MF,0,1,360
1209,12,Yan Diomande,FW,0,1,361
732,10,Luis Suarez,FW,0,1,365
1060,8,Ryan Mendes,FW,0,1,366
1091,6,Sead Kolasinac,DF,0,1,373
989,35,Pedro Neto,FW,0,1,381
593,28,Jorge Sanchez,DF,0,1,388
230,29,Chadi Riad,DF,0,1,390
360,28,Erik Lira,MF,0,1,391
148,19,Aurelien Tchouameni,MF,0,1,407
991,16,Pedro Vite,MF,0,1,407
231,11,Chancel Mbemba,DF,0,1,409
676,4,Konrad Laimer,MF,0,1,412
607,13,Josip Stanisic,DF,0,1,413
1063,39,Sadio Mane,FW,0,1,421
882,39,Moussa Niakhate,DF,0,1,459
1042,2,Rodrigo De Paul,MF,0,1,466
203,35,Bruno Fernandes,MF,0,1,471
277,32,David Moller Wolfe,DF,0,1,477
756,17,Marawan Attia,MF,0,1,495
286,18,Declan Rice,MF,0,1,519
448,10,Gustavo Puerta,DF,0,1,520
409,7,Gabriel Magalhaes,DF,0,1,520
1156,5,Timothy Castagne,DF,0,1,546
849,17,Mohamed Hany,DF,0,1,546
24,19,Adrien Rabiot,MF,0,1,555
1028,43,Ricardo Rodriguez,DF,0,1,567
342,18,Elliot Anderson,MF,0,1,693
157,41,Aymeric Laporte,DF,0,1,713
2,11,Aaron Tshibola,MF,0,0,0
19,1,Achref Abada,DF,0,0,0
273,4,David Affengruber,DF,0,0,0
36,37,Aiman Yahya,FW,0,0,0
843,17,Mohamed Alaa,GK,0,0,0
1074,45,Samet Akaydin,DF,0,0,0
901,37,Nawaf Alaqidi,GK,0,0,0
5,26,Abdallah Alfakhori,GK,0,0,0
1241,37,Ziyad Aljohani,MF,0,0,0
28,37,Ahmed Alkassar,GK,0,0,0
1068,37,Saleh Alshehri,FW,0,0,0
889,17,Nabil Donga,MF,0,0,0
147,43,Aurele Amenda,DF,0,0,0
604,21,Joseph Anang,GK,0,0,0
1047,47,Ronald Araujo,DF,0,0,0
550,16,Jeremy Arevalo,FW,0,0,0
21,44,Adam Arous,DF,0,0,0
662,44,Khalil Ayari,MF,0,0,0
245,21,Christopher Bonsu Baah,FW,0,0,0
106,26,Anas Badawi,DF,0,0,0
169,27,Bae Junho,MF,0,0,0
938,26,Nour Baniateyah,GK,0,0,0
677,31,Kosta Barbarouses,FW,0,0,0
823,36,Meshaal Barsham,GK,0,0,0
320,11,Dylan Batubinsika,DF,0,0,0
948,20,Oliver Baumann,GK,0,0,0
92,45,Altay Bayindir,GK,0,0,0
686,31,Lachlan Bayliss,MF,0,0,0
1226,29,Youssef Belammari,DF,0,0,0
1062,44,Sabri Ben Hessen,GK,0,0,0
432,35,Goncalo Inacio,DF,0,0,0
146,21,Augustine Boakye,MF,0,0,0
1176,14,Tyrick Bodak,GK,0,0,0
239,46,Chris Brady,GK,0,0,0
761,8,Marcio Rosa,GK,0,0,0
1083,47,Santiago Bueno,DF,0,0,0
319,13,Duje Caleta Car,DF,0,0,0
591,10,Jorge Carrascal,MF,0,0,0
20,33,Adalberto Carrasquilla,MF,0,0,0
289,16,Denil Castillo,MF,0,0,0
1112,40,Sipho Chaine,GK,0,0,0
1167,18,Trevoh Chalobah,DF,0,0,0
1049,24,Roozbeh Cheshmi,MF,0,0,0
1002,44,Raed Chikhaoui,DF,0,0,0
238,27,Cho Wije,DF,0,0,0
716,8,Logan Costa,DF,0,0,0
189,40,Bradley Cross,DF,0,0,0
1056,35,Rui Silva,GK,0,0,0
294,24,Dennis Dargahi,FW,0,0,0
426,47,Giorgian De Arrascaeta,MF,0,0,0
675,5,Koni De Winter,DF,0,0,0
1237,5,Zeno Debast,DF,0,0,0
839,3,Milos Degenek,DF,0,0,0
211,3,Cameron Devlin,MF,0,0,0
1220,39,Yehvann Diouf,GK,0,0,0
1199,10,Willer Ditta,DF,0,0,0
1168,14,Trevor Doornbusch,GK,0,0,0
1126,8,Stopira,DF,0,0,0
611,22,Josue Duverger,GK,0,0,0
473,42,Hjalmar Ekdal,DF,0,0,0
1136,17,Tarek Alaa,DF,0,0,0
1018,44,Rayan Elloumi,FW,0,0,0
802,11,Matthieu Epolo,GK,0,0,0
186,48,Botirali Ergashev,GK,0,0,0
780,13,Martin Erlic,DF,0,0,0
1178,48,Umar Eshmurodov,DF,0,0,0
327,33,Edgardo Farina,DF,0,0,0
1157,11,Timothy Fayulu,GK,0,0,0
657,14,Kevin Felida,MF,0,0,0
415,34,Gatito Fernandez,GK,0,0,0
771,30,Mark Flekken,GK,0,0,0
1174,38,Tyler Fletcher,MF,0,0,0
1165,13,Toni Fruk,MF,0,0,0
431,35,Goncalo Guedes,FW,0,0,0
358,41,Eric Garcia,DF,0,0,0
562,41,Joan Garcia,GK,0,0,0
740,30,Lutsharel Geertruida,DF,0,0,0
602,47,Jose Maria Gimenez,DF,0,0,0
967,9,Owen Goodman,GK,0,0,0
250,38,Craig Gordon,GK,0,0,0
1026,40,Ricardo Goss,GK,0,0,0
55,41,Alex Grimaldo,DF,0,0,0
972,12,Parfait Guiagon,MF,0,0,0
820,45,Mert Gunok,GK,0,0,0
1005,26,Rajaei Ayed,MF,0,0,0
1066,36,Salah Zakaria,GK,0,0,0
285,18,Dean Henderson,GK,0,0,0
724,19,Lucas Hernandez,DF,0,0,0
418,38,George Hirst,FW,0,0,0
738,15,Lukas Hornicek,GK,0,0,0
476,24,Hossein Hosseini,GK,0,0,0
311,38,Dominic Hyam,DF,0,0,0
744,17,Mahdy Soliman,GK,0,0,0
266,24,Danial Iri,DF,0,0,0
982,3,Paul Izzo,GK,0,0,0
681,13,Kristijan Jakic,DF,0,0,0
1131,36,Tahsin Mohammed,FW,0,0,0
561,27,Jo Hyeonwoo,GK,0,0,0
1185,42,Viktor Johansson,GK,0,0,0
469,42,Herman Johansson,DF,0,0,0
72,9,Alfie Jones,DF,0,0,0
276,15,David Jurasek,DF,0,0,0
841,6,Mladen Jurkas,GK,0,0,0
1079,40,Samukele Kabini,DF,0,0,0
411,11,Gael Kakuta,FW,0,0,0
908,19,Ngolo Kante,MF,0,0,0
785,43,Marvin Keller,GK,0,0,0
709,38,Liam Kelly,GK,0,0,0
671,27,Kim Taehyeon,DF,0,0,0
851,12,Mohamed Kone,GK,0,0,0
312,13,Dominik Kotarski,GK,0,0,0
532,15,Jan Kuchta,FW,0,0,0
773,22,Markhus Lacroix,DF,0,0,0
697,27,Lee Donggyeong,MF,0,0,0
288,4,Dejan Ljubicic,MF,0,0,0
465,37,Hassan Kadish,DF,0,0,0
672,18,Kobbie Mainoo,MF,0,0,0
81,37,Ali Majrashi,DF,0,0,0
950,40,Olwethu Makhanya,DF,0,0,0
603,35,Jose Sa,GK,0,0,0
135,14,Arjany Martha,MF,0,0,0
349,47,Emiliano Martinez,MF,0,0,0
816,1,Melvin Mastil,GK,0,0,0
1142,40,Thabang Matuludi,DF,0,0,0
730,33,Luis Mejia,GK,0,0,0
1085,47,Santiago Mele,GK,0,0,0
126,39,Antoine Mendy,DF,0,0,0
413,22,Garven Metusala,DF,0,0,0
1038,33,Roderick Miller,DF,0,0,0
94,10,Alvaro Montero,GK,0,0,0
926,13,Nikola Moro,MF,0,0,0
923,6,Nihad Mujakic,DF,0,0,0
1183,41,Victor Munoz,FW,0,0,0
864,36,Mohammed Muntari,FW,0,0,0
665,40,Khulumani Ndamane,DF,0,0,0
236,39,Cherif Ndiaye,FW,0,0,0
366,12,Evan Ndicka,DF,0,0,0
883,44,Moutaz Neffati,DF,0,0,0
986,24,Payam Niazmand,GK,0,0,0
62,20,Alexander Nuebel,GK,0,0,0
414,34,Gaston Olveira,GK,0,0,0
643,25,Keisuke Osako,GK,0,0,0
278,10,David Ospina,GK,0,0,0
142,20,Assan Ouedraogo,MF,0,0,0
516,13,Ivor Pandur,GK,0,0,0
1198,22,Wilguens Paugain,DF,0,0,0
56,31,Alex Paulsen,GK,0,0,0
376,47,Facundo Pellistri,FW,0,0,0
978,4,Patrick Pentz,GK,0,0,0
705,7,Leo Pereira,DF,0,0,0
67,22,Alexandre Pierre,GK,0,0,0
1204,22,Woodensky Pierre,MF,0,0,0
893,31,Nando Pijnaker,DF,0,0,0
567,47,Joaquin Piquerez,MF,0,0,0
617,10,Juan Portilla,MF,0,0,0
377,23,Fahad Talib,GK,0,0,0
870,16,Moises Ramirez,GK,0,0,0
280,41,David Raya,GK,0,0,0
105,24,Amirmohammad Razaghinia,MF,0,0,0
1037,30,Robin Roefs,GK,0,0,0
717,31,Logan Rogerson,FW,0,0,0
252,46,Cristian Roldan,MF,0,0,0
57,31,Alex Rufer,MF,0,0,0
419,2,Geronimo Rulli,GK,0,0,0
488,26,Ibrahim Sadeh,MF,0,0,0
214,22,Carl Sainte,MF,0,0,0
202,19,Brice Samba,GK,0,0,0
228,33,Cesar Samudio,GK,0,0,0
324,7,Ederson,GK,0,0,0
751,39,Mamadou Sarr,DF,0,0,0
51,4,Alessandro Schoepf,MF,0,0,0
196,7,Bremer,DF,0,0,0
359,42,Eric Smith,DF,0,0,0
479,15,Hugo Sochurek,MF,0,0,0
1116,27,Song Bumkeun,GK,0,0,0
577,38,John Souttar,DF,0,0,0
645,8,Kelvin Pires,DF,0,0,0
283,9,Dayne St Clair,GK,0,0,0
559,15,Jindrich Stanek,GK,0,0,0
10,21,Abdul Mumin,DF,0,0,0
827,4,Michael Svoboda,DF,0,0,0
34,29,Ahmed Reda Tagnaouti,GK,0,0,0
856,26,Mohammad Abughoush,MF,0,0,0
1081,32,Sander Tangvik,GK,0,0,0
641,22,Keeto Thermoncy,DF,0,0,0
547,37,Jehad Thikri,DF,0,0,0
1217,1,Yassine Titraoui,MF,0,0,0
845,1,Mohamed Amine Tougai,DF,0,0,0
527,18,James Trafford,GK,0,0,0
150,48,Avazbek Ulmasaliyev,DF,0,0,0
125,16,Anthony Valencia,MF,0,0,0
436,16,Gonzalo Valle,GK,0,0,0
178,31,Ben Waine,FW,0,0,0
572,9,Joel Waterman,DF,0,0,0
799,30,Mats Wieffer,DF,0,0,0
395,4,Florian Wiegele,GK,0,0,0
828,31,Michael Woud,GK,0,0,0
229,33,Cesar Yanis,MF,0,0,0
1043,47,Rodrigo Zalazar,MF,0,0,0
783,6,Martin Zlomislic,GK,0,0,0
784,41,Martin Zubimendi,MF,0,0,0
371,34,Fabian Balbuena,DF,0,0,0
168,21,Baba Rahman,DF,0,0,1
185,41,Borja Iglesias,FW,0,0,1
768,19,Marcus Thuram,FW,0,0,2
793,3,Mathew Ryan,GK,0,0,2
805,46,Max Arfsten,DF,0,0,2
1222,10,Yerry Mina,DF,0,0,2
379,1,Fares Ghedjemis,FW,0,0,2
1102,48,Sherzod Esanov,MF,0,0,3
759,41,Marc Pubill,DF,0,0,3
791,35,Matheus Nunes,MF,0,0,4
453,46,Haji Wright,FW,0,0,4
445,42,Gustaf Nilsson,FW,0,0,5
515,18,Ivan Toney,FW,0,0,6
192,14,Brandley Kuwas,FW,0,0,6
1106,14,Shurandy Sambo,DF,0,0,6
484,17,Ibrahim Adel,FW,0,0,7
499,45,Irfan Can Kahveci,FW,0,0,7
1051,38,Ross Stewart,FW,0,0,7
112,10,Andres Gomez,FW,0,0,7
1040,47,Rodrigo Aguirre,FW,0,0,8
661,37,Khalid Alghannam,FW,0,0,8
47,33,Alberto Quintero,MF,0,0,8
743,19,Maghnes Akliouche,MF,0,0,10
215,42,Carl Starfelt,DF,0,0,10
417,11,Gedeon Kalulu,DF,0,0,10
778,30,Marten De Roon,MF,0,0,11
118,33,Anibal Godoy,MF,0,0,11
642,25,Keisuke Goto,FW,0,0,11
949,18,Ollie Watkins,FW,0,0,12
858,26,Mohammad Abuzraiq,FW,0,0,12
430,14,Godfried Roemeratoe,MF,0,0,12
587,18,Jordan Henderson,MF,0,0,12
243,43,Christian Fassnacht,FW,0,0,12
548,32,Jens Petter Hauge,MF,0,0,12
102,6,Amir Hadziahmetovic,MF,0,0,12
871,15,Mojmir Chytil,FW,0,0,12
540,9,Jayden Nelson,FW,0,0,12
226,28,Cesar Huerta,FW,0,0,12
651,25,Kento Shiogai,FW,0,0,12
384,16,Felix Torres,DF,0,0,12
726,36,Lucas Mendes,DF,0,0,13
857,26,Mohammad Abuhasheesh,DF,0,0,13
638,40,Kamogelo Sebelebele,FW,0,0,13
1215,22,Yassin Fortune,FW,0,0,13
299,22,Derrick Etienne,FW,0,0,14
357,33,Eric Davis,DF,0,0,14
58,7,Alex Sandro,DF,0,0,15
206,45,Caglar Soyuncu,DF,0,0,15
859,26,Mohammad Aldaoud,MF,0,0,15
842,17,Mohamed Abdelmoneim,DF,0,0,15
143,39,Assane Diao,FW,0,0,16
170,39,Bamba Dieng,FW,0,0,16
531,48,Jamshid Iskanderov,MF,0,0,16
933,30,Noa Lang,FW,0,0,17
1227,25,Yuito Suzuki,MF,0,0,17
583,9,Jonathan Osorio,MF,0,0,17
208,31,Callan Elliot,DF,0,0,18
48,34,Alejandro Romero Gamarra,FW,0,0,18
442,28,Guillermo Ochoa,GK,0,0,18
71,28,Alexis Vega,FW,0,0,18
1146,40,Themba Zwane,MF,0,0,19
542,12,Jean Michael Seri,MF,0,0,19
281,15,David Zima,DF,0,0,19
99,26,Amer Jamous,MF,0,0,19
1008,34,Ramon Sosa,MF,0,0,19
1175,14,Tyrese Noslin,FW,0,0,19
490,19,Ibrahima Konate,DF,0,0,19
865,23,Mohanad Ali,FW,0,0,20
1050,14,Roshon Van Eijma,DF,0,0,20
649,14,Kenji Gorre,FW,0,0,20
648,16,Kendry Paez,MF,0,0,20
390,38,Findlay Curtis,FW,0,0,21
136,28,Armando Gonzalez,FW,0,0,21
91,9,Alphonso Davies,DF,0,0,22
1064,26,Saed Alrosan,DF,0,0,22
59,46,Alex Zendejas,FW,0,0,22
1234,29,Zakaria El Ouahdi,DF,0,0,22
1110,12,Simon Adingra,FW,0,0,22
646,42,Ken Sema,MF,0,0,22
1107,25,Shuto Machino,FW,0,0,23
735,13,Luka Sucic,MF,0,0,23
124,38,Anthony Ralston,DF,0,0,23
165,48,Azizbek Amonov,FW,0,0,23
974,20,Pascal Gross,MF,0,0,24
1181,2,Valentin Barco,MF,0,0,24
37,23,Aimar Sher,MF,0,0,24
887,23,Mustafa Saadoon,DF,0,0,24
90,36,Almoez Ali,FW,0,0,24
1211,27,Yang Hyunjun,MF,0,0,25
460,6,Haris Tabakovic,FW,0,0,25
934,43,Noah Okafor,FW,0,0,25
1075,1,Samir Chergui,DF,0,0,25
1194,19,Warren Zaire Emery,MF,0,0,25
1077,35,Samu Costa,DF,0,0,26
1096,5,Senne Lammens,GK,0,0,26
104,24,Amirhossein Hosseinzadeh,FW,0,0,26
322,6,Dzenis Burnic,MF,0,0,27
367,12,Evann Guessand,FW,0,0,27
874,44,Mortadha Ben Ouanes,DF,0,0,27
654,10,Kevin Castano,MF,0,0,28
23,1,Adil Boulbina,FW,0,0,28
191,34,Braian Ojeda,MF,0,0,28
1115,32,Sondre Langas,DF,0,0,29
660,23,Kevin Yakob,MF,0,0,29
815,24,Mehdi Torabi,MF,0,0,29
762,4,Marco Friedl,DF,0,0,30
151,3,Awer Mabil,FW,0,0,31
728,28,Luis Chavez,MF,0,0,31
846,1,Mohamed Amoura,FW,0,0,31
318,22,Duckens Nazon,FW,0,0,31
398,31,Francis De Vries,DF,0,0,32
400,35,Francisco Trincao,FW,0,0,32
631,30,Justin Kluivert,MF,0,0,32
1225,23,Youssef Amyn,MF,0,0,32
811,20,Maximilian Beier,FW,0,0,33
1140,3,Tete Yengi,FW,0,0,33
160,29,Ayoube Amaimouni,FW,0,0,33
1073,6,Samed Bazdar,FW,0,0,35
450,30,Guus Til,MF,0,0,36
171,39,Bara Sapoko Ndiaye,MF,0,0,36
519,16,Jackson Porozo,DF,0,0,36
568,5,Joaquin Seys,DF,0,0,36
528,20,Jamie Leweling,MF,0,0,37
543,19,Jean Philippe Mateta,FW,0,0,38
325,7,Ederson Silva,MF,0,0,38
1239,1,Zineddine Belaid,DF,0,0,38
84,23,Ali Yousif,FW,0,0,38
733,7,Luiz Henrique,FW,0,0,38
32,23,Ahmed Maknazi,DF,0,0,38
355,43,Eray Coemert,DF,0,0,39
979,4,Patrick Wimmer,FW,0,0,39
590,16,Jordy Caicedo,FW,0,0,40
963,12,Oumar Diakite,FW,0,0,40
27,36,Ahmed Alganehi,MF,0,0,41
73,36,Alhashmi Alhussein,DF,0,0,41
63,4,Alexander Prass,MF,0,0,41
237,27,Cho Guesung,FW,0,0,41
1019,23,Rebin Sulaka,DF,0,0,41
77,24,Ali Alipour,FW,0,0,42
153,5,Axel Witsel,MF,0,0,42
596,30,Jorrel Hato,DF,0,0,43
1160,15,Tomas Chory,FW,0,0,43
1067,26,Saleem Obaid,DF,0,0,43
43,37,Ala Alhajji,MF,0,0,43
973,27,Park Jinseob,DF,0,0,44
909,20,Nick Woltemade,FW,0,0,44
420,14,Gervane Kastaneer,FW,0,0,45
233,11,Charles Pickel,MF,0,0,45
954,28,Orbelin Pineda,MF,0,0,45
1129,42,Taha Ali,FW,0,0,46
493,48,Igor Sergeev,FW,0,0,46
1147,11,Theo Bongonda,MF,0,0,47
750,19,Malo Gusto,DF,0,0,48
1044,7,Roger Ibanez,DF,0,0,49
321,44,Dylan Bronn,DF,0,0,49
1111,11,Simon Banza,FW,0,0,49
742,38,Lyndon Dykes,FW,0,0,49
798,47,Matias Vina,DF,0,0,49
589,16,Jordy Alcivar,MF,0,0,49
875,32,Morten Thorsby,MF,0,0,50
1117,14,Sontje Hansen,FW,0,0,50
404,32,Fredrik Andre Bjorkan,DF,0,0,50
748,20,Malick Thiaw,DF,0,0,50
813,24,Mehdi Ghayedi,FW,0,0,50
292,45,Deniz Gul,FW,0,0,50
545,14,Jearl Margaritha,FW,0,0,50
221,27,Castrop Jens,DF,0,0,51
11,36,Abdulaziz Hatem,MF,0,0,51
141,24,Arya Yousefi,DF,0,0,51
1099,47,Sergio Rochet,GK,0,0,51
116,20,Angelo Stiller,MF,0,0,52
502,33,Ismael Diaz,MF,0,0,52
848,44,Mohamed Hadj Mahmoud,MF,0,0,52
1162,33,Tomas Rodriguez,FW,0,0,53
354,27,Eom Jisung,MF,0,0,53
1208,16,Yaimar Medina,DF,0,0,53
501,34,Isidro Pitta,FW,0,0,55
213,45,Can Uzun,FW,0,0,55
26,36,Ahmed Alaaeldin,FW,0,0,55
380,48,Farrukh Sayfiev,DF,0,0,55
796,5,Matias Fernandez Pardo,FW,0,0,57
628,25,Junnosuke Suzuki,DF,0,0,58
1205,30,Wout Weghorst,FW,0,0,58
1190,15,Vladimir Darida,MF,0,0,58
87,24,Alireza Jahanbakhsh,MF,0,0,58
338,44,Elias Achouri,FW,0,0,58
263,18,Dan Burn,DF,0,0,59
290,15,Denis Visinsky,FW,0,0,59
45,16,Alan Minda,MF,0,0,59
741,40,Lyle Foster,FW,0,0,59
673,21,Kojo Peprah Oppong,DF,0,0,61
795,9,Mathieu Choiniere,MF,0,0,61
201,47,Brian Rodriguez,FW,0,0,61
224,43,Cedric Itten,FW,0,0,62
999,21,Prince Adu,FW,0,0,62
775,23,Marko Farji,FW,0,0,62
667,27,Kim Jingyu,MF,0,0,64
52,34,Alex Arce,FW,0,0,64
494,7,Igor Thiago,FW,0,0,65
392,44,Firas Chaouat,FW,0,0,66
1193,20,Waldemar Anton,DF,0,0,66
792,3,Mathew Leckie,FW,0,0,67
314,22,Dominique Simon,MF,0,0,68
1001,30,Quinten Timber,MF,0,0,68
183,42,Besfort Zeneli,MF,0,0,69
68,34,Alexandro Maidana,DF,0,0,69
595,11,Joris Kayembe,DF,0,0,69
1139,8,Telmo Arcanjo,MF,0,0,69
1128,37,Sultan Mandash,FW,0,0,71
468,32,Henrik Falchener,DF,0,0,71
736,13,Luka Vuskovic,DF,0,0,71
270,7,Danilo Santos,MF,0,0,73
475,17,Hossam Abdelmaguid,DF,0,0,73
669,27,Kim Moonhwan,DF,0,0,74
159,29,Ayoub El Kaabi,FW,0,0,74
855,26,Mohammad Abualnadi,DF,0,0,75
680,32,Kristian Thorstvedt,MF,0,0,75
537,3,Jason Geria,DF,0,0,75
960,48,Oston Urunov,MF,0,0,75
1053,35,Ruben Neves,MF,0,0,76
163,33,Azarias Londono,FW,0,0,76
304,5,Diego Moreira,MF,0,0,76
78,26,Ali Azaizeh,FW,0,0,78
307,35,Diogo Dalot,DF,0,0,78
1,38,Aaron Hickey,DF,0,0,79
554,31,Jesse Randall,FW,0,0,79
634,3,Kai Trewin,DF,0,0,81
913,2,Nico Paz,FW,0,0,81
109,13,Andrej Kramaric,FW,0,0,81
197,46,Brenden Aaronson,FW,0,0,82
456,17,Hamza Abdelkarim,FW,0,0,83
1221,41,Yeremy Pino,FW,0,0,83
1242,17,Zizo,FW,0,0,84
549,14,Jeremy Antonisse,FW,0,0,85
416,41,Gavi,MF,0,0,85
222,33,Cecilio Waterman,FW,0,0,85
942,28,Obed Vargas,MF,0,0,85
134,43,Ardon Jashari,MF,0,0,87
441,28,Guillermo Martinez,FW,0,0,87
930,3,Nishan Velupillay,FW,0,0,88
15,37,Abdullah Alhamddan,FW,0,0,88
884,23,Munaf Younus,DF,0,0,89
720,43,Luca Jaquez,DF,0,0,89
1082,10,Santiago Arias,DF,0,0,89
1158,46,Timothy Weah,FW,0,0,90
412,8,Garry Rodrigues,MF,0,0,90
592,33,Jorge Gutierrez,DF,0,0,90
39,3,Ajdin Hrustic,FW,0,0,90
944,48,Odiljon Xamrobekov,MF,0,0,90
852,36,Mohamed Manai,FW,0,0,91
85,21,Alidu Seidu,DF,0,0,92
425,8,Gilson Benchimol,FW,0,0,93
174,12,Bazoumana Toure,FW,0,0,94
971,39,Pape Matar Sarr,MF,0,0,94
131,34,Antonio Sanabria,FW,0,0,95
374,7,Fabinho,MF,0,0,95
138,6,Armin Gigovic,MF,0,0,95
946,45,Oguz Aydin,FW,0,0,97
161,25,Ayumu Seko,DF,0,0,97
915,41,Nico Williams,FW,0,0,98
1094,44,Sebastian Tounekti,MF,0,0,98
389,33,Fidel Escobar,DF,0,0,98
287,10,Deiver Machado,DF,0,0,99
1192,8,Wagner Pina,DF,0,0,99
1121,15,Stepan Chaloupek,DF,0,0,99
1171,25,Tsuyoshi Watanabe,DF,0,0,99
275,15,David Doudera,DF,0,0,100
369,2,Exequiel Palacios,MF,0,0,100
765,2,Marcos Senesi,DF,0,0,100
333,32,Egil Selvik,GK,0,0,100
965,12,Ousmane Diomande,DF,0,0,100
246,12,Christopher Operi,DF,0,0,100
1031,14,Riechedly Bazoer,DF,0,0,100
1159,35,Tomas Araujo,DF,0,0,100
880,44,Mouhib Chamakh,GK,0,0,100
570,46,Joe Scally,DF,0,0,100
992,16,Pervis Estupinan,DF,0,0,100
966,1,Oussama Benbot,GK,0,0,100
932,40,Nkosinathi Sibisi,DF,0,0,101
1235,43,Zeki Amdouni,FW,0,0,101
394,4,Florian Grillitsch,MF,0,0,102
1089,38,Scott Mckenna,DF,0,0,102
1229,45,Yunus Akgun,FW,0,0,103
1095,12,Seko Fofana,MF,0,0,103
1061,31,Ryan Thomas,MF,0,0,103
335,24,Ehsan Hajisafi,DF,0,0,104
860,24,Mohammad Ghorbani,MF,0,0,104
902,37,Nawaf Bu Washl,DF,0,0,104
968,45,Ozan Kabak,DF,0,0,104
772,46,Mark Mckenzie,DF,0,0,104
838,46,Miles Robinson,DF,0,0,104
801,46,Matt Turner,GK,0,0,104
402,23,Frans Putros,DF,0,0,105
1180,48,Utkir Yusupov,GK,0,0,105
1230,36,Yusuf Abdurisag,FW,0,0,105
1069,24,Saleh Hardani,DF,0,0,107
219,4,Carney Chukwuemeka,MF,0,0,108
1100,24,Shahriyar Moghanloo,FW,0,0,108
557,10,Jhon Cordoba,FW,0,0,108
523,48,Jakhongir Urozov,DF,0,0,112
177,31,Ben Old,MF,0,0,112
639,36,Karim Boudiaf,MF,0,0,114
1058,38,Ryan Christie,MF,0,0,114
268,42,Daniel Svensson,DF,0,0,114
119,1,Anis Hadj Moussa,FW,0,0,114
763,13,Marco Pasalic,FW,0,0,114
840,43,Miro Muheim,DF,0,0,115
666,38,Kieran Tierney,DF,0,0,115
916,47,Nicolas De La Cruz,MF,0,0,115
446,34,Gustavo Caballero,MF,0,0,117
594,32,Jorgen Strand Larsen,FW,0,0,117
1084,28,Santiago Gimenez,FW,0,0,117
1017,19,Rayan Cherki,MF,0,0,119
1173,31,Tyler Bindon,DF,0,0,120
702,27,Lee Taeseok,DF,0,0,120
1071,45,Salih Ozcan,MF,0,0,120
316,48,Dostonbek Khamdamov,MF,0,0,120
566,8,Joao Paulo,MF,0,0,121
1076,29,Samir El Mourabet,MF,0,0,121
535,18,Jarell Quansah,DF,0,0,121
706,20,Leon Goretzka,MF,0,0,122
482,27,Hwang Heechan,MF,0,0,123
279,20,David Raum,DF,0,0,123
339,44,Elias Saad,FW,0,0,124
534,1,Jaouen Hadjam,DF,0,0,125
700,27,Lee Jaesung,MF,0,0,125
492,13,Igor Matanovic,FW,0,0,125
521,9,Jacob Shaffelburg,MF,0,0,126
1007,1,Ramiz Zerrouki,MF,0,0,126
1232,23,Zaid Ismael,MF,0,0,126
96,5,Amadou Onana,MF,0,0,127
346,12,Elye Wahi,FW,0,0,127
718,22,Louicius Deedson,FW,0,0,129
539,40,Jayden Adams,MF,0,0,130
821,45,Mert Muldur,DF,0,0,132
182,35,Bernardo Silva,MF,0,0,133
356,45,Eren Elmali,DF,0,0,134
474,36,Homam Ahmed,DF,0,0,134
703,22,Lenny Joseph,FW,0,0,134
33,23,Ahmed Qasem,FW,0,0,135
637,21,Kamaldeen Sulemana,FW,0,0,136
115,16,Angelo Preciado,DF,0,0,137
739,15,Lukas Provod,MF,0,0,137
497,21,Inaki Williams,FW,0,0,140
144,36,Assim Madibo,MF,0,0,140
166,48,Azizjon Ganiev,MF,0,0,140
503,44,Ismael Gharbi,MF,0,0,142
536,15,Jaroslav Zeleny,DF,0,0,142
471,1,Hicham Boudaoui,MF,0,0,143
1012,7,Raphinha,FW,0,0,143
652,45,Kerem Akturkoglu,FW,0,0,143
650,38,Kenny Mclean,MF,0,0,144
79,23,Ali Jasim,FW,0,0,144
1141,30,Teun Koopmeiners,MF,0,0,145
351,7,Endrick,FW,0,0,146
553,42,Jesper Karlstrom,MF,0,0,147
924,9,Niko Sigur,DF,0,0,147
612,8,Jovane Cabral,MF,0,0,148
29,23,Ahmed Basil,GK,0,0,149
180,42,Benjamin Nygren,MF,0,0,149
429,2,Giuliano Simeone,FW,0,0,150
210,3,Cameron Burgess,DF,0,0,152
1163,15,Tomas Soucek,MF,0,0,152
746,26,Mahmoud Almardi,FW,0,0,152
507,45,Ismail Yuksek,MF,0,0,153
862,37,Mohammed Abu Alshamat,DF,0,0,153
477,24,Hossein Kanani,DF,0,0,154
524,23,Jalal Hassan,GK,0,0,154
692,21,Lawrence Ati Zigi,GK,0,0,155
663,48,Khojiakbar Alijonov,DF,0,0,155
1202,8,Willy Semedo,MF,0,0,156
770,13,Mario Pasalic,MF,0,0,158
234,38,Che Adams,FW,0,0,160
996,4,Phillip Mwene,DF,0,0,160
504,9,Ismael Kone,MF,0,0,160
1011,44,Rani Khedira,MF,0,0,162
9,21,Abdul Fatawu,FW,0,0,163
30,36,Ahmed Fathy,MF,0,0,163
899,11,Nathanael Mbuku,MF,0,0,163
399,35,Francisco Conceicao,FW,0,0,163
943,26,Odeh Fakhoury,FW,0,0,163
904,35,Nelson Semedo,DF,0,0,164
323,18,Eberechi Eze,MF,0,0,164
1233,23,Zaid Tahseen,DF,0,0,165
341,21,Elisha Owusu,MF,0,0,166
538,36,Jassem Gaber,DF,0,0,166
1127,36,Sultan Albrake,DF,0,0,167
886,37,Musab Aljuwayr,MF,0,0,167
403,22,Frantzdy Pierrot,FW,0,0,168
1161,15,Tomas Holes,DF,0,0,169
407,34,Gabriel Avalos,FW,0,0,170
158,36,Ayoub Aloui,DF,0,0,170
216,22,Carlens Arcus,DF,0,0,171
22,15,Adam Hlozek,FW,0,0,172
737,15,Lukas Cerv,MF,0,0,172
331,39,Edouard Mendy,GK,0,0,172
1236,45,Zeki Celik,DF,0,0,173
807,19,Maxence Lacroix,DF,0,0,173
209,31,Callum Mccowatt,MF,0,0,173
481,23,Hussein Ali,DF,0,0,174
1113,29,Sofyan Amrabat,MF,0,0,175
1029,10,Richard Rios,MF,0,0,175
599,33,Jose Fajardo,FW,0,0,176
710,9,Liam Millar,MF,0,0,176
830,43,Michel Aebischer,MF,0,0,176
330,11,Edo Kayembe,MF,0,0,177
609,13,Josko Gvardiol,DF,0,0,177
80,37,Ali Lajami,DF,0,0,177
386,45,Ferdi Kadioglu,DF,0,0,179
254,3,Cristian Volpato,FW,0,0,180
630,14,Jurien Gaari,DF,0,0,180
940,8,Nuno Da Costa,MF,0,0,180
636,39,Kalidou Koulibaly,DF,0,0,181
1228,25,Yukinari Sugawara,DF,0,0,181
498,40,Iqraam Rayners,FW,0,0,182
272,47,Darwin Nunez,FW,0,0,182
854,3,Mohamed Toure,FW,0,0,182
520,3,Jacob Italiano,DF,0,0,183
343,42,Elliot Stroud,DF,0,0,183
693,38,Lawrence Shankland,FW,0,0,183
1114,27,Son Heungmin,FW,0,0,183
1022,40,Relebohile Mofokeng,FW,0,0,184
560,33,Jiovany Ramos,DF,0,0,186
225,33,Cesar Blackman,DF,0,0,187
690,8,Laros Duarte,MF,0,0,187
895,30,Nathan Ake,DF,0,0,189
480,26,Husam Abudahab,DF,0,0,190
605,14,Joshua Brenet,DF,0,0,193
310,5,Dodi Lukebakio,FW,0,0,194
328,6,Edin Dzeko,FW,0,0,196
315,30,Donyell Malen,FW,0,0,197
755,47,Manuel Ugarte,MF,0,0,197
155,44,Aymen Dahmen,GK,0,0,198
597,34,Jose Canale,DF,0,0,198
260,8,Dailon Livramento,FW,0,0,198
980,15,Patrik Schick,FW,0,0,199
522,42,Jacob Widell Zetterstrom,GK,0,0,200
683,42,Kristoffer Nordfeldt,GK,0,0,200
76,23,Ali Alhamadi,FW,0,0,201
1123,11,Steve Kapuadi,DF,0,0,201
336,39,El Hadji Malick Diouf,DF,0,0,202
175,48,Behruzjon Karimov,DF,0,0,203
16,37,Abdullah Alkhaibari,MF,0,0,203
438,38,Grant Hanley,DF,0,0,203
897,38,Nathan Patterson,DF,0,0,204
176,38,Ben Gannon Doak,FW,0,0,204
1103,48,Sherzod Nasrullaev,DF,0,0,206
17,48,Abduvohid Nematov,GK,0,0,206
14,48,Abdulla Abdullaev,DF,0,0,206
995,4,Philipp Lienhart,DF,0,0,207
1134,25,Takehiro Tomiyasu,DF,0,0,208
1020,29,Redouane Halhal,DF,0,0,208
610,22,Josue Casimir,FW,0,0,208
454,45,Hakan Calhanoglu,MF,0,0,208
819,45,Merih Demiral,DF,0,0,208
985,15,Pavel Sulc,FW,0,0,209
1238,23,Zidane Iqbal,MF,0,0,210
223,11,Cedric Bakambu,FW,0,0,210
1109,43,Silvan Widmer,DF,0,0,210
1125,6,Stjepan Radeljic,DF,0,0,211
918,2,Nicolas Otamendi,DF,0,0,211
382,47,Federico Vinas,FW,0,0,211
879,37,Moteb Alharbi,DF,0,0,213
969,27,Paik Seungho,MF,0,0,216
262,34,Damian Bobadilla,MF,0,0,216
564,35,Joao Felix,FW,0,0,218
907,11,Ngalayel Mukau,MF,0,0,220
868,9,Moise Bombito,DF,0,0,221
514,6,Ivan Sunjic,MF,0,0,221
844,44,Mohamed Amine Ben Hmida,DF,0,0,221
132,25,Ao Tanaka,MF,0,0,225
200,28,Brian Gutierrez,MF,0,0,226
1086,31,Sarpreet Singh,MF,0,0,227
1072,24,Saman Ghoddos,MF,0,0,228
894,37,Nasser Aldawsari,MF,0,0,230
975,39,Pathe Ciss,MF,0,0,232
725,3,Lucas Herrington,DF,0,0,232
60,42,Alexander Bernhardsson,DF,0,0,233
837,24,Milad Mohammadi,DF,0,0,235
424,28,Gilberto Mora,MF,0,0,236
824,31,Michael Boxall,DF,0,0,237
1054,22,Ruben Providence,FW,0,0,237
509,28,Israel Reyes,DF,0,0,237
615,47,Juan Manuel Sanabria,MF,0,0,237
711,31,Liberato Cacace,DF,0,0,237
500,42,Isak Hien,DF,0,0,237
464,37,Hassan Altambakti,DF,0,0,237
107,29,Anass Salah Eddine,DF,0,0,240
242,12,Christ Inao Oulai,MF,0,0,240
368,40,Evidence Makgopa,FW,0,0,241
164,3,Aziz Behich,DF,0,0,245
1148,19,Theo Hernandez,DF,0,0,247
1027,46,Ricardo Pepi,FW,0,0,247
624,32,Julian Ryerson,FW,0,0,248
647,45,Kenan Yildiz,FW,0,0,249
620,14,Juergen Locadia,FW,0,0,250
600,33,Jose Luis Rodriguez,MF,0,0,251
1119,40,Sphephelo Sithole,MF,0,0,252
571,16,Joel Ordonez,DF,0,0,253
98,6,Amar Memic,MF,0,0,254
518,3,Jackson Irvine,MF,0,0,255
113,38,Andy Robertson,DF,0,0,255
850,37,Mohamed Kanno,MF,0,0,256
506,39,Ismail Jakobs,DF,0,0,257
581,21,Jonas Adjetey,DF,0,0,257
120,44,Anis Slimane,MF,0,0,257
75,9,Ali Ahmed,FW,0,0,258
114,12,Ange Yoan Bonny,FW,0,0,258
179,21,Benjamin Asare,GK,0,0,259
485,23,Ibrahim Bayesh,MF,0,0,259
302,14,Deveron Fonville,DF,0,0,260
455,17,Hamdy Fathy,MF,0,0,260
387,47,Fernando Muslera,GK,0,0,261
385,37,Feras Albrikan,FW,0,0,262
365,6,Esmir Bajraktarevic,FW,0,0,262
251,33,Cristian Martinez,MF,0,0,264
181,6,Benjamin Tahirovic,MF,0,0,266
1130,14,Tahith Chong,MF,0,0,267
1104,25,Shogo Taniguchi,DF,0,0,267
344,44,Ellyes Skhiri,MF,0,0,267
1149,2,Thiago Almada,FW,0,0,267
962,48,Otabek Shukurov,MF,0,0,268
140,5,Arthur Theate,DF,0,0,268
668,27,Kim Minjae,DF,0,0,268
42,36,Akram Afif,FW,0,0,269
44,16,Alan Franco,MF,0,0,270
984,4,Paul Wanner,MF,0,0,270
326,33,Edgar Yoel Barcenas,MF,0,0,272
381,47,Federico Valverde,MF,0,0,272
1210,44,Yan Valery,DF,0,0,274
1097,27,Seol Youngwoo,DF,0,0,274
569,31,Joe Bell,MF,0,0,275
1070,37,Salem Aldawsari,FW,0,0,276
309,43,Djibril Sow,MF,0,0,276
332,28,Edson Alvarez,DF,0,0,278
959,32,Oscar Bobb,MF,0,0,279
626,14,Juninho Bacuna,MF,0,0,280
684,21,Kwasi Sibo,MF,0,0,282
655,4,Kevin Danso,DF,0,0,284
6,26,Abdallah Nasib,DF,0,0,287
876,39,Mory Diaw,GK,0,0,287
961,40,Oswin Appollis,FW,0,0,287
1057,48,Rustam Ashurmatov,DF,0,0,288
271,22,Danley Jean Jacques,MF,0,0,288
1135,9,Tani Oluwaseyi,FW,0,0,288
831,30,Micky Van De Ven,DF,0,0,291
544,22,Jean Ricner Bellegarde,MF,0,0,292
1137,6,Tarik Muharemovic,DF,0,0,292
74,44,Ali Abdi,DF,0,0,293
814,24,Mehdi Taremi,FW,0,0,293
449,34,Gustavo Velazquez,DF,0,0,293
1143,40,Thalente Mbatha,MF,0,0,293
218,33,Carlos Harvey,DF,0,0,295
867,26,Mohannad Abutaha,MF,0,0,296
935,11,Noah Sadiki,MF,0,0,297
1065,24,Saeid Ezatolahi,MF,0,0,298
872,44,Montassar Talbi,DF,0,0,298
670,27,Kim Seunggyu,GK,0,0,300
699,27,Lee Hanbeom,DF,0,0,300
698,27,Lee Gihyuk,MF,0,0,300
49,20,Aleksandar Pavlovic,MF,0,0,300
13,45,Abdulkerim Bardakci,DF,0,0,300
694,14,Leandro Bacuna,MF,0,0,300
1101,14,Sherel Floranus,DF,0,0,300
137,14,Armando Obispo,DF,0,0,300
345,14,Eloy Room,GK,0,0,300
1088,37,Saud Abdulhamid,DF,0,0,300
130,20,Antonio Ruediger,DF,0,0,300
1035,15,Robin Hranac,DF,0,0,301
787,15,Matej Kovar,GK,0,0,301
31,17,Ahmed Fatouh,DF,0,0,301
721,1,Luca Zidane,GK,0,0,302
776,31,Marko Stamenic,MF,0,0,302
422,12,Ghislain Konan,DF,0,0,303
110,33,Andres Andrade,DF,0,0,303
598,33,Jose Cordoba,DF,0,0,303
958,33,Orlando Mosquera,GK,0,0,303
103,33,Amir Murillo,DF,0,0,303
40,23,Akam Hashim,DF,0,0,303
818,23,Merchas Doski,DF,0,0,303
832,34,Miguel Almiron,MF,0,0,306
863,37,Mohammed Alowais,GK,0,0,306
806,31,Max Crocombe,GK,0,0,306
708,38,Lewis Ferguson,MF,0,0,306
117,38,Angus Gunn,GK,0,0,306
517,38,Jack Hendry,DF,0,0,306
1090,38,Scott Mctominay,MF,0,0,306
1025,22,Ricardo Ade,DF,0,0,306
457,22,Hannes Delcroix,DF,0,0,306
781,22,Martin Experience,DF,0,0,306
580,22,Johny Placide,GK,0,0,306
1152,21,Thomas Partey,MF,0,0,307
350,12,Emmanuel Agbadou,DF,0,0,308
1219,26,Yazeed Abulaila,GK,0,0,309
1218,26,Yazan Alarab,DF,0,0,309
1105,24,Shoja Khalilzadeh,DF,0,0,309
82,24,Ali Nemati,DF,0,0,309
86,24,Alireza Beiranvand,GK,0,0,309
745,36,Mahmoud Abunada,GK,0,0,310
988,36,Pedro Miguel,DF,0,0,310
187,36,Boualem Khoukhi,DF,0,0,310
511,36,Issa Laye,DF,0,0,310
97,6,Amar Dedic,DF,0,0,310
440,12,Guela Doue,DF,0,0,311
769,13,Marin Pongracic,DF,0,0,311
352,16,Enner Valencia,FW,0,0,311
8,48,Abdukodir Khusanov,DF,0,0,311
786,21,Marvin Senaya,DF,0,0,312
1041,47,Rodrigo Bentancur,MF,0,0,313
1093,47,Sebastian Caceres,DF,0,0,313
794,47,Mathias Olivera,DF,0,0,313
443,47,Guillermo Varela,DF,0,0,313
888,1,Nabil Bentaleb,MF,0,0,313
1177,45,Ugurcan Cakir,GK,0,0,313
552,21,Jerome Opoku,DF,0,0,313
530,8,Jamiro Monteiro,MF,0,0,314
936,18,Noni Madueke,FW,0,0,315
1016,1,Rayan Ait Nouri,DF,0,0,315
945,12,Odilon Kossounou,DF,0,0,316
585,21,Jordan Ayew,FW,0,0,323
579,16,John Yeboah,FW,0,0,330
303,34,Diego Gomez,MF,0,0,332
372,43,Fabian Rieder,MF,0,0,332
1098,46,Sergino Dest,DF,0,0,335
526,10,James Rodriguez,MF,0,0,338
551,5,Jeremy Doku,FW,0,0,341
586,3,Jordan Bos,DF,0,0,343
1124,8,Steven Moreira,DF,0,0,346
227,28,Cesar Montes,DF,0,0,349
297,9,Derek Cornelius,DF,0,0,351
1021,18,Reece James,DF,0,0,352
925,6,Nikola Katic,DF,0,0,353
405,32,Fredrik Aursnes,MF,0,0,355
408,42,Gabriel Gudmundsson,DF,0,0,356
1078,11,Samuel Moutoussamy,MF,0,0,360
406,30,Frenkie De Jong,MF,0,0,360
921,4,Nicolas Seiwald,MF,0,0,361
951,34,Omar Alderete,DF,0,0,363
65,32,Alexander Sorloth,FW,0,0,363
952,17,Omar Marmoush,FW,0,0,369
1120,4,Stefan Posch,DF,0,0,370
308,18,Djed Spence,DF,0,0,373
896,5,Nathan Ngoy,DF,0,0,376
998,16,Piero Hincapie,DF,0,0,376
578,18,John Stones,DF,0,0,380
145,40,Aubrey Modiba,DF,0,0,381
486,1,Ibrahim Maza,MF,0,0,389
1182,42,Victor Lindelof,DF,0,0,390
291,43,Denis Zakaria,MF,0,0,392
1172,46,Tyler Adams,MF,0,0,397
128,46,Antonee Robinson,DF,0,0,399
3,11,Aaron Wan Bissaka,DF,0,0,399
362,6,Ermedin Demirovic,FW,0,0,399
444,42,Gustaf Lagerbielke,DF,0,0,400
1132,9,Tajon Buchanan,FW,0,0,401
812,40,Mbekezeli Mbokazi,DF,0,0,402
664,40,Khuliso Mudau,DF,0,0,402
496,40,Ime Okon,DF,0,0,402
1048,40,Ronwen Williams,GK,0,0,402
922,2,Nicolas Tagliafico,DF,0,0,403
1009,1,Ramy Bensebaini,DF,0,0,403
378,1,Fares Chaibi,MF,0,0,403
38,1,Aissa Mandi,DF,0,0,403
1188,35,Vitinha,MF,0,0,404
472,25,Hiroki Ito,DF,0,0,405
1240,25,Zion Suzuki,GK,0,0,405
35,3,Aiden Oneill,MF,0,0,406
869,16,Moises Caicedo,MF,0,0,407
470,16,Hernan Galindez,GK,0,0,407
1201,16,Willian Pacho,DF,0,0,407
1207,12,Yahia Fofana,GK,0,0,408
713,11,Lionel Mpasi,GK,0,0,409
152,11,Axel Tuanzebe,DF,0,0,409
866,17,Mohanad Lashin,MF,0,0,409
491,39,Idrissa Gana Gueye,MF,0,0,411
927,6,Nikola Vasilj,GK,0,0,411
64,4,Alexander Schlager,GK,0,0,412
575,28,Johan Vasquez,DF,0,0,412
313,13,Dominik Livakovic,GK,0,0,413
608,13,Josip Sutalo,DF,0,0,413
423,21,Gideon Mensah,DF,0,0,414
127,21,Antoine Semenyo,MF,0,0,414
1052,35,Ruben Dias,DF,0,0,418
584,20,Jonathan Tah,DF,0,0,419
1155,46,Tim Ream,DF,0,0,419
240,46,Chris Richards,DF,0,0,419
800,46,Matt Freese,GK,0,0,419
719,9,Luc De Fougerolles,DF,0,0,421
162,29,Ayyoub Bouaddi,MF,0,0,425
752,19,Manu Kone,MF,0,0,426
1010,17,Ramy Rabia,DF,0,0,431
555,28,Jesus Gallardo,DF,0,0,431
173,30,Bart Verbruggen,GK,0,0,432
976,3,Patrick Beach,GK,0,0,435
50,3,Alessandro Circati,DF,0,0,438
462,3,Harry Souttar,DF,0,0,438
574,10,Johan Mojica,DF,0,0,442
754,20,Manuel Neuer,GK,0,0,442
305,8,Diney Borges,DF,0,0,445
1191,8,Vozinha,GK,0,0,445
997,8,Pico Lopes,DF,0,0,445
627,34,Junior Alonso,DF,0,0,456
546,10,Jefferson Lerma,MF,0,0,459
679,39,Krepin Diatta,DF,0,0,459
723,19,Lucas Digne,DF,0,0,459
695,2,Leandro Paredes,MF,0,0,466
269,7,Danilo,DF,0,0,471
1030,9,Richie Laryea,DF,0,0,475
614,34,Juan Jose Caceres,DF,0,0,488
987,41,Pedri,MF,0,0,490
809,5,Maxim De Cuyper,DF,0,0,492
1014,28,Raul Rangel,GK,0,0,494
184,29,Bilal El Khannouss,MF,0,0,501
1166,32,Torbjorn Heggem,DF,0,0,503
1195,46,Weston Mckennie,MF,0,0,504
317,7,Douglas Santos,DF,0,0,505
810,9,Maxime Crepeau,GK,0,0,511
89,9,Alistair Johnston,DF,0,0,511
892,2,Nahuel Molina,DF,0,0,513
1024,35,Renato Veiga,DF,0,0,518
306,35,Diogo Costa,GK,0,0,518
777,7,Marquinhos,DF,0,0,520
88,7,Alisson,GK,0,0,520
912,18,Nico Oreilly,DF,0,0,523
1200,19,William Saliba,DF,0,0,533
558,10,Jhon Lucumi,DF,0,0,538
282,10,Davinson Sanchez,DF,0,0,541
212,10,Camilo Vargas,GK,0,0,541
939,29,Noussair Mazraoui,DF,0,0,542
877,17,Mostafa Shoubir,GK,0,0,546
111,34,Andres Cubas,MF,0,0,554
957,34,Orlando Gill,GK,0,0,554
447,34,Gustavo Gomez,DF,0,0,554
682,32,Kristoffer Ajer,DF,0,0,554
1080,32,Sander Berge,MF,0,0,554
955,32,Orjan Nyland,GK,0,0,554
1150,5,Thibaut Courtois,GK,0,0,625
903,29,Neil El Aynaoui,MF,0,0,634
370,18,Ezri Konsa,DF,0,0,637
1216,29,Yassine Bounou,GK,0,0,650
193,5,Brandon Mechele,DF,0,0,651
1023,43,Remo Freuler,MF,0,0,654
621,19,Jules Kounde,DF,0,0,659
758,18,Marc Guehi,DF,0,0,664
753,43,Manuel Akanji,DF,0,0,673
439,43,Gregor Kobel,GK,0,0,673
910,43,Nico Elvedi,DF,0,0,673
284,19,Dayot Upamecano,DF,0,0,687
833,19,Mike Maignan,GK,0,0,707
1039,41,Rodri,MF,0,0,708
981,41,Pau Cubarsi,DF,0,0,717
1179,41,Unai Simon,GK,0,0,717
588,18,Jordan Pickford,GK,0,0,756
348,2,Emiliano Martinez,GK,0,0,794
